EXPEDIENTE,NRO_EXPEDIENTE,AÑO_EXPEDIENTE,DESCRIPCION_VARIABLE,DESCRIPCION_VARIABLE_DESTINO,ACTO_PROCESAL,FECHA_REGISTRO,PROCESO,MATERIA,SUB ESPECIALIDAD,MES,JUZGADO
01012-2025-0-2301-JR-CI-04,1012,2025,PENDIENTE EN TRÁMITE,TOTAL PENDIENTES AL MES ANTERIOR,AUTO ADMISORIO,05/09/2025 15:05,ORDINARIO,ACCION CONTENCIOSA ADMINISTRATIVA,Contencioso Administrativo,12,2do Juzgado de Trabajo
00420-2013-0-2301-JR-LA-02,420,2013,PENDIENTE EN TRÁMITE,TOTAL PENDIENTES AL MES ANTERIOR,CONTINUA EN TRAMITE (1RA INSTANCIA) (INV.202401),10/01/2021 11:10,CONTENCIOSO ADMINISTRATIVO,ACCION CONTENCIOSA ADMINISTRATIVA,Contencioso Administrativo,12,2do Juzgado de Trabajo
01689-2018-0-2301-JR-LA-02,1689,2018,PENDIENTE EN TRÁMITE,TOTAL PENDIENTES AL MES ANTERIOR,RECEPCION  EN DEPENDENCIA POR APELACION - DEVOLUCION,20/10/2025 11:34,CONTENCIOSO ADMINISTRATIVO,ACCION CONTENCIOSA ADMINISTRATIVA,Contencioso Administrativo,12,2do Juzgado de Trabajo
01599-2019-0-2301-JR-LA-02,1599,2019,PENDIENTE EN TRÁMITE,TOTAL PENDIENTES AL MES ANTERIOR,CONTINUA EN TRAMITE (1RA INSTANCIA) (INV.202401),12/01/2021 12:38,CONTENCIOSO ADMINISTRATIVO,ACCION CONTENCIOSA ADMINISTRATIVA,Contencioso Administrativo,12,2do Juzgado de Trabajo
00316-2018-0-2301-JR-LA-02,316,2018,PENDIENTE EN TRÁMITE,TOTAL PENDIENTES AL MES ANTERIOR,RECEPCION  EN DEPENDENCIA POR APELACION - DEVOLUCION,10/09/2025 16:02,ESPECIAL,ACCION CONTENCIOSA ADMINISTRATIVA,Contencioso Administrativo,12,2do Juzgado de Trabajo
01311-2025-0-2301-JR-CI-03,1311,2025,PENDIENTE EN TRÁMITE,TOTAL PENDIENTES AL MES ANTERIOR,AUTO ADMISORIO,25/09/2025 16:45,ORDINARIO,ACCION CONTENCIOSA ADMINISTRATIVA,Contencioso Administrativo,12,2do Juzgado de Trabajo
01779-2025-0-2301-JR-CI-03,1779,2025,PENDIENTE EN TRÁMITE,TOTAL PENDIENTES AL MES ANTERIOR,AUTO ADMISORIO,19/11/2025 22:54,ORDINARIO,ACCION CONTENCIOSA ADMINISTRATIVA,Contencioso Administrativo,12,2do Juzgado de Trabajo
00103-2016-0-2301-JR-LA-02,103,2016,PENDIENTE EN TRÁMITE,TOTAL PENDIENTES AL MES ANTERIOR,RECEPCION  EN DEPENDENCIA POR APELACION - DEVOLUCION,23/05/2025 12:04,ESPECIAL,ACCION CONTENCIOSA ADMINISTRATIVA,Contencioso Administrativo,12,2do Juzgado de Trabajo
00398-2021-0-2301-JR-LA-01,398,2021,PENDIENTE EN TRÁMITE,TOTAL PENDIENTES AL MES ANTERIOR,CONTINUA EN TRAMITE (1RA INSTANCIA) (INV.202401),17/07/2024 15:25,CONTENCIOSO ADMINISTRATIVO,ACCION CONTENCIOSA ADMINISTRATIVA,Contencioso Administrativo,12,2do Juzgado de Trabajo
01517-2018-0-2301-JR-LA-02,1517,2018,PENDIENTE EN TRÁMITE,TOTAL PENDIENTES AL MES ANTERIOR,RECEPCION  EN DEPENDENCIA POR APELACION - DEVOLUCION,11/04/2025 17:44,ESPECIAL,ACCION CONTENCIOSA ADMINISTRATIVA,Contencioso Administrativo,12,2do Juzgado de Trabajo
00617-2017-0-2301-JR-LA-02,617,2017,PENDIENTE EN TRÁMITE,TOTAL PENDIENTES AL MES ANTERIOR,CONTINUA EN TRAMITE (1RA INSTANCIA) (INV.202401),28/12/2018 09:20,ESPECIAL,ACCION CONTENCIOSA ADMINISTRATIVA,Contencioso Administrativo,12,2do Juzgado de Trabajo
00937-2019-0-2301-JR-LA-02,937,2019,PENDIENTE EN TRÁMITE,TOTAL PENDIENTES AL MES ANTERIOR,RECEPCION  EN DEPENDENCIA POR APELACION - DEVOLUCION,02/07/2025 16:42,CONTENCIOSO ADMINISTRATIVO,ACCION CONTENCIOSA ADMINISTRATIVA,Contencioso Administrativo,12,2do Juzgado de Trabajo
00911-2019-0-2301-JR-LA-02,911,2019,PENDIENTE EN TRÁMITE,TOTAL PENDIENTES AL MES ANTERIOR,CONTINUA EN TRAMITE (1RA INSTANCIA) (INV.202401),12/07/2024 12:12,ORDINARIO,ACCION CONTENCIOSA ADMINISTRATIVA,Contencioso Administrativo,12,2do Juzgado de Trabajo
01000-2018-0-2301-JR-LA-02,1000,2018,PENDIENTE EN TRÁMITE,TOTAL PENDIENTES AL MES ANTERIOR,CONTINUA EN TRAMITE (1RA INSTANCIA) (INV.202401),15/11/2024 17:10,ESPECIAL,ACCION CONTENCIOSA ADMINISTRATIVA,Contencioso Administrativo,12,2do Juzgado de Trabajo
00295-2018-0-2301-JR-LA-02,295,2018,PENDIENTE EN TRÁMITE,TOTAL PENDIENTES AL MES ANTERIOR,CONTINUA EN TRAMITE (1RA INSTANCIA) (INV.202401),26/09/2018 11:42,ESPECIAL,ACCION CONTENCIOSA ADMINISTRATIVA,Contencioso Administrativo,12,2do Juzgado de Trabajo
00059-2019-0-2301-JR-LA-02,59,2019,PENDIENTE EN TRÁMITE,TOTAL PENDIENTES AL MES ANTERIOR,CONTINUA EN TRAMITE (1RA INSTANCIA) (INV.202401),28/06/2023 12:43,ESPECIAL,ACCION CONTENCIOSA ADMINISTRATIVA,Contencioso Administrativo,12,2do Juzgado de Trabajo
02165-2019-0-2301-JR-LA-02,2165,2019,PENDIENTE EN TRÁMITE,TOTAL PENDIENTES AL MES ANTERIOR,RECEPCION  EN DEPENDENCIA POR APELACION - DEVOLUCION,22/04/2025 16:46,CONTENCIOSO ADMINISTRATIVO,ACCION CONTENCIOSA ADMINISTRATIVA,Contencioso Administrativo,12,2do Juzgado de Trabajo
02123-2015-0-2301-JR-LA-02,2123,2015,PENDIENTE EN TRÁMITE,TOTAL PENDIENTES AL MES ANTERIOR,CONTINUA EN TRAMITE (1RA INSTANCIA) (INV.202401),13/01/2021 09:39,CONTENCIOSO ADMINISTRATIVO,ACCION CONTENCIOSA ADMINISTRATIVA,Contencioso Administrativo,12,2do Juzgado de Trabajo
00753-2019-0-2301-JR-LA-02,753,2019,PENDIENTE EN TRÁMITE,TOTAL PENDIENTES AL MES ANTERIOR,CONTINUA EN TRAMITE (1RA INSTANCIA) (INV.202401),07/01/2021 16:24,CONTENCIOSO ADMINISTRATIVO,ACCION CONTENCIOSA ADMINISTRATIVA,Contencioso Administrativo,12,2do Juzgado de Trabajo
00640-2020-0-2301-JR-CI-02,640,2020,PENDIENTE EN TRÁMITE,TOTAL PENDIENTES AL MES ANTERIOR,RECEPCION  EN DEPENDENCIA POR APELACION - DEVOLUCION,03/03/2025 11:19,CONTENCIOSO ADMINISTRATIVO,ACCION CONTENCIOSA ADMINISTRATIVA,Contencioso Administrativo,12,2do Juzgado de Trabajo
00723-2024-0-2301-JR-LA-03,723,2024,PENDIENTE EN TRÁMITE,TOTAL PENDIENTES AL MES ANTERIOR,CONTINUA EN TRAMITE (1RA INSTANCIA) (INV.202401),04/12/2024 14:31,ORDINARIO,ACCION CONTENCIOSA ADMINISTRATIVA,Contencioso Administrativo,12,2do Juzgado de Trabajo
01569-2017-0-2301-JR-LA-02,1569,2017,PENDIENTE EN TRÁMITE,TOTAL PENDIENTES AL MES ANTERIOR,RECEPCION  EN DEPENDENCIA POR APELACION - DEVOLUCION,24/10/2025 10:27,CONTENCIOSO ADMINISTRATIVO,ACCION CONTENCIOSA ADMINISTRATIVA,Contencioso Administrativo,12,2do Juzgado de Trabajo
01055-2018-0-2301-JR-LA-02,1055,2018,PENDIENTE EN TRÁMITE,TOTAL PENDIENTES AL MES ANTERIOR,CONTINUA EN TRAMITE (POR SENTENCIAR) (INV.202401),16/01/2023 17:54,ESPECIAL,ACCION CONTENCIOSA ADMINISTRATIVA,Contencioso Administrativo,12,2do Juzgado de Trabajo
00514-2021-0-2301-JR-LA-02,514,2021,PENDIENTE EN TRÁMITE,TOTAL PENDIENTES AL MES ANTERIOR,CONTINUA EN TRAMITE (POR SENTENCIAR) (INV.202401),13/07/2023 08:06,ESPECIAL,ACCION CONTENCIOSA ADMINISTRATIVA,Contencioso Administrativo,12,2do Juzgado de Trabajo
01706-2023-0-2301-JR-LA-02,1706,2023,PENDIENTE EN TRÁMITE,TOTAL PENDIENTES AL MES ANTERIOR,CONTINUA EN TRAMITE (POR SENTENCIAR) (INV.202401),20/06/2024 16:33,ORDINARIO,ACCION CONTENCIOSA ADMINISTRATIVA,Contencioso Administrativo,12,2do Juzgado de Trabajo
01551-2023-0-2301-JR-LA-02,1551,2023,PENDIENTE EN TRÁMITE,TOTAL PENDIENTES AL MES ANTERIOR,CONTINUA EN TRAMITE (POR SENTENCIAR) (INV.202401),18/10/2023 17:48,ORDINARIO,ACCION CONTENCIOSA ADMINISTRATIVA,Contencioso Administrativo,12,2do Juzgado de Trabajo
00883-2023-0-2301-JR-LA-02,883,2023,PENDIENTE EN TRÁMITE,TOTAL PENDIENTES AL MES ANTERIOR,CONTINUA EN TRAMITE (POR SENTENCIAR) (INV.202401),13/07/2023 13:30,ORDINARIO,ACCION CONTENCIOSA ADMINISTRATIVA,Contencioso Administrativo,12,2do Juzgado de Trabajo
02025-2015-0-2301-JR-CI-03,2025,2015,PENDIENTE EN TRÁMITE,TOTAL PENDIENTES AL MES ANTERIOR,CONTINUA EN TRAMITE (POR SENTENCIAR) (INV.202401),12/11/2024 09:49,CONTENCIOSO ADMINISTRATIVO,ACCION CONTENCIOSA ADMINISTRATIVA,Contencioso Administrativo,12,2do Juzgado de Trabajo
01122-2024-0-2301-JR-LA-01,1122,2024,PENDIENTE EN TRÁMITE,TOTAL PENDIENTES AL MES ANTERIOR,CONTINUA EN TRAMITE (POR SENTENCIAR) (INV.202401),06/11/2024 07:58,ORDINARIO,ACCION CONTENCIOSA ADMINISTRATIVA,Contencioso Administrativo,12,2do Juzgado de Trabajo
01685-2015-0-2301-JR-LA-01,1685,2015,PENDIENTE EN TRÁMITE,TOTAL PENDIENTES AL MES ANTERIOR,CONTINUA EN TRAMITE (POR SENTENCIAR) (INV.202401),29/10/2024 16:10,ESPECIAL,ACCION CONTENCIOSA ADMINISTRATIVA,Contencioso Administrativo,12,2do Juzgado de Trabajo
00988-2023-0-2301-JR-LA-02,988,2023,PENDIENTE EN TRÁMITE,TOTAL PENDIENTES AL MES ANTERIOR,CONTINUA EN TRAMITE (POR SENTENCIAR) (INV.202401),07/09/2023 13:19,ORDINARIO,ACCION CONTENCIOSA ADMINISTRATIVA,Contencioso Administrativo,12,2do Juzgado de Trabajo
00468-2023-0-2301-JR-LA-02,468,2023,PENDIENTE EN TRÁMITE,TOTAL PENDIENTES AL MES ANTERIOR,CONTINUA EN TRAMITE (POR SENTENCIAR) (INV.202401),16/05/2024 12:30,CONTENCIOSO ADMINISTRATIVO,ACCION CONTENCIOSA ADMINISTRATIVA,Contencioso Administrativo,12,2do Juzgado de Trabajo
00746-2024-0-2301-JR-LA-02,746,2024,PENDIENTE EN TRÁMITE,TOTAL PENDIENTES AL MES ANTERIOR,CONTINUA EN TRAMITE (POR SENTENCIAR) (INV.202401),04/07/2024 11:41,ORDINARIO,ACCION CONTENCIOSA ADMINISTRATIVA,Contencioso Administrativo,12,2do Juzgado de Trabajo
01009-2021-0-2301-JR-LA-01,1009,2021,PENDIENTE EN TRÁMITE,TOTAL PENDIENTES AL MES ANTERIOR,CONTINUA EN TRAMITE (POR SENTENCIAR) (INV.202401),20/12/2024 15:38,ESPECIAL,ACCION CONTENCIOSA ADMINISTRATIVA,Contencioso Administrativo,12,2do Juzgado de Trabajo
00686-2023-0-2301-JR-LA-02,686,2023,PENDIENTE EN TRÁMITE,TOTAL PENDIENTES AL MES ANTERIOR,CONTINUA EN TRAMITE (POR SENTENCIAR) (INV.202401),16/06/2023 14:10,ORDINARIO,ACCION CONTENCIOSA ADMINISTRATIVA,Contencioso Administrativo,12,2do Juzgado de Trabajo
00922-2023-0-2301-JR-LA-02,922,2023,PENDIENTE EN TRÁMITE,TOTAL PENDIENTES AL MES ANTERIOR,CONTINUA EN TRAMITE (POR SENTENCIAR) (INV.202401),03/08/2023 17:11,ORDINARIO,ACCION CONTENCIOSA ADMINISTRATIVA,Contencioso Administrativo,12,2do Juzgado de Trabajo
00581-2019-0-2301-JR-LA-02,581,2019,PENDIENTE EN TRÁMITE,TOTAL PENDIENTES AL MES ANTERIOR,CONTINUA EN TRAMITE (POR SENTENCIAR) (INV.202401),14/03/2023 20:04,CONTENCIOSO ADMINISTRATIVO,ACCION CONTENCIOSA ADMINISTRATIVA,Contencioso Administrativo,12,2do Juzgado de Trabajo
00885-2023-0-2301-JR-LA-01,885,2023,PENDIENTE EN TRÁMITE,TOTAL PENDIENTES AL MES ANTERIOR,CONTINUA EN TRAMITE (POR SENTENCIAR) (INV.202401),03/08/2023 17:10,ORDINARIO,ACCION CONTENCIOSA ADMINISTRATIVA,Contencioso Administrativo,12,2do Juzgado de Trabajo
01180-2024-0-2301-JR-LA-02,1180,2024,PENDIENTE EN TRÁMITE,TOTAL PENDIENTES AL MES ANTERIOR,CONTINUA EN TRAMITE (POR SENTENCIAR) (INV.202401),13/09/2024 08:27,ORDINARIO,ACCION CONTENCIOSA ADMINISTRATIVA,Contencioso Administrativo,12,2do Juzgado de Trabajo
00926-2021-0-2301-JR-LA-03,926,2021,PENDIENTE EN TRÁMITE,TOTAL PENDIENTES AL MES ANTERIOR,CONTINUA EN TRAMITE (POR SENTENCIAR) (INV.202401),10/03/2023 09:59,CONTENCIOSO ADMINISTRATIVO,ACCION CONTENCIOSA ADMINISTRATIVA,Contencioso Administrativo,12,2do Juzgado de Trabajo
00769-2020-0-2301-JR-CI-01,769,2020,PENDIENTE EN TRÁMITE,TOTAL PENDIENTES AL MES ANTERIOR,CONTINUA EN TRAMITE (POR SENTENCIAR) (INV.202401),02/09/2022 08:12,CONTENCIOSO ADMINISTRATIVO,ACCION CONTENCIOSA ADMINISTRATIVA,Contencioso Administrativo,12,2do Juzgado de Trabajo
02090-2023-0-2301-JR-LA-02,2090,2023,PENDIENTE EN TRÁMITE,TOTAL PENDIENTES AL MES ANTERIOR,CONTINUA EN TRAMITE (POR SENTENCIAR) (INV.202401),18/09/2024 16:57,ORDINARIO,ACCION CONTENCIOSA ADMINISTRATIVA,Contencioso Administrativo,12,2do Juzgado de Trabajo
02002-2023-0-2301-JR-LA-03,2002,2023,PENDIENTE EN TRÁMITE,TOTAL PENDIENTES AL MES ANTERIOR,CONTINUA EN TRAMITE (POR SENTENCIAR) (INV.202401),11/01/2024 09:17,ORDINARIO,ACCION CONTENCIOSA ADMINISTRATIVA,Contencioso Administrativo,12,2do Juzgado de Trabajo
01734-2023-0-2301-JR-LA-02,1734,2023,PENDIENTE EN TRÁMITE,TOTAL PENDIENTES AL MES ANTERIOR,CONTINUA EN TRAMITE (POR SENTENCIAR) (INV.202401),16/01/2024 15:34,ORDINARIO,ACCION CONTENCIOSA ADMINISTRATIVA,Contencioso Administrativo,12,2do Juzgado de Trabajo
01941-2023-0-2301-JR-LA-02,1941,2023,PENDIENTE EN TRÁMITE,TOTAL PENDIENTES AL MES ANTERIOR,CONTINUA EN TRAMITE (POR SENTENCIAR) (INV.202401),28/12/2023 12:09,ORDINARIO,ACCION CONTENCIOSA ADMINISTRATIVA,Contencioso Administrativo,12,2do Juzgado de Trabajo
01430-2023-0-2301-JR-LA-02,1430,2023,PENDIENTE EN TRÁMITE,TOTAL PENDIENTES AL MES ANTERIOR,CONTINUA EN TRAMITE (POR SENTENCIAR) (INV.202401),12/06/2024 14:40,ORDINARIO,ACCION CONTENCIOSA ADMINISTRATIVA,Contencioso Administrativo,12,2do Juzgado de Trabajo
01562-2023-0-2301-JR-LA-02,1562,2023,PENDIENTE EN TRÁMITE,TOTAL PENDIENTES AL MES ANTERIOR,CONTINUA EN TRAMITE (POR SENTENCIAR) (INV.202401),03/05/2024 15:43,ORDINARIO,ACCION CONTENCIOSA ADMINISTRATIVA,Contencioso Administrativo,12,2do Juzgado de Trabajo
00977-2021-0-2301-JR-LA-02,977,2021,PENDIENTE EN TRÁMITE,TOTAL PENDIENTES AL MES ANTERIOR,CONTINUA EN TRAMITE (POR SENTENCIAR) (INV.202401),09/05/2023 13:11,ESPECIAL,ACCION CONTENCIOSA ADMINISTRATIVA,Contencioso Administrativo,12,2do Juzgado de Trabajo
00344-2021-0-2301-JR-LA-03,344,2021,PENDIENTE EN TRÁMITE,TOTAL PENDIENTES AL MES ANTERIOR,CONTINUA EN TRAMITE (POR SENTENCIAR) (INV.202401),16/02/2022 17:42,CONTENCIOSO ADMINISTRATIVO,ACCION CONTENCIOSA ADMINISTRATIVA,Contencioso Administrativo,12,2do Juzgado de Trabajo
02130-2023-0-2301-JR-LA-02,2130,2023,PENDIENTE EN TRÁMITE,TOTAL PENDIENTES AL MES ANTERIOR,CONTINUA EN TRAMITE (POR SENTENCIAR) (INV.202401),12/01/2024 16:46,ORDINARIO,ACCION CONTENCIOSA ADMINISTRATIVA,Contencioso Administrativo,12,2do Juzgado de Trabajo
01651-2023-0-2301-JR-CI-02,1651,2023,PENDIENTE EN TRÁMITE,TOTAL PENDIENTES AL MES ANTERIOR,CONTINUA EN TRAMITE (POR SENTENCIAR) (INV.202401),12/01/2024 10:59,CONTENCIOSO ADMINISTRATIVO,ACCION CONTENCIOSA ADMINISTRATIVA,Contencioso Administrativo,12,2do Juzgado de Trabajo
00966-2023-0-2301-JR-LA-02,966,2023,PENDIENTE EN TRÁMITE,TOTAL PENDIENTES AL MES ANTERIOR,CONTINUA EN TRAMITE (POR SENTENCIAR) (INV.202401),03/08/2023 17:12,ORDINARIO,ACCION CONTENCIOSA ADMINISTRATIVA,Contencioso Administrativo,12,2do Juzgado de Trabajo
00850-2022-0-2301-JR-LA-02,850,2022,PENDIENTE EN TRÁMITE,TOTAL PENDIENTES AL MES ANTERIOR,CONTINUA EN TRAMITE (POR SENTENCIAR) (INV.202401),14/11/2024 15:45,CONTENCIOSO ADMINISTRATIVO,ACCION CONTENCIOSA ADMINISTRATIVA,Contencioso Administrativo,12,2do Juzgado de Trabajo
00653-2021-0-2301-JR-LA-01,653,2021,PENDIENTE EN TRÁMITE,TOTAL PENDIENTES AL MES ANTERIOR,CONTINUA EN TRAMITE (POR SENTENCIAR) (INV.202401),30/01/2023 07:55,ESPECIAL,ACCION CONTENCIOSA ADMINISTRATIVA,Contencioso Administrativo,12,2do Juzgado de Trabajo
00136-2016-0-2301-JR-LA-02,136,2016,PENDIENTE EN TRÁMITE,TOTAL PENDIENTES AL MES ANTERIOR,CONTINUA EN TRAMITE (POR SENTENCIAR) (INV.202401),16/01/2023 17:05,CONTENCIOSO ADMINISTRATIVO,ACCION CONTENCIOSA ADMINISTRATIVA,Contencioso Administrativo,12,2do Juzgado de Trabajo
00442-2021-0-2301-JR-LA-01,442,2021,PENDIENTE EN TRÁMITE,TOTAL PENDIENTES AL MES ANTERIOR,CONTINUA EN TRAMITE (POR SENTENCIAR) (INV.202401),19/03/2024 09:20,ESPECIAL,ACCION CONTENCIOSA ADMINISTRATIVA,Contencioso Administrativo,12,2do Juzgado de Trabajo
00674-2019-0-2301-JR-LA-02,674,2019,PENDIENTE EN TRÁMITE,TOTAL PENDIENTES AL MES ANTERIOR,CONTINUA EN TRAMITE (POR SENTENCIAR) (INV.202401),11/01/2021 15:14,CONTENCIOSO ADMINISTRATIVO,ACCION CONTENCIOSA ADMINISTRATIVA,Contencioso Administrativo,12,2do Juzgado de Trabajo
00440-2024-0-2301-JR-LA-01,440,2024,PENDIENTE EN TRÁMITE,TOTAL PENDIENTES AL MES ANTERIOR,CONTINUA EN TRAMITE (POR SENTENCIAR) (INV.202401),03/06/2024 10:22,ORDINARIO,ACCION CONTENCIOSA ADMINISTRATIVA,Contencioso Administrativo,12,2do Juzgado de Trabajo
00759-2024-0-2301-JR-LA-03,759,2024,PENDIENTE EN TRÁMITE,TOTAL PENDIENTES AL MES ANTERIOR,CONTINUA EN TRAMITE (POR SENTENCIAR) (INV.202401),15/10/2024 11:39,ORDINARIO,ACCION CONTENCIOSA ADMINISTRATIVA,Contencioso Administrativo,12,2do Juzgado de Trabajo
02569-2024-0-2301-JR-CI-02,2569,2024,PENDIENTE EN TRÁMITE,TOTAL PENDIENTES AL MES ANTERIOR,AUTO DE SANEAMIENTO QUE NO CONCLUYE EL PROCESO,29/04/2025 11:49,ORDINARIO,ACCION CONTENCIOSA ADMINISTRATIVA,Contencioso Administrativo,12,2do Juzgado de Trabajo
02175-2023-0-2301-JR-LA-02,2175,2023,PENDIENTE EN TRÁMITE,TOTAL PENDIENTES AL MES ANTERIOR,CONTINUA EN TRAMITE (POR SENTENCIAR) (INV.202401),27/06/2024 15:58,ORDINARIO,ACCION CONTENCIOSA ADMINISTRATIVA,Contencioso Administrativo,12,2do Juzgado de Trabajo
00567-2019-0-2301-JR-LA-02,567,2019,PENDIENTE EN TRÁMITE,TOTAL PENDIENTES AL MES ANTERIOR,CONTINUA EN TRAMITE (POR SENTENCIAR) (INV.202401),17/11/2022 17:02,CONTENCIOSO ADMINISTRATIVO,ACCION CONTENCIOSA ADMINISTRATIVA,Contencioso Administrativo,12,2do Juzgado de Trabajo
00868-2023-0-2301-JR-LA-02,868,2023,PENDIENTE EN TRÁMITE,TOTAL PENDIENTES AL MES ANTERIOR,CONTINUA EN TRAMITE (POR SENTENCIAR) (INV.202401),03/08/2023 17:10,ORDINARIO,ACCION CONTENCIOSA ADMINISTRATIVA,Contencioso Administrativo,12,2do Juzgado de Trabajo
00889-2023-0-2301-JR-LA-02,889,2023,PENDIENTE EN TRÁMITE,TOTAL PENDIENTES AL MES ANTERIOR,CONTINUA EN TRAMITE (POR SENTENCIAR) (INV.202401),01/10/2024 11:05,ORDINARIO,ACCION CONTENCIOSA ADMINISTRATIVA,Contencioso Administrativo,12,2do Juzgado de Trabajo
01123-2010-0-2301-JR-LA-01,1123,2010,PENDIENTE EN TRÁMITE,TOTAL PENDIENTES AL MES ANTERIOR,CONTINUA EN TRAMITE (POR SENTENCIAR) (INV.202401),12/01/2024 09:06,CONTENCIOSO ADMINISTRATIVO,ACCION CONTENCIOSA ADMINISTRATIVA,Contencioso Administrativo,12,2do Juzgado de Trabajo
00005-2023-0-2301-JR-CI-02,5,2023,PENDIENTE EN TRÁMITE,TOTAL PENDIENTES AL MES ANTERIOR,CONTINUA EN TRAMITE (POR SENTENCIAR) (INV.202401),24/01/2024 14:22,CONTENCIOSO ADMINISTRATIVO,ACCION CONTENCIOSA ADMINISTRATIVA,Contencioso Administrativo,12,2do Juzgado de Trabajo
01748-2023-0-2301-JR-LA-02,1748,2023,PENDIENTE EN TRÁMITE,TOTAL PENDIENTES AL MES ANTERIOR,CONTINUA EN TRAMITE (POR SENTENCIAR) (INV.202401),22/12/2023 14:29,ORDINARIO,ACCION CONTENCIOSA ADMINISTRATIVA,Contencioso Administrativo,12,2do Juzgado de Trabajo
01946-2023-0-2301-JR-LA-02,1946,2023,PENDIENTE EN TRÁMITE,TOTAL PENDIENTES AL MES ANTERIOR,CONTINUA EN TRAMITE (POR SENTENCIAR) (INV.202401),11/01/2024 08:49,ORDINARIO,ACCION CONTENCIOSA ADMINISTRATIVA,Contencioso Administrativo,12,2do Juzgado de Trabajo
01587-2018-0-2301-JR-LA-02,1587,2018,PENDIENTE EN TRÁMITE,TOTAL PENDIENTES AL MES ANTERIOR,CONTINUA EN TRAMITE (POR SENTENCIAR) (INV.202401),24/04/2023 16:27,CONTENCIOSO ADMINISTRATIVO,ACCION CONTENCIOSA ADMINISTRATIVA,Contencioso Administrativo,12,2do Juzgado de Trabajo
01928-2023-0-2301-JR-LA-02,1928,2023,PENDIENTE EN TRÁMITE,TOTAL PENDIENTES AL MES ANTERIOR,CONTINUA EN TRAMITE (POR SENTENCIAR) (INV.202401),11/12/2023 08:15,ORDINARIO,ACCION CONTENCIOSA ADMINISTRATIVA,Contencioso Administrativo,12,2do Juzgado de Trabajo
00823-2016-0-2301-JR-LA-02,823,2016,PENDIENTE EN TRÁMITE,TOTAL PENDIENTES AL MES ANTERIOR,DECRETO PUESTO A DESPACHO PARA SENTENCIAR(ULTIMA SENTENCIA),16/04/2025 16:43,CONTENCIOSO ADMINISTRATIVO,ACCION CONTENCIOSA ADMINISTRATIVA,Contencioso Administrativo,12,2do Juzgado de Trabajo
00010-2017-0-2301-JR-LA-02,10,2017,PENDIENTE EN TRÁMITE,TOTAL PENDIENTES AL MES ANTERIOR,CONTINUA EN TRAMITE (POR SENTENCIAR) (INV.202401),21/09/2022 12:38,CONTENCIOSO ADMINISTRATIVO,ACCION CONTENCIOSA ADMINISTRATIVA,Contencioso Administrativo,12,2do Juzgado de Trabajo
00148-2021-0-2301-JR-LA-03,148,2021,PENDIENTE EN TRÁMITE,TOTAL PENDIENTES AL MES ANTERIOR,CONTINUA EN TRAMITE (POR SENTENCIAR) (INV.202401),09/03/2023 16:50,CONTENCIOSO ADMINISTRATIVO,ACCION CONTENCIOSA ADMINISTRATIVA,Contencioso Administrativo,12,2do Juzgado de Trabajo
02004-2018-0-2301-JR-CI-03,2004,2018,PENDIENTE EN TRÁMITE,TOTAL PENDIENTES AL MES ANTERIOR,CONTINUA EN TRAMITE (POR SENTENCIAR) (INV.202401),17/12/2024 07:41,CONTENCIOSO ADMINISTRATIVO,ACCION CONTENCIOSA ADMINISTRATIVA,Contencioso Administrativo,12,2do Juzgado de Trabajo
00411-2017-0-2301-JR-CI-01,411,2017,PENDIENTE EN TRÁMITE,TOTAL PENDIENTES AL MES ANTERIOR,CONTINUA EN TRAMITE (POR SENTENCIAR) (INV.202401),15/10/2024 11:41,CONTENCIOSO ADMINISTRATIVO,ACCION CONTENCIOSA ADMINISTRATIVA,Contencioso Administrativo,12,2do Juzgado de Trabajo
00680-2024-0-2301-JR-LA-02,680,2024,ANULADA A TRÁMITE / HABER NULIDAD,TOTAL INGRESOS A TRÁMITE,RECEPCION  EN DEPENDENCIA POR APELACION - DEVOLUCION,29/12/2025 15:31,ORDINARIO,ACCION CONTENCIOSA ADMINISTRATIVA,Contencioso Administrativo,12,2do Juzgado de Trabajo
00492-2024-0-2301-JR-LA-01,492,2024,ANULADA A TRÁMITE / HABER NULIDAD,TOTAL INGRESOS A TRÁMITE,RECEPCION  EN DEPENDENCIA POR APELACION - DEVOLUCION,29/12/2025 15:31,URGENTE,ACCION CONTENCIOSA ADMINISTRATIVA,Contencioso Administrativo,12,2do Juzgado de Trabajo
02135-2023-0-2301-JR-LA-02,2135,2023,ANULADA A TRÁMITE / HABER NULIDAD,TOTAL INGRESOS A TRÁMITE,RECEPCION  DE SENTENCIA DE VISTA QUE ANULA A TRAMITE,31/12/2025 11:33,ORDINARIO,ACCION CONTENCIOSA ADMINISTRATIVA,Contencioso Administrativo,12,2do Juzgado de Trabajo
02169-2017-0-2301-JR-CI-03,2169,2017,ANULADA A TRÁMITE / HABER NULIDAD,TOTAL INGRESOS A TRÁMITE,RECEPCION  EN DEPENDENCIA POR APELACION - DEVOLUCION,29/12/2025 16:55,CONTENCIOSO ADMINISTRATIVO,ACCION CONTENCIOSA ADMINISTRATIVA,Contencioso Administrativo,12,2do Juzgado de Trabajo
01196-2014-0-2301-JR-LA-02,1196,2014,ANULADA A TRÁMITE / HABER NULIDAD,TOTAL INGRESOS A TRÁMITE,RECEPCION  EN DEPENDENCIA POR APELACION - DEVOLUCION,29/12/2025 16:09,CONTENCIOSO ADMINISTRATIVO,ACCION CONTENCIOSA ADMINISTRATIVA,Contencioso Administrativo,12,2do Juzgado de Trabajo
00206-2023-0-2301-JR-LA-02,206,2023,PENDIENTE EN TRÁMITE,TOTAL PENDIENTES AL MES ANTERIOR,CONTINUA EN TRAMITE (1RA INSTANCIA) (INV.202401),04/12/2024 17:16,ORDINARIO,ACCION CONTENCIOSA ADMINISTRATIVA,Contencioso Administrativo,12,4to Juzgado de Trabajo
01637-2023-0-2301-JR-LA-02,1637,2023,PENDIENTE EN TRÁMITE,TOTAL PENDIENTES AL MES ANTERIOR,RECEPCION  EN DEPENDENCIA POR APELACION - DEVOLUCION,29/01/2025 17:39,URGENTE,ACCION CONTENCIOSA ADMINISTRATIVA,Contencioso Administrativo,12,4to Juzgado de Trabajo
01321-2022-0-2301-JR-LA-02,1321,2022,PENDIENTE EN TRÁMITE,TOTAL PENDIENTES AL MES ANTERIOR,RECEPCION  EN DEPENDENCIA POR APELACION - DEVOLUCION,20/08/2025 16:08,CONTENCIOSO ADMINISTRATIVO,ACCION CONTENCIOSA ADMINISTRATIVA,Contencioso Administrativo,12,4to Juzgado de Trabajo
00842-2022-0-2301-JR-LA-01,842,2022,PENDIENTE EN TRÁMITE,TOTAL PENDIENTES AL MES ANTERIOR,CONTINUA EN TRAMITE (1RA INSTANCIA) (INV.202401),18/12/2024 14:41,CONTENCIOSO ADMINISTRATIVO,ACCION CONTENCIOSA ADMINISTRATIVA,Contencioso Administrativo,12,4to Juzgado de Trabajo
00663-2023-0-2301-JR-LA-02,663,2023,PENDIENTE EN TRÁMITE,TOTAL PENDIENTES AL MES ANTERIOR,RECEPCION  EN DEPENDENCIA POR APELACION - DEVOLUCION,11/11/2025 12:53,ORDINARIO,ACCION CONTENCIOSA ADMINISTRATIVA,Contencioso Administrativo,12,4to Juzgado de Trabajo
01682-2023-0-2301-JR-LA-02,1682,2023,PENDIENTE EN TRÁMITE,TOTAL PENDIENTES AL MES ANTERIOR,RECEPCION  EN DEPENDENCIA POR APELACION - DEVOLUCION,15/07/2025 11:04,ORDINARIO,ACCION CONTENCIOSA ADMINISTRATIVA,Contencioso Administrativo,12,4to Juzgado de Trabajo
00637-2021-0-2301-JR-LA-03,637,2021,PENDIENTE EN TRÁMITE,TOTAL PENDIENTES AL MES ANTERIOR,CONTINUA EN TRAMITE (1RA INSTANCIA) (INV.202401),05/06/2024 09:50,CONTENCIOSO ADMINISTRATIVO,ACCION CONTENCIOSA ADMINISTRATIVA,Contencioso Administrativo,12,4to Juzgado de Trabajo
01248-2023-0-2301-JR-LA-02,1248,2023,PENDIENTE EN TRÁMITE,TOTAL PENDIENTES AL MES ANTERIOR,RECEPCION  EN DEPENDENCIA POR APELACION - DEVOLUCION,04/09/2025 17:46,ORDINARIO,ACCION CONTENCIOSA ADMINISTRATIVA,Contencioso Administrativo,12,4to Juzgado de Trabajo
00744-2022-0-2301-JR-LA-02,744,2022,PENDIENTE EN TRÁMITE,TOTAL PENDIENTES AL MES ANTERIOR,CONTINUA EN TRAMITE (1RA INSTANCIA) (INV.202401),21/06/2024 15:02,CONTENCIOSO ADMINISTRATIVO,ACCION CONTENCIOSA ADMINISTRATIVA,Contencioso Administrativo,12,4to Juzgado de Trabajo
00894-2023-0-2301-JR-CI-04,894,2023,PENDIENTE EN TRÁMITE,TOTAL PENDIENTES AL MES ANTERIOR,RECEPCION  EN DEPENDENCIA POR APELACION - DEVOLUCION,04/09/2025 17:48,ORDINARIO,ACCION CONTENCIOSA ADMINISTRATIVA,Contencioso Administrativo,12,4to Juzgado de Trabajo
01523-2024-0-2301-JR-LA-03,1523,2024,PENDIENTE EN TRÁMITE,TOTAL PENDIENTES AL MES ANTERIOR,RECEPCION  EN DEPENDENCIA POR APELACION - DEVOLUCION,29/10/2025 15:14,ORDINARIO,ACCION CONTENCIOSA ADMINISTRATIVA,Contencioso Administrativo,12,4to Juzgado de Trabajo
00731-2025-0-2301-JR-CI-04,731,2025,PENDIENTE EN TRÁMITE,TOTAL PENDIENTES AL MES ANTERIOR,AUTO DE SANEAMIENTO QUE NO CONCLUYE EL PROCESO,19/09/2025 16:55,CONTENCIOSO ADMINISTRATIVO,ACCION CONTENCIOSA ADMINISTRATIVA,Contencioso Administrativo,12,4to Juzgado de Trabajo
02114-2023-0-2301-JR-LA-02,2114,2023,ANULADA A TRÁMITE / HABER NULIDAD,TOTAL INGRESOS A TRÁMITE,RECEPCION  EN DEPENDENCIA POR APELACION - DEVOLUCION,29/12/2025 17:06,ORDINARIO,ACCION CONTENCIOSA ADMINISTRATIVA,Contencioso Administrativo,12,4to Juzgado de Trabajo
01568-2024-0-2301-JR-LA-01,1568,2024,ANULADA A TRÁMITE / HABER NULIDAD,TOTAL INGRESOS A TRÁMITE,RECEPCION  EN DEPENDENCIA POR APELACION - DEVOLUCION,29/12/2025 19:08,ORDINARIO,ACCION CONTENCIOSA ADMINISTRATIVA,Contencioso Administrativo,12,4to Juzgado de Trabajo
01773-2018-0-2301-JR-LA-03,1773,2018,PENDIENTE EN TRÁMITE,TOTAL PENDIENTES AL MES ANTERIOR,CONTINUA EN TRAMITE (POR SENTENCIAR) (INV.202401),10/08/2023 17:21,ORDINARIO,CESE DE ACTOS DE HOSTILIDAD DEL EMPLEADOR,Contencioso Administrativo,12,2do Juzgado de Trabajo
00212-2024-0-2301-JR-LA-02,212,2024,PENDIENTE EN TRÁMITE,TOTAL PENDIENTES AL MES ANTERIOR,CONTINUA EN TRAMITE (POR SENTENCIAR) (INV.202401),09/05/2024 08:50,URGENTE,CESE DE ACTUACION MATERIAL,Contencioso Administrativo,12,2do Juzgado de Trabajo
01036-2025-0-2301-JR-LA-02,1036,2025,PENDIENTE EN TRÁMITE,TOTAL PENDIENTES AL MES ANTERIOR,AUTO DE SANEAMIENTO QUE NO CONCLUYE EL PROCESO,18/08/2025 12:40,ORDINARIO,CESE DE ACTUACION MATERIAL,Contencioso Administrativo,12,2do Juzgado de Trabajo
00829-2018-0-2301-JR-LA-02,829,2018,PENDIENTE EN TRÁMITE,TOTAL PENDIENTES AL MES ANTERIOR,RECEPCION  EN DEPENDENCIA POR APELACION - DEVOLUCION,08/09/2025 14:51,ESPECIAL,IMPUGNACION DE ACTO O RESOLUCION ADMINISTRATIVA,Contencioso Administrativo,12,2do Juzgado de Trabajo
00079-2022-0-2301-JR-LA-02,79,2022,PENDIENTE EN TRÁMITE,TOTAL PENDIENTES AL MES ANTERIOR,CONTINUA EN TRAMITE (POR SENTENCIAR) (INV.202401),11/04/2022 07:59,ESPECIAL,IMPUGNACION DE ACTO O RESOLUCION ADMINISTRATIVA,Contencioso Administrativo,12,2do Juzgado de Trabajo
01022-2014-0-2301-JR-LA-02,1022,2014,PENDIENTE EN TRÁMITE,TOTAL PENDIENTES AL MES ANTERIOR,RECEPCION  EN DEPENDENCIA POR APELACION - DEVOLUCION,13/05/2025 14:53,ORDINARIO,IMPUGNACION DE DESPIDO,Contencioso Administrativo,12,2do Juzgado de Trabajo
00835-2024-0-2301-JR-LA-03,835,2024,PENDIENTE EN TRÁMITE,TOTAL PENDIENTES AL MES ANTERIOR,AUTO DE SANEAMIENTO QUE NO CONCLUYE EL PROCESO,29/08/2025 07:58,ORDINARIO,INDEMNIZACION POR DESPIDO ARBITRARIO Y OTROS,Contencioso Administrativo,12,2do Juzgado de Trabajo
01909-2017-0-2301-JR-LA-02,1909,2017,PENDIENTE EN TRÁMITE,TOTAL PENDIENTES AL MES ANTERIOR,RECEPCION  EN DEPENDENCIA POR APELACION - DEVOLUCION,15/05/2025 11:16,CONTENCIOSO ADMINISTRATIVO,NULIDAD DE RESOLUCION ADMINISTRATIVA,Contencioso Administrativo,12,2do Juzgado de Trabajo
01398-2025-0-2301-JR-CI-03,1398,2025,PENDIENTE EN TRÁMITE,TOTAL PENDIENTES AL MES ANTERIOR,AUTO ADMISORIO,19/11/2025 22:55,ORDINARIO,NULIDAD DE RESOLUCION ADMINISTRATIVA,Contencioso Administrativo,12,2do Juzgado de Trabajo
01888-2017-0-2301-JR-LA-02,1888,2017,PENDIENTE EN TRÁMITE,TOTAL PENDIENTES AL MES ANTERIOR,RECEPCION  EN DEPENDENCIA POR APELACION - DEVOLUCION,24/06/2025 11:05,ESPECIAL,NULIDAD DE RESOLUCION ADMINISTRATIVA,Contencioso Administrativo,12,2do Juzgado de Trabajo
01429-2025-0-2301-JR-CI-03,1429,2025,PENDIENTE EN TRÁMITE,TOTAL PENDIENTES AL MES ANTERIOR,AUTO ADMISORIO,19/11/2025 22:55,ORDINARIO,NULIDAD DE RESOLUCION ADMINISTRATIVA,Contencioso Administrativo,12,2do Juzgado de Trabajo
00455-2015-0-2301-JR-LA-02,455,2015,PENDIENTE EN TRÁMITE,TOTAL PENDIENTES AL MES ANTERIOR,CONTINUA EN TRAMITE (1RA INSTANCIA) (INV.202401),26/11/2024 08:54,CONTENCIOSO ADMINISTRATIVO,NULIDAD DE RESOLUCION ADMINISTRATIVA,Contencioso Administrativo,12,2do Juzgado de Trabajo
00153-2022-0-2301-JR-LA-02,153,2022,PENDIENTE EN TRÁMITE,TOTAL PENDIENTES AL MES ANTERIOR,RECEPCION  EN DEPENDENCIA POR APELACION - DEVOLUCION,24/09/2025 15:20,ESPECIAL,NULIDAD DE RESOLUCION ADMINISTRATIVA,Contencioso Administrativo,12,2do Juzgado de Trabajo
00630-2018-0-2301-JR-LA-02,630,2018,PENDIENTE EN TRÁMITE,TOTAL PENDIENTES AL MES ANTERIOR,RECEPCION  EN DEPENDENCIA POR APELACION - DEVOLUCION,15/05/2025 11:02,CONTENCIOSO ADMINISTRATIVO,NULIDAD DE RESOLUCION ADMINISTRATIVA,Contencioso Administrativo,12,2do Juzgado de Trabajo
01211-2018-0-2301-JR-LA-02,1211,2018,PENDIENTE EN TRÁMITE,TOTAL PENDIENTES AL MES ANTERIOR,RECEPCION  EN DEPENDENCIA POR APELACION - DEVOLUCION,24/04/2025 15:02,ESPECIAL,NULIDAD DE RESOLUCION ADMINISTRATIVA,Contencioso Administrativo,12,2do Juzgado de Trabajo
00485-2025-0-2301-JR-CI-02,485,2025,PENDIENTE EN TRÁMITE,TOTAL PENDIENTES AL MES ANTERIOR,AUTO DE SANEAMIENTO QUE NO CONCLUYE EL PROCESO,19/06/2025 16:35,CONTENCIOSO ADMINISTRATIVO,NULIDAD DE RESOLUCION ADMINISTRATIVA,Contencioso Administrativo,12,2do Juzgado de Trabajo
00198-2021-0-2301-JR-LA-02,198,2021,PENDIENTE EN TRÁMITE,TOTAL PENDIENTES AL MES ANTERIOR,CONTINUA EN TRAMITE (POR SENTENCIAR) (INV.202401),21/09/2021 16:23,CONTENCIOSO ADMINISTRATIVO,NULIDAD DE RESOLUCION ADMINISTRATIVA,Contencioso Administrativo,12,2do Juzgado de Trabajo
01864-2015-0-2301-JR-LA-02,1864,2015,PENDIENTE EN TRÁMITE,TOTAL PENDIENTES AL MES ANTERIOR,DECRETO PUESTO A DESPACHO PARA SENTENCIAR(ULTIMA SENTENCIA),26/06/2025 09:55,ESPECIAL,NULIDAD DE RESOLUCION ADMINISTRATIVA,Contencioso Administrativo,12,2do Juzgado de Trabajo
01100-2018-0-2301-JR-LA-02,1100,2018,PENDIENTE EN TRÁMITE,TOTAL PENDIENTES AL MES ANTERIOR,AUTO PUESTA LA CAUSA AL VOTO(DE SENTENCIA FINAL),07/05/2025 16:48,ESPECIAL,NULIDAD DE RESOLUCION ADMINISTRATIVA,Contencioso Administrativo,12,2do Juzgado de Trabajo
00885-2024-0-2301-JR-CI-02,885,2024,PENDIENTE EN TRÁMITE,TOTAL PENDIENTES AL MES ANTERIOR,DECRETO PUESTO A DESPACHO PARA SENTENCIAR(ULTIMA SENTENCIA),21/01/2025 08:43,CONTENCIOSO ADMINISTRATIVO,NULIDAD DE RESOLUCION ADMINISTRATIVA,Contencioso Administrativo,12,2do Juzgado de Trabajo
00988-2024-0-2301-JR-CI-02,988,2024,PENDIENTE EN TRÁMITE,TOTAL PENDIENTES AL MES ANTERIOR,CONTINUA EN TRAMITE (POR SENTENCIAR) (INV.202401),30/10/2024 15:03,ORDINARIO,NULIDAD DE RESOLUCION ADMINISTRATIVA,Contencioso Administrativo,12,2do Juzgado de Trabajo
01511-2018-0-2301-JR-LA-02,1511,2018,PENDIENTE EN TRÁMITE,TOTAL PENDIENTES AL MES ANTERIOR,CONTINUA EN TRAMITE (POR SENTENCIAR) (INV.202401),11/07/2023 08:35,CONTENCIOSO ADMINISTRATIVO,NULIDAD DE RESOLUCION ADMINISTRATIVA,Contencioso Administrativo,12,2do Juzgado de Trabajo
01235-2022-0-2301-JR-LA-02,1235,2022,PENDIENTE EN TRÁMITE,TOTAL PENDIENTES AL MES ANTERIOR,CONTINUA EN TRAMITE (POR SENTENCIAR) (INV.202401),15/03/2023 08:01,CONTENCIOSO ADMINISTRATIVO,NULIDAD DE RESOLUCION ADMINISTRATIVA,Contencioso Administrativo,12,2do Juzgado de Trabajo
01874-2022-0-2301-JR-LA-02,1874,2022,PENDIENTE EN TRÁMITE,TOTAL PENDIENTES AL MES ANTERIOR,CONTINUA EN TRAMITE (POR SENTENCIAR) (INV.202401),30/03/2023 08:29,CONTENCIOSO ADMINISTRATIVO,NULIDAD DE RESOLUCION ADMINISTRATIVA,Contencioso Administrativo,12,2do Juzgado de Trabajo
02041-2022-0-2301-JR-CI-02,2041,2022,PENDIENTE EN TRÁMITE,TOTAL PENDIENTES AL MES ANTERIOR,AUTO DE SANEAMIENTO QUE NO CONCLUYE EL PROCESO,07/11/2025 15:51,CONTENCIOSO ADMINISTRATIVO,NULIDAD DE RESOLUCION ADMINISTRATIVA,Contencioso Administrativo,12,4to Juzgado de Trabajo
00468-2025-0-2301-JR-CI-03,468,2025,PENDIENTE EN TRÁMITE,TOTAL PENDIENTES AL MES ANTERIOR,AUTO DE SANEAMIENTO QUE NO CONCLUYE EL PROCESO,21/08/2025 07:44,CONTENCIOSO ADMINISTRATIVO,NULIDAD DE RESOLUCION ADMINISTRATIVA,Contencioso Administrativo,12,4to Juzgado de Trabajo
01986-2019-0-2301-JR-LA-01,1986,2019,PENDIENTE EN TRÁMITE,TOTAL PENDIENTES AL MES ANTERIOR,AUTO DE SANEAMIENTO QUE NO CONCLUYE EL PROCESO,21/01/2025 16:43,CONTENCIOSO ADMINISTRATIVO,PAGO DE BENEFICIOS SOCIALES Y/O INDEMNIZACION U OTROS BENEFICIOS ECONOMICOS,Contencioso Administrativo,12,2do Juzgado de Trabajo
01060-2025-0-2301-JR-LA-01,1060,2025,PENDIENTE EN TRÁMITE,TOTAL PENDIENTES AL MES ANTERIOR,AUTO ADMISORIO,08/09/2025 08:21,ORDINARIO,PAGO DE BENEFICIOS SOCIALES Y/O INDEMNIZACION U OTROS BENEFICIOS ECONOMICOS,Contencioso Administrativo,12,4to Juzgado de Trabajo
00186-2009-0-2301-JR-LA-01,186,2009,PENDIENTE EN TRÁMITE,TOTAL PENDIENTES AL MES ANTERIOR,CONTINUA EN TRAMITE (1RA INSTANCIA) (INV.202401),18/07/2011 17:34,ESPECIAL,POR DEFINIR,Contencioso Administrativo,12,2do Juzgado de Trabajo
01059-2025-0-2301-JR-LA-03,1059,2025,PENDIENTE EN TRÁMITE,TOTAL PENDIENTES AL MES ANTERIOR,AUTO DE SANEAMIENTO QUE NO CONCLUYE EL PROCESO,08/09/2025 12:59,ORDINARIO,REPOSICION,Contencioso Administrativo,12,2do Juzgado de Trabajo
00940-2025-0-2301-JR-LA-03,940,2025,PENDIENTE EN TRÁMITE,TOTAL PENDIENTES AL MES ANTERIOR,AUTO DE SANEAMIENTO QUE NO CONCLUYE EL PROCESO,11/08/2025 11:04,ORDINARIO,REPOSICION,Contencioso Administrativo,12,2do Juzgado de Trabajo
00194-2023-0-2301-JR-LA-03,194,2023,PENDIENTE EN TRÁMITE,TOTAL PENDIENTES AL MES ANTERIOR,CONTINUA EN TRAMITE (POR SENTENCIAR) (INV.202401),18/04/2023 08:23,CONTENCIOSO ADMINISTRATIVO,REPOSICION,Contencioso Administrativo,12,2do Juzgado de Trabajo
01554-2024-0-2301-JR-LA-03,1554,2024,PENDIENTE EN TRÁMITE,TOTAL PENDIENTES AL MES ANTERIOR,RECEPCION  EN DEPENDENCIA POR APELACION - DEVOLUCION,26/11/2025 11:55,ORDINARIO,REPOSICION,Contencioso Administrativo,12,4to Juzgado de Trabajo
01577-2024-0-2301-JR-LA-03,1577,2024,PENDIENTE EN TRÁMITE,TOTAL PENDIENTES AL MES ANTERIOR,RECEPCION  EN DEPENDENCIA POR APELACION - DEVOLUCION,26/11/2025 12:27,ORDINARIO,REPOSICION,Contencioso Administrativo,12,4to Juzgado de Trabajo
01554-2024-0-2301-JR-LA-03,1554,2024,ANULADA A TRÁMITE / HABER NULIDAD,TOTAL INGRESOS A TRÁMITE,RECEPCION  DE SENTENCIA DE VISTA QUE ANULA A TRAMITE,17/12/2025 15:53,ORDINARIO,REPOSICION,Contencioso Administrativo,12,4to Juzgado de Trabajo
00807-2024-0-2301-JR-LA-02,807,2024,PENDIENTE EN TRÁMITE,TOTAL PENDIENTES AL MES ANTERIOR,CONTINUA EN TRAMITE (1RA INSTANCIA) (INV.202401),15/10/2024 17:23,URGENTE,CUMPLIMIENTO DE ACTUACIONES DISPUESTA POR LEY,Contencioso Administrativo,12,2do Juzgado de Trabajo
01687-2025-0-2301-JR-LA-02,1687,2025,PENDIENTE EN TRÁMITE,TOTAL PENDIENTES AL MES ANTERIOR,AUTO ADMISORIO,24/11/2025 11:57,ORDINARIO,DECLARACIÓN DE NULIDAD DE ACTOS ADMINISTRATIVOS,Contencioso Administrativo,12,2do Juzgado de Trabajo
00918-2025-0-2301-JR-LA-02,918,2025,PENDIENTE EN TRÁMITE,TOTAL PENDIENTES AL MES ANTERIOR,AUTO ADMISORIO,03/07/2025 14:48,ORDINARIO,DECLARACIÓN DE NULIDAD DE ACTOS ADMINISTRATIVOS,Contencioso Administrativo,12,2do Juzgado de Trabajo
02188-2024-0-2301-JR-CI-03,2188,2024,PENDIENTE EN TRÁMITE,TOTAL PENDIENTES AL MES ANTERIOR,AUTO ADMISORIO,28/01/2025 15:59,ORDINARIO,DECLARACIÓN DE NULIDAD DE ACTOS ADMINISTRATIVOS,Contencioso Administrativo,12,2do Juzgado de Trabajo
01705-2025-0-2301-JR-LA-02,1705,2025,PENDIENTE EN TRÁMITE,TOTAL PENDIENTES AL MES ANTERIOR,AUTO ADMISORIO,24/11/2025 08:43,URGENTE,CUMPLIMIENTO DE ACTUACIONES DISPUESTA POR ACTO ADMINISTRATIVO,Contencioso Administrativo,12,2do Juzgado de Trabajo
01233-2024-0-2301-JR-LA-02,1233,2024,PENDIENTE EN TRÁMITE,TOTAL PENDIENTES AL MES ANTERIOR,CONTINUA EN TRAMITE (1RA INSTANCIA) (INV.202401),25/10/2024 13:29,ORDINARIO,DECLARACIÓN DE NULIDAD DE ACTOS ADMINISTRATIVOS,Contencioso Administrativo,12,2do Juzgado de Trabajo
01484-2025-0-2301-JR-LA-02,1484,2025,PENDIENTE EN TRÁMITE,TOTAL PENDIENTES AL MES ANTERIOR,AUTO ADMISORIO,21/10/2025 14:49,ORDINARIO,DECLARACIÓN DE NULIDAD DE ACTOS ADMINISTRATIVOS,Contencioso Administrativo,12,2do Juzgado de Trabajo
01161-2025-0-2301-JR-LA-02,1161,2025,PENDIENTE EN TRÁMITE,TOTAL PENDIENTES AL MES ANTERIOR,AUTO ADMISORIO,13/08/2025 16:38,ORDINARIO,DECLARACIÓN DE NULIDAD DE ACTOS ADMINISTRATIVOS,Contencioso Administrativo,12,2do Juzgado de Trabajo
01554-2025-0-2301-JR-LA-02,1554,2025,PENDIENTE EN TRÁMITE,TOTAL PENDIENTES AL MES ANTERIOR,AUTO ADMISORIO,10/11/2025 12:10,ORDINARIO,DECLARACIÓN DE NULIDAD DE ACTOS ADMINISTRATIVOS,Contencioso Administrativo,12,2do Juzgado de Trabajo
01138-2024-0-2301-JR-LA-02,1138,2024,PENDIENTE EN TRÁMITE,TOTAL PENDIENTES AL MES ANTERIOR,CONTINUA EN TRAMITE (1RA INSTANCIA) (INV.202401),23/09/2024 08:26,ORDINARIO,DECLARACIÓN DE NULIDAD DE ACTOS ADMINISTRATIVOS,Contencioso Administrativo,12,2do Juzgado de Trabajo
01577-2025-0-2301-JR-LA-03,1577,2025,PENDIENTE EN TRÁMITE,TOTAL PENDIENTES AL MES ANTERIOR,AUTO ADMISORIO,17/11/2025 15:26,ORDINARIO,RECONOCIMIENTO DEL DERECHO TUTELADO,Contencioso Administrativo,12,2do Juzgado de Trabajo
01060-2024-0-2301-JR-LA-02,1060,2024,PENDIENTE EN TRÁMITE,TOTAL PENDIENTES AL MES ANTERIOR,RECEPCION  EN DEPENDENCIA POR APELACION - DEVOLUCION,27/11/2025 12:28,ORDINARIO,DECLARACIÓN DE INEFICACIA DE ACTOS ADMINISTRATIVOS,Contencioso Administrativo,12,2do Juzgado de Trabajo
01421-2024-0-2301-JR-LA-02,1421,2024,PENDIENTE EN TRÁMITE,TOTAL PENDIENTES AL MES ANTERIOR,RECEPCION  EN DEPENDENCIA POR APELACION - DEVOLUCION,27/11/2025 12:55,ORDINARIO,DECLARACIÓN DE NULIDAD DE ACTOS ADMINISTRATIVOS,Contencioso Administrativo,12,2do Juzgado de Trabajo
00805-2017-0-2301-JR-LA-02,805,2017,PENDIENTE EN TRÁMITE,TOTAL PENDIENTES AL MES ANTERIOR,RECEPCION  EN DEPENDENCIA POR APELACION - DEVOLUCION,24/06/2025 11:14,ORDINARIO,DECLARACIÓN DE NULIDAD DE ACTOS ADMINISTRATIVOS,Contencioso Administrativo,12,2do Juzgado de Trabajo
01711-2025-0-2301-JR-LA-02,1711,2025,PENDIENTE EN TRÁMITE,TOTAL PENDIENTES AL MES ANTERIOR,AUTO ADMISORIO,24/11/2025 11:58,ORDINARIO,CUMPLIMIENTO DE ACTUACIONES DISPUESTA POR LEY,Contencioso Administrativo,12,2do Juzgado de Trabajo
01701-2025-0-2301-JR-LA-02,1701,2025,PENDIENTE EN TRÁMITE,TOTAL PENDIENTES AL MES ANTERIOR,AUTO ADMISORIO,24/11/2025 11:56,URGENTE,CUMPLIMIENTO DE ACTUACIONES DISPUESTA POR ACTO ADMINISTRATIVO,Contencioso Administrativo,12,2do Juzgado de Trabajo
01229-2025-0-2301-JR-LA-02,1229,2025,PENDIENTE EN TRÁMITE,TOTAL PENDIENTES AL MES ANTERIOR,AUTO ADMISORIO,02/09/2025 15:22,ORDINARIO,RESTABLECIMIENTO DEL DERECHO TUTELADO,Contencioso Administrativo,12,2do Juzgado de Trabajo
01642-2025-0-2301-JR-LA-02,1642,2025,PENDIENTE EN TRÁMITE,TOTAL PENDIENTES AL MES ANTERIOR,AUTO ADMISORIO,17/11/2025 14:41,ORDINARIO,DECLARACIÓN DE NULIDAD DE ACTOS ADMINISTRATIVOS,Contencioso Administrativo,12,2do Juzgado de Trabajo
01445-2025-0-2301-JR-LA-02,1445,2025,PENDIENTE EN TRÁMITE,TOTAL PENDIENTES AL MES ANTERIOR,AUTO ADMISORIO,07/10/2025 17:03,ORDINARIO,DECLARACIÓN DE NULIDAD DE ACTOS ADMINISTRATIVOS,Contencioso Administrativo,12,2do Juzgado de Trabajo
01378-2017-0-2301-JR-LA-02,1378,2017,PENDIENTE EN TRÁMITE,TOTAL PENDIENTES AL MES ANTERIOR,RECEPCION  EN DEPENDENCIA POR APELACION - DEVOLUCION,24/06/2025 10:32,ORDINARIO,DECLARACIÓN DE NULIDAD DE ACTOS ADMINISTRATIVOS,Contencioso Administrativo,12,2do Juzgado de Trabajo
00873-2024-0-2301-JR-LA-01,873,2024,PENDIENTE EN TRÁMITE,TOTAL PENDIENTES AL MES ANTERIOR,CONTINUA EN TRAMITE (1RA INSTANCIA) (INV.202401),13/09/2024 08:50,ORDINARIO,DECLARACIÓN DE INEFICACIA DE ACTOS ADMINISTRATIVOS,Contencioso Administrativo,12,2do Juzgado de Trabajo
01637-2025-0-2301-JR-LA-02,1637,2025,PENDIENTE EN TRÁMITE,TOTAL PENDIENTES AL MES ANTERIOR,AUTO ADMISORIO,17/11/2025 14:42,ORDINARIO,DECLARACIÓN DE NULIDAD DE ACTOS ADMINISTRATIVOS,Contencioso Administrativo,12,2do Juzgado de Trabajo
01709-2025-0-2301-JR-LA-02,1709,2025,PENDIENTE EN TRÁMITE,TOTAL PENDIENTES AL MES ANTERIOR,AUTO ADMISORIO,24/11/2025 11:58,ORDINARIO,DECLARACIÓN DE NULIDAD DE ACTOS ADMINISTRATIVOS,Contencioso Administrativo,12,2do Juzgado de Trabajo
00557-2023-0-2301-JR-LA-02,557,2023,PENDIENTE EN TRÁMITE,TOTAL PENDIENTES AL MES ANTERIOR,CONTINUA EN TRAMITE (1RA INSTANCIA) (INV.202401),12/06/2024 08:28,ORDINARIO,RESTABLECIMIENTO DEL DERECHO TUTELADO,Contencioso Administrativo,12,2do Juzgado de Trabajo
01699-2025-0-2301-JR-LA-02,1699,2025,PENDIENTE EN TRÁMITE,TOTAL PENDIENTES AL MES ANTERIOR,AUTO ADMISORIO,24/11/2025 11:56,ORDINARIO,RECONOCIMIENTO DEL DERECHO TUTELADO,Contencioso Administrativo,12,2do Juzgado de Trabajo
01622-2025-0-2301-JR-LA-02,1622,2025,PENDIENTE EN TRÁMITE,TOTAL PENDIENTES AL MES ANTERIOR,AUTO ADMISORIO,17/11/2025 14:42,URGENTE,CUMPLIMIENTO DE ACTUACIONES DISPUESTA POR ACTO ADMINISTRATIVO,Contencioso Administrativo,12,2do Juzgado de Trabajo
01409-2024-0-2301-JR-LA-02,1409,2024,PENDIENTE EN TRÁMITE,TOTAL PENDIENTES AL MES ANTERIOR,RECEPCION  EN DEPENDENCIA POR APELACION - DEVOLUCION,02/07/2025 17:08,ORDINARIO,DECLARACIÓN DE NULIDAD DE ACTOS ADMINISTRATIVOS,Contencioso Administrativo,12,2do Juzgado de Trabajo
01595-2025-0-2301-JR-LA-02,1595,2025,PENDIENTE EN TRÁMITE,TOTAL PENDIENTES AL MES ANTERIOR,AUTO ADMISORIO,07/11/2025 08:29,ORDINARIO,RECONOCIMIENTO DEL DERECHO TUTELADO,Contencioso Administrativo,12,2do Juzgado de Trabajo
01693-2025-0-2301-JR-LA-02,1693,2025,PENDIENTE EN TRÁMITE,TOTAL PENDIENTES AL MES ANTERIOR,AUTO ADMISORIO,24/11/2025 11:56,ORDINARIO,CUMPLIMIENTO DE ACTUACIONES DISPUESTA POR ACTO ADMINISTRATIVO,Contencioso Administrativo,12,2do Juzgado de Trabajo
01496-2025-0-2301-JR-LA-01,1496,2025,PENDIENTE EN TRÁMITE,TOTAL PENDIENTES AL MES ANTERIOR,AUTO ADMISORIO,18/11/2025 11:14,ORDINARIO,RECONOCIMIENTO DEL DERECHO TUTELADO,Contencioso Administrativo,12,2do Juzgado de Trabajo
01589-2024-0-2301-JR-LA-02,1589,2024,PENDIENTE EN TRÁMITE,TOTAL PENDIENTES AL MES ANTERIOR,RECEPCION  EN DEPENDENCIA POR APELACION - DEVOLUCION,27/05/2025 13:01,ORDINARIO,DECLARACIÓN DE INEFICACIA DE ACTOS ADMINISTRATIVOS,Contencioso Administrativo,12,2do Juzgado de Trabajo
00661-2024-0-2301-JR-LA-02,661,2024,PENDIENTE EN TRÁMITE,TOTAL PENDIENTES AL MES ANTERIOR,CONTINUA EN TRAMITE (1RA INSTANCIA) (INV.202401),09/08/2024 22:31,ORDINARIO,DECLARACIÓN DE NULIDAD DE ACTOS ADMINISTRATIVOS,Contencioso Administrativo,12,2do Juzgado de Trabajo
00640-2023-0-2301-JR-LA-02,640,2023,PENDIENTE EN TRÁMITE,TOTAL PENDIENTES AL MES ANTERIOR,RECEPCION  EN DEPENDENCIA POR APELACION - DEVOLUCION,12/08/2025 11:10,ORDINARIO,DECLARACIÓN DE NULIDAD DE ACTOS ADMINISTRATIVOS,Contencioso Administrativo,12,2do Juzgado de Trabajo
01324-2025-0-2301-JR-LA-02,1324,2025,PENDIENTE EN TRÁMITE,TOTAL PENDIENTES AL MES ANTERIOR,AUTO ADMISORIO,10/11/2025 12:09,ORDINARIO,RECONOCIMIENTO DEL DERECHO TUTELADO,Contencioso Administrativo,12,2do Juzgado de Trabajo
01385-2024-0-2301-JR-LA-02,1385,2024,PENDIENTE EN TRÁMITE,TOTAL PENDIENTES AL MES ANTERIOR,CONTINUA EN TRAMITE (1RA INSTANCIA) (INV.202401),23/10/2024 08:10,ORDINARIO,DECLARACIÓN DE NULIDAD DE ACTOS ADMINISTRATIVOS,Contencioso Administrativo,12,2do Juzgado de Trabajo
01599-2025-0-2301-JR-LA-02,1599,2025,PENDIENTE EN TRÁMITE,TOTAL PENDIENTES AL MES ANTERIOR,AUTO ADMISORIO,06/11/2025 16:25,ORDINARIO,DECLARACIÓN DE NULIDAD DE ACTOS ADMINISTRATIVOS,Contencioso Administrativo,12,2do Juzgado de Trabajo
01684-2025-0-2301-JR-LA-02,1684,2025,PENDIENTE EN TRÁMITE,TOTAL PENDIENTES AL MES ANTERIOR,AUTO ADMISORIO,24/11/2025 11:55,ORDINARIO,RECONOCIMIENTO DEL DERECHO TUTELADO,Contencioso Administrativo,12,2do Juzgado de Trabajo
01700-2024-0-2301-JR-LA-02,1700,2024,PENDIENTE EN TRÁMITE,TOTAL PENDIENTES AL MES ANTERIOR,RECEPCION  EN DEPENDENCIA POR APELACION - DEVOLUCION,29/10/2025 15:33,ORDINARIO,DECLARACIÓN DE NULIDAD DE ACTOS ADMINISTRATIVOS,Contencioso Administrativo,12,2do Juzgado de Trabajo
00243-2025-0-2301-JR-LA-02,243,2025,PENDIENTE EN TRÁMITE,TOTAL PENDIENTES AL MES ANTERIOR,AUTO ADMISORIO,20/03/2025 09:02,ORDINARIO,DECLARACIÓN DE NULIDAD DE ACTOS ADMINISTRATIVOS,Contencioso Administrativo,12,2do Juzgado de Trabajo
01672-2025-0-2301-JR-LA-02,1672,2025,PENDIENTE EN TRÁMITE,TOTAL PENDIENTES AL MES ANTERIOR,AUTO ADMISORIO,24/11/2025 11:55,ORDINARIO,DECLARACIÓN DE NULIDAD DE ACTOS ADMINISTRATIVOS,Contencioso Administrativo,12,2do Juzgado de Trabajo
01679-2025-0-2301-JR-LA-02,1679,2025,PENDIENTE EN TRÁMITE,TOTAL PENDIENTES AL MES ANTERIOR,AUTO ADMISORIO,24/11/2025 11:54,ORDINARIO,RECONOCIMIENTO DEL DERECHO TUTELADO,Contencioso Administrativo,12,2do Juzgado de Trabajo
01765-2022-0-2301-JR-LA-02,1765,2022,PENDIENTE EN TRÁMITE,TOTAL PENDIENTES AL MES ANTERIOR,RECEPCION  EN DEPENDENCIA POR APELACION - DEVOLUCION,24/04/2025 13:03,ORDINARIO,RECONOCIMIENTO DEL DERECHO TUTELADO,Contencioso Administrativo,12,2do Juzgado de Trabajo
01499-2025-0-2301-JR-LA-03,1499,2025,PENDIENTE EN TRÁMITE,TOTAL PENDIENTES AL MES ANTERIOR,AUTO ADMISORIO,06/11/2025 09:55,ORDINARIO,RECONOCIMIENTO DEL DERECHO TUTELADO,Contencioso Administrativo,12,2do Juzgado de Trabajo
01682-2025-0-2301-JR-LA-02,1682,2025,PENDIENTE EN TRÁMITE,TOTAL PENDIENTES AL MES ANTERIOR,AUTO ADMISORIO,24/11/2025 08:43,ORDINARIO,RECONOCIMIENTO DEL DERECHO TUTELADO,Contencioso Administrativo,12,2do Juzgado de Trabajo
01169-2025-0-2301-JR-LA-02,1169,2025,PENDIENTE EN TRÁMITE,TOTAL PENDIENTES AL MES ANTERIOR,AUTO ADMISORIO,22/08/2025 08:13,ORDINARIO,RESTABLECIMIENTO DEL DERECHO TUTELADO,Contencioso Administrativo,12,2do Juzgado de Trabajo
01703-2025-0-2301-JR-LA-02,1703,2025,PENDIENTE EN TRÁMITE,TOTAL PENDIENTES AL MES ANTERIOR,AUTO ADMISORIO,24/11/2025 11:57,URGENTE,CUMPLIMIENTO DE ACTUACIONES DISPUESTA POR ACTO ADMINISTRATIVO,Contencioso Administrativo,12,2do Juzgado de Trabajo
01504-2025-0-2301-JR-LA-02,1504,2025,PENDIENTE EN TRÁMITE,TOTAL PENDIENTES AL MES ANTERIOR,AUTO ADMISORIO,21/10/2025 14:49,ORDINARIO,DECLARACIÓN DE NULIDAD DE ACTOS ADMINISTRATIVOS,Contencioso Administrativo,12,2do Juzgado de Trabajo
01588-2025-0-2301-JR-LA-02,1588,2025,PENDIENTE EN TRÁMITE,TOTAL PENDIENTES AL MES ANTERIOR,AUTO ADMISORIO,17/11/2025 15:26,ORDINARIO,RECONOCIMIENTO DEL DERECHO TUTELADO,Contencioso Administrativo,12,2do Juzgado de Trabajo
01184-2025-0-2301-JR-LA-01,1184,2025,PENDIENTE EN TRÁMITE,TOTAL PENDIENTES AL MES ANTERIOR,AUTO ADMISORIO,02/09/2025 18:01,ORDINARIO,RECONOCIMIENTO DEL DERECHO TUTELADO,Contencioso Administrativo,12,2do Juzgado de Trabajo
01518-2025-0-2301-JR-LA-02,1518,2025,PENDIENTE EN TRÁMITE,TOTAL PENDIENTES AL MES ANTERIOR,AUTO ADMISORIO,10/11/2025 12:09,ORDINARIO,DECLARACIÓN DE NULIDAD DE ACTOS ADMINISTRATIVOS,Contencioso Administrativo,12,2do Juzgado de Trabajo
01415-2024-0-2301-JR-LA-02,1415,2024,PENDIENTE EN TRÁMITE,TOTAL PENDIENTES AL MES ANTERIOR,RECEPCION  EN DEPENDENCIA POR APELACION - DEVOLUCION,27/11/2025 12:44,ORDINARIO,DECLARACIÓN DE NULIDAD DE ACTOS ADMINISTRATIVOS,Contencioso Administrativo,12,2do Juzgado de Trabajo
01431-2024-0-2301-JR-LA-02,1431,2024,PENDIENTE EN TRÁMITE,TOTAL PENDIENTES AL MES ANTERIOR,RECEPCION  EN DEPENDENCIA POR APELACION - DEVOLUCION,02/10/2025 12:05,ORDINARIO,RECONOCIMIENTO DEL DERECHO TUTELADO,Contencioso Administrativo,12,2do Juzgado de Trabajo
01601-2025-0-2301-JR-CI-03,1601,2025,PENDIENTE EN TRÁMITE,TOTAL PENDIENTES AL MES ANTERIOR,AUTO ADMISORIO,19/11/2025 22:56,ORDINARIO,DECLARACIÓN DE NULIDAD DE ACTOS ADMINISTRATIVOS,Contencioso Administrativo,12,2do Juzgado de Trabajo
01563-2025-0-2301-JR-LA-01,1563,2025,PENDIENTE EN TRÁMITE,TOTAL PENDIENTES AL MES ANTERIOR,AUTO ADMISORIO,17/11/2025 14:43,ORDINARIO,RECONOCIMIENTO DEL DERECHO TUTELADO,Contencioso Administrativo,12,2do Juzgado de Trabajo
01556-2025-0-2301-JR-LA-02,1556,2025,PENDIENTE EN TRÁMITE,TOTAL PENDIENTES AL MES ANTERIOR,AUTO ADMISORIO,07/11/2025 14:57,ORDINARIO,DECLARACIÓN DE NULIDAD DE ACTOS ADMINISTRATIVOS,Contencioso Administrativo,12,2do Juzgado de Trabajo
01674-2025-0-2301-JR-LA-02,1674,2025,PENDIENTE EN TRÁMITE,TOTAL PENDIENTES AL MES ANTERIOR,AUTO ADMISORIO,24/11/2025 11:54,ORDINARIO,DECLARACIÓN DE NULIDAD DE ACTOS ADMINISTRATIVOS,Contencioso Administrativo,12,2do Juzgado de Trabajo
01399-2025-0-2301-JR-LA-02,1399,2025,PENDIENTE EN TRÁMITE,TOTAL PENDIENTES AL MES ANTERIOR,AUTO ADMISORIO,01/10/2025 16:22,ORDINARIO,DECLARACIÓN DE INEFICACIA DE ACTOS ADMINISTRATIVOS,Contencioso Administrativo,12,2do Juzgado de Trabajo
00674-2024-0-2301-JR-LA-02,674,2024,PENDIENTE EN TRÁMITE,TOTAL PENDIENTES AL MES ANTERIOR,CONTINUA EN TRAMITE (1RA INSTANCIA) (INV.202401),06/11/2024 08:51,ORDINARIO,DECLARACIÓN DE INEFICACIA DE ACTOS ADMINISTRATIVOS,Contencioso Administrativo,12,2do Juzgado de Trabajo
01552-2025-0-2301-JR-LA-02,1552,2025,PENDIENTE EN TRÁMITE,TOTAL PENDIENTES AL MES ANTERIOR,AUTO ADMISORIO,18/11/2025 11:13,ORDINARIO,DECLARACIÓN DE NULIDAD DE ACTOS ADMINISTRATIVOS,Contencioso Administrativo,12,2do Juzgado de Trabajo
01533-2025-0-2301-JR-LA-02,1533,2025,PENDIENTE EN TRÁMITE,TOTAL PENDIENTES AL MES ANTERIOR,AUTO ADMISORIO,10/11/2025 12:10,ORDINARIO,DECLARACIÓN DE NULIDAD DE ACTOS ADMINISTRATIVOS,Contencioso Administrativo,12,2do Juzgado de Trabajo
01429-2025-0-2301-JR-LA-02,1429,2025,PENDIENTE EN TRÁMITE,TOTAL PENDIENTES AL MES ANTERIOR,AUTO ADMISORIO,07/10/2025 10:55,ORDINARIO,DECLARACIÓN DE INEFICACIA DE ACTOS ADMINISTRATIVOS,Contencioso Administrativo,12,2do Juzgado de Trabajo
01460-2025-0-2301-JR-LA-02,1460,2025,PENDIENTE EN TRÁMITE,TOTAL PENDIENTES AL MES ANTERIOR,AUTO ADMISORIO,10/10/2025 08:04,ORDINARIO,DECLARACIÓN DE NULIDAD DE ACTOS ADMINISTRATIVOS,Contencioso Administrativo,12,2do Juzgado de Trabajo
00971-2024-0-2301-JR-LA-02,971,2024,PENDIENTE EN TRÁMITE,TOTAL PENDIENTES AL MES ANTERIOR,CONTINUA EN TRAMITE (1RA INSTANCIA) (INV.202401),17/09/2024 16:19,ORDINARIO,DECLARACIÓN DE NULIDAD DE ACTOS ADMINISTRATIVOS,Contencioso Administrativo,12,2do Juzgado de Trabajo
01691-2025-0-2301-JR-LA-02,1691,2025,PENDIENTE EN TRÁMITE,TOTAL PENDIENTES AL MES ANTERIOR,AUTO ADMISORIO,24/11/2025 08:43,ORDINARIO,DECLARACIÓN DE NULIDAD DE ACTOS ADMINISTRATIVOS,Contencioso Administrativo,12,2do Juzgado de Trabajo
01437-2024-0-2301-JR-LA-02,1437,2024,PENDIENTE EN TRÁMITE,TOTAL PENDIENTES AL MES ANTERIOR,RECEPCION  EN DEPENDENCIA POR APELACION - DEVOLUCION,21/11/2025 15:39,ORDINARIO,DECLARACIÓN DE NULIDAD DE ACTOS ADMINISTRATIVOS,Contencioso Administrativo,12,2do Juzgado de Trabajo
01214-2025-0-2301-JR-LA-02,1214,2025,PENDIENTE EN TRÁMITE,TOTAL PENDIENTES AL MES ANTERIOR,AUTO ADMISORIO,22/08/2025 11:07,ORDINARIO,RESTABLECIMIENTO DEL DERECHO TUTELADO,Contencioso Administrativo,12,2do Juzgado de Trabajo
01507-2025-0-2301-JR-LA-02,1507,2025,PENDIENTE EN TRÁMITE,TOTAL PENDIENTES AL MES ANTERIOR,AUTO ADMISORIO,10/11/2025 12:10,ORDINARIO,DECLARACIÓN DE NULIDAD DE ACTOS ADMINISTRATIVOS,Contencioso Administrativo,12,2do Juzgado de Trabajo
01677-2025-0-2301-JR-LA-02,1677,2025,PENDIENTE EN TRÁMITE,TOTAL PENDIENTES AL MES ANTERIOR,AUTO ADMISORIO,24/11/2025 11:55,ORDINARIO,RECONOCIMIENTO DEL DERECHO TUTELADO,Contencioso Administrativo,12,2do Juzgado de Trabajo
01366-2024-0-2301-JR-LA-02,1366,2024,PENDIENTE EN TRÁMITE,TOTAL PENDIENTES AL MES ANTERIOR,CONTINUA EN TRAMITE (1RA INSTANCIA) (INV.202401),18/11/2024 07:42,ORDINARIO,DECLARACIÓN DE NULIDAD DE ACTOS ADMINISTRATIVOS,Contencioso Administrativo,12,2do Juzgado de Trabajo
00963-2025-0-2301-JR-LA-02,963,2025,PENDIENTE EN TRÁMITE,TOTAL PENDIENTES AL MES ANTERIOR,AUTO ADMISORIO,18/07/2025 15:16,ORDINARIO,DECLARACIÓN DE NULIDAD DE ACTOS ADMINISTRATIVOS,Contencioso Administrativo,12,2do Juzgado de Trabajo
01523-2025-0-2301-JR-LA-01,1523,2025,PENDIENTE EN TRÁMITE,TOTAL PENDIENTES AL MES ANTERIOR,AUTO ADMISORIO,17/11/2025 15:26,ORDINARIO,RECONOCIMIENTO DEL DERECHO TUTELADO,Contencioso Administrativo,12,2do Juzgado de Trabajo
01653-2025-0-2301-JR-LA-02,1653,2025,PENDIENTE EN TRÁMITE,TOTAL PENDIENTES AL MES ANTERIOR,AUTO ADMISORIO,24/11/2025 11:57,ORDINARIO,CUMPLIMIENTO DE ACTUACIONES DISPUESTA POR LEY,Contencioso Administrativo,12,2do Juzgado de Trabajo
01208-2025-0-2301-JR-LA-02,1208,2025,PENDIENTE EN TRÁMITE,TOTAL PENDIENTES AL MES ANTERIOR,AUTO ADMISORIO,05/09/2025 08:30,ORDINARIO,RESTABLECIMIENTO DEL DERECHO TUTELADO,Contencioso Administrativo,12,2do Juzgado de Trabajo
00518-2024-0-2301-JR-LA-02,518,2024,PENDIENTE EN TRÁMITE,TOTAL PENDIENTES AL MES ANTERIOR,CONTINUA EN TRAMITE (1RA INSTANCIA) (INV.202401),16/12/2024 15:25,ORDINARIO,DECLARACIÓN DE NULIDAD DE ACTOS ADMINISTRATIVOS,Contencioso Administrativo,12,2do Juzgado de Trabajo
01401-2025-0-2301-JR-LA-02,1401,2025,PENDIENTE EN TRÁMITE,TOTAL PENDIENTES AL MES ANTERIOR,AUTO ADMISORIO,02/10/2025 10:21,ORDINARIO,DECLARACIÓN DE NULIDAD DE ACTOS ADMINISTRATIVOS,Contencioso Administrativo,12,2do Juzgado de Trabajo
00787-2025-0-2301-JR-LA-02,787,2025,PENDIENTE EN TRÁMITE,TOTAL PENDIENTES AL MES ANTERIOR,AUTO ADMISORIO,06/06/2025 11:43,URGENTE,RESTABLECIMIENTO DEL DERECHO TUTELADO,Contencioso Administrativo,12,2do Juzgado de Trabajo
01499-2024-0-2301-JR-LA-02,1499,2024,PENDIENTE EN TRÁMITE,TOTAL PENDIENTES AL MES ANTERIOR,RECEPCION  EN DEPENDENCIA POR APELACION - DEVOLUCION,27/11/2025 12:30,ORDINARIO,DECLARACIÓN DE NULIDAD DE ACTOS ADMINISTRATIVOS,Contencioso Administrativo,12,2do Juzgado de Trabajo
00267-2025-0-2301-JR-LA-02,267,2025,PENDIENTE EN TRÁMITE,TOTAL PENDIENTES AL MES ANTERIOR,AUTO DE SANEAMIENTO QUE NO CONCLUYE EL PROCESO,07/04/2025 16:55,ORDINARIO,RESTABLECIMIENTO DEL DERECHO TUTELADO,Contencioso Administrativo,12,2do Juzgado de Trabajo
00573-2024-0-2301-JR-LA-02,573,2024,PENDIENTE EN TRÁMITE,TOTAL PENDIENTES AL MES ANTERIOR,CONTINUA EN TRAMITE (POR SENTENCIAR) (INV.202401),22/05/2024 16:48,ORDINARIO,DECLARACIÓN DE NULIDAD DE ACTOS ADMINISTRATIVOS,Contencioso Administrativo,12,2do Juzgado de Trabajo
01222-2024-0-2301-JR-LA-04,1222,2024,PENDIENTE EN TRÁMITE,TOTAL PENDIENTES AL MES ANTERIOR,CONTINUA EN TRAMITE (POR SENTENCIAR) (INV.202401),31/10/2024 08:37,URGENTE,DECLARACIÓN DE NULIDAD DE ACTOS ADMINISTRATIVOS,Contencioso Administrativo,12,2do Juzgado de Trabajo
01586-2025-0-2301-JR-LA-02,1586,2025,PENDIENTE EN TRÁMITE,TOTAL PENDIENTES AL MES ANTERIOR,AUTO DE SANEAMIENTO QUE NO CONCLUYE EL PROCESO,25/11/2025 08:12,ORDINARIO,DECLARACIÓN DE NULIDAD DE ACTOS ADMINISTRATIVOS,Contencioso Administrativo,12,2do Juzgado de Trabajo
00982-2025-0-2301-JR-LA-02,982,2025,PENDIENTE EN TRÁMITE,TOTAL PENDIENTES AL MES ANTERIOR,AUTO DE SANEAMIENTO QUE NO CONCLUYE EL PROCESO,06/10/2025 12:12,ORDINARIO,DECLARACIÓN DE NULIDAD DE ACTOS ADMINISTRATIVOS,Contencioso Administrativo,12,2do Juzgado de Trabajo
01086-2024-0-2301-JR-LA-02,1086,2024,PENDIENTE EN TRÁMITE,TOTAL PENDIENTES AL MES ANTERIOR,CONTINUA EN TRAMITE (POR SENTENCIAR) (INV.202401),19/09/2024 08:46,ORDINARIO,DECLARACIÓN DE NULIDAD DE ACTOS ADMINISTRATIVOS,Contencioso Administrativo,12,2do Juzgado de Trabajo
01014-2023-0-2301-JR-LA-03,1014,2023,PENDIENTE EN TRÁMITE,TOTAL PENDIENTES AL MES ANTERIOR,CONTINUA EN TRAMITE (POR SENTENCIAR) (INV.202401),03/08/2023 17:48,ORDINARIO,DECLARACIÓN DE INEFICACIA DE ACTOS ADMINISTRATIVOS,Contencioso Administrativo,12,2do Juzgado de Trabajo
01597-2025-0-2301-JR-LA-02,1597,2025,PENDIENTE EN TRÁMITE,TOTAL PENDIENTES AL MES ANTERIOR,AUTO DE SANEAMIENTO QUE NO CONCLUYE EL PROCESO,25/11/2025 13:08,ORDINARIO,DECLARACIÓN DE NULIDAD DE ACTOS ADMINISTRATIVOS,Contencioso Administrativo,12,2do Juzgado de Trabajo
01406-2025-0-2301-JR-LA-02,1406,2025,PENDIENTE EN TRÁMITE,TOTAL PENDIENTES AL MES ANTERIOR,AUTO DE SANEAMIENTO QUE NO CONCLUYE EL PROCESO,23/10/2025 16:04,ORDINARIO,DECLARACIÓN DE NULIDAD DE ACTOS ADMINISTRATIVOS,Contencioso Administrativo,12,2do Juzgado de Trabajo
00855-2025-0-2301-JR-LA-02,855,2025,PENDIENTE EN TRÁMITE,TOTAL PENDIENTES AL MES ANTERIOR,AUTO DE SANEAMIENTO QUE NO CONCLUYE EL PROCESO,22/08/2025 11:57,ORDINARIO,DECLARACIÓN DE NULIDAD DE ACTOS ADMINISTRATIVOS,Contencioso Administrativo,12,2do Juzgado de Trabajo
01458-2025-0-2301-JR-LA-02,1458,2025,PENDIENTE EN TRÁMITE,TOTAL PENDIENTES AL MES ANTERIOR,AUTO DE SANEAMIENTO QUE NO CONCLUYE EL PROCESO,25/11/2025 15:12,ORDINARIO,DECLARACIÓN DE NULIDAD DE ACTOS ADMINISTRATIVOS,Contencioso Administrativo,12,2do Juzgado de Trabajo
00839-2025-0-2301-JR-LA-04,839,2025,PENDIENTE EN TRÁMITE,TOTAL PENDIENTES AL MES ANTERIOR,DECRETO PUESTO A DESPACHO PARA SENTENCIAR(ULTIMA SENTENCIA),31/07/2025 14:23,URGENTE,DECLARACIÓN DE NULIDAD DE ACTOS ADMINISTRATIVOS,Contencioso Administrativo,12,2do Juzgado de Trabajo
01431-2025-0-2301-JR-LA-02,1431,2025,PENDIENTE EN TRÁMITE,TOTAL PENDIENTES AL MES ANTERIOR,AUTO DE SANEAMIENTO QUE NO CONCLUYE EL PROCESO,21/11/2025 16:14,ORDINARIO,DECLARACIÓN DE NULIDAD DE ACTOS ADMINISTRATIVOS,Contencioso Administrativo,12,2do Juzgado de Trabajo
01376-2025-0-2301-JR-LA-02,1376,2025,PENDIENTE EN TRÁMITE,TOTAL PENDIENTES AL MES ANTERIOR,AUTO DE SANEAMIENTO QUE NO CONCLUYE EL PROCESO,20/11/2025 08:09,ORDINARIO,DECLARACIÓN DE NULIDAD DE ACTOS ADMINISTRATIVOS,Contencioso Administrativo,12,2do Juzgado de Trabajo
01161-2024-0-2301-JR-LA-02,1161,2024,PENDIENTE EN TRÁMITE,TOTAL PENDIENTES AL MES ANTERIOR,CONTINUA EN TRAMITE (POR SENTENCIAR) (INV.202401),29/10/2024 08:46,ORDINARIO,DECLARACIÓN DE NULIDAD DE ACTOS ADMINISTRATIVOS,Contencioso Administrativo,12,2do Juzgado de Trabajo
00727-2024-0-2301-JR-LA-02,727,2024,PENDIENTE EN TRÁMITE,TOTAL PENDIENTES AL MES ANTERIOR,DECRETO PUESTO A DESPACHO PARA SENTENCIAR(ULTIMA SENTENCIA),20/01/2025 13:30,ORDINARIO,DECLARACIÓN DE INEFICACIA DE ACTOS ADMINISTRATIVOS,Contencioso Administrativo,12,2do Juzgado de Trabajo
01582-2025-0-2301-JR-LA-02,1582,2025,PENDIENTE EN TRÁMITE,TOTAL PENDIENTES AL MES ANTERIOR,AUTO DE SANEAMIENTO QUE NO CONCLUYE EL PROCESO,28/11/2025 17:13,ORDINARIO,DECLARACIÓN DE NULIDAD DE ACTOS ADMINISTRATIVOS,Contencioso Administrativo,12,2do Juzgado de Trabajo
00471-2024-0-2301-JR-LA-02,471,2024,PENDIENTE EN TRÁMITE,TOTAL PENDIENTES AL MES ANTERIOR,CONTINUA EN TRAMITE (POR SENTENCIAR) (INV.202401),27/05/2024 11:03,ORDINARIO,DECLARACIÓN DE NULIDAD DE ACTOS ADMINISTRATIVOS,Contencioso Administrativo,12,2do Juzgado de Trabajo
01339-2025-0-2301-JR-LA-02,1339,2025,PENDIENTE EN TRÁMITE,TOTAL PENDIENTES AL MES ANTERIOR,AUTO DE SANEAMIENTO QUE NO CONCLUYE EL PROCESO,13/10/2025 14:33,ORDINARIO,DECLARACIÓN DE NULIDAD DE ACTOS ADMINISTRATIVOS,Contencioso Administrativo,12,2do Juzgado de Trabajo
00916-2025-0-2301-JR-LA-02,916,2025,PENDIENTE EN TRÁMITE,TOTAL PENDIENTES AL MES ANTERIOR,AUTO DE SANEAMIENTO QUE NO CONCLUYE EL PROCESO,16/07/2025 12:37,ORDINARIO,CUMPLIMIENTO DE ACTUACIONES DISPUESTA POR ACTO ADMINISTRATIVO,Contencioso Administrativo,12,2do Juzgado de Trabajo
00886-2023-0-2301-JR-LA-03,886,2023,PENDIENTE EN TRÁMITE,TOTAL PENDIENTES AL MES ANTERIOR,CONTINUA EN TRAMITE (POR SENTENCIAR) (INV.202401),03/08/2023 17:10,ORDINARIO,DECLARACIÓN DE INEFICACIA DE ACTOS ADMINISTRATIVOS,Contencioso Administrativo,12,2do Juzgado de Trabajo
00574-2024-0-2301-JR-LA-02,574,2024,PENDIENTE EN TRÁMITE,TOTAL PENDIENTES AL MES ANTERIOR,CONTINUA EN TRAMITE (POR SENTENCIAR) (INV.202401),11/12/2024 08:48,ORDINARIO,DECLARACIÓN DE INEFICACIA DE ACTOS ADMINISTRATIVOS,Contencioso Administrativo,12,2do Juzgado de Trabajo
01030-2025-0-2301-JR-LA-02,1030,2025,PENDIENTE EN TRÁMITE,TOTAL PENDIENTES AL MES ANTERIOR,AUTO DE SANEAMIENTO QUE NO CONCLUYE EL PROCESO,12/08/2025 16:06,ORDINARIO,DECLARACIÓN DE NULIDAD DE ACTOS ADMINISTRATIVOS,Contencioso Administrativo,12,2do Juzgado de Trabajo
01242-2024-0-2301-JR-LA-02,1242,2024,PENDIENTE EN TRÁMITE,TOTAL PENDIENTES AL MES ANTERIOR,AUTO DE SANEAMIENTO QUE NO CONCLUYE EL PROCESO,19/03/2025 15:58,ORDINARIO,DECLARACIÓN DE NULIDAD DE ACTOS ADMINISTRATIVOS,Contencioso Administrativo,12,2do Juzgado de Trabajo
01278-2025-0-2301-JR-LA-02,1278,2025,PENDIENTE EN TRÁMITE,TOTAL PENDIENTES AL MES ANTERIOR,DECRETO PUESTO A DESPACHO PARA SENTENCIAR(ULTIMA SENTENCIA),10/11/2025 13:17,ORDINARIO,RECONOCIMIENTO DEL DERECHO TUTELADO,Contencioso Administrativo,12,2do Juzgado de Trabajo
01601-2025-0-2301-JR-LA-02,1601,2025,PENDIENTE EN TRÁMITE,TOTAL PENDIENTES AL MES ANTERIOR,AUTO DE SANEAMIENTO QUE NO CONCLUYE EL PROCESO,25/11/2025 08:01,ORDINARIO,DECLARACIÓN DE NULIDAD DE ACTOS ADMINISTRATIVOS,Contencioso Administrativo,12,2do Juzgado de Trabajo
00906-2025-0-2301-JR-LA-02,906,2025,PENDIENTE EN TRÁMITE,TOTAL PENDIENTES AL MES ANTERIOR,AUTO DE SANEAMIENTO QUE NO CONCLUYE EL PROCESO,08/09/2025 12:56,ORDINARIO,DECLARACIÓN DE NULIDAD DE ACTOS ADMINISTRATIVOS,Contencioso Administrativo,12,2do Juzgado de Trabajo
00998-2024-0-2301-JR-LA-02,998,2024,PENDIENTE EN TRÁMITE,TOTAL PENDIENTES AL MES ANTERIOR,CONTINUA EN TRAMITE (POR SENTENCIAR) (INV.202401),02/10/2024 08:10,ORDINARIO,DECLARACIÓN DE NULIDAD DE ACTOS ADMINISTRATIVOS,Contencioso Administrativo,12,2do Juzgado de Trabajo
01667-2025-0-2301-JR-LA-02,1667,2025,PENDIENTE EN TRÁMITE,TOTAL PENDIENTES AL MES ANTERIOR,DECRETO PUESTO A DESPACHO PARA SENTENCIAR(ULTIMA SENTENCIA),27/11/2025 15:14,URGENTE,CUMPLIMIENTO DE ACTUACIONES DISPUESTA POR ACTO ADMINISTRATIVO,Contencioso Administrativo,12,2do Juzgado de Trabajo
01360-2025-0-2301-JR-LA-02,1360,2025,PENDIENTE EN TRÁMITE,TOTAL PENDIENTES AL MES ANTERIOR,AUTO DE SANEAMIENTO QUE NO CONCLUYE EL PROCESO,21/10/2025 15:59,ORDINARIO,DECLARACIÓN DE NULIDAD DE ACTOS ADMINISTRATIVOS,Contencioso Administrativo,12,2do Juzgado de Trabajo
01562-2025-0-2301-JR-LA-02,1562,2025,PENDIENTE EN TRÁMITE,TOTAL PENDIENTES AL MES ANTERIOR,AUTO DE SANEAMIENTO QUE NO CONCLUYE EL PROCESO,25/11/2025 13:08,ORDINARIO,DECLARACIÓN DE NULIDAD DE ACTOS ADMINISTRATIVOS,Contencioso Administrativo,12,2do Juzgado de Trabajo
01053-2025-0-2301-JR-LA-02,1053,2025,PENDIENTE EN TRÁMITE,TOTAL PENDIENTES AL MES ANTERIOR,AUTO DE SANEAMIENTO QUE NO CONCLUYE EL PROCESO,13/08/2025 11:48,ORDINARIO,DECLARACIÓN DE NULIDAD DE ACTOS ADMINISTRATIVOS,Contencioso Administrativo,12,2do Juzgado de Trabajo
01387-2024-0-2301-JR-LA-02,1387,2024,PENDIENTE EN TRÁMITE,TOTAL PENDIENTES AL MES ANTERIOR,DECRETO PUESTO A DESPACHO PARA SENTENCIAR(ULTIMA SENTENCIA),30/05/2025 09:24,ORDINARIO,DECLARACIÓN DE NULIDAD DE ACTOS ADMINISTRATIVOS,Contencioso Administrativo,12,2do Juzgado de Trabajo
01348-2024-0-2301-JR-LA-02,1348,2024,PENDIENTE EN TRÁMITE,TOTAL PENDIENTES AL MES ANTERIOR,CONTINUA EN TRAMITE (POR SENTENCIAR) (INV.202401),14/10/2024 08:29,ORDINARIO,DECLARACIÓN DE NULIDAD DE ACTOS ADMINISTRATIVOS,Contencioso Administrativo,12,2do Juzgado de Trabajo
00745-2023-0-2301-JR-LA-02,745,2023,PENDIENTE EN TRÁMITE,TOTAL PENDIENTES AL MES ANTERIOR,CONTINUA EN TRAMITE (POR SENTENCIAR) (INV.202401),07/06/2023 16:48,ORDINARIO,RECONOCIMIENTO DEL DERECHO TUTELADO,Contencioso Administrativo,12,2do Juzgado de Trabajo
01257-2025-0-2301-JR-LA-02,1257,2025,PENDIENTE EN TRÁMITE,TOTAL PENDIENTES AL MES ANTERIOR,AUTO DE SANEAMIENTO QUE NO CONCLUYE EL PROCESO,25/09/2025 11:27,ORDINARIO,RECONOCIMIENTO DEL DERECHO TUTELADO,Contencioso Administrativo,12,2do Juzgado de Trabajo
00781-2025-0-2301-JR-LA-02,781,2025,PENDIENTE EN TRÁMITE,TOTAL PENDIENTES AL MES ANTERIOR,DECRETO PUESTO A DESPACHO PARA SENTENCIAR(ULTIMA SENTENCIA),30/07/2025 11:27,ORDINARIO,DECLARACIÓN DE NULIDAD DE ACTOS ADMINISTRATIVOS,Contencioso Administrativo,12,2do Juzgado de Trabajo
00745-2024-0-2301-JR-LA-02,745,2024,PENDIENTE EN TRÁMITE,TOTAL PENDIENTES AL MES ANTERIOR,CONTINUA EN TRAMITE (POR SENTENCIAR) (INV.202401),23/10/2024 15:38,ORDINARIO,DECLARACIÓN DE NULIDAD DE ACTOS ADMINISTRATIVOS,Contencioso Administrativo,12,2do Juzgado de Trabajo
01219-2025-0-2301-JR-LA-02,1219,2025,PENDIENTE EN TRÁMITE,TOTAL PENDIENTES AL MES ANTERIOR,AUTO DE SANEAMIENTO QUE NO CONCLUYE EL PROCESO,25/09/2025 15:53,ORDINARIO,CONTENIDO ESPECIAL DEL DERECHO A LA PENSION,Contencioso Administrativo,12,2do Juzgado de Trabajo
00097-2025-0-2301-JR-LA-02,97,2025,PENDIENTE EN TRÁMITE,TOTAL PENDIENTES AL MES ANTERIOR,AUTO DE SANEAMIENTO QUE NO CONCLUYE EL PROCESO,09/05/2025 10:00,ORDINARIO,DECLARACIÓN DE NULIDAD DE ACTOS ADMINISTRATIVOS,Contencioso Administrativo,12,2do Juzgado de Trabajo
00082-2025-0-2301-JR-LA-02,82,2025,PENDIENTE EN TRÁMITE,TOTAL PENDIENTES AL MES ANTERIOR,AUTO DE SANEAMIENTO QUE NO CONCLUYE EL PROCESO,20/03/2025 16:23,ORDINARIO,DECLARACIÓN DE NULIDAD DE ACTOS ADMINISTRATIVOS,Contencioso Administrativo,12,2do Juzgado de Trabajo
00977-2025-0-2301-JR-LA-02,977,2025,PENDIENTE EN TRÁMITE,TOTAL PENDIENTES AL MES ANTERIOR,AUTO DE SANEAMIENTO QUE NO CONCLUYE EL PROCESO,09/10/2025 10:18,ORDINARIO,DECLARACIÓN DE NULIDAD DE ACTOS ADMINISTRATIVOS,Contencioso Administrativo,12,2do Juzgado de Trabajo
01385-2025-0-2301-JR-LA-02,1385,2025,PENDIENTE EN TRÁMITE,TOTAL PENDIENTES AL MES ANTERIOR,AUTO DE SANEAMIENTO QUE NO CONCLUYE EL PROCESO,04/11/2025 11:16,ORDINARIO,DECLARACIÓN DE NULIDAD DE ACTOS ADMINISTRATIVOS,Contencioso Administrativo,12,2do Juzgado de Trabajo
01388-2025-0-2301-JR-LA-02,1388,2025,PENDIENTE EN TRÁMITE,TOTAL PENDIENTES AL MES ANTERIOR,AUTO DE SANEAMIENTO QUE NO CONCLUYE EL PROCESO,22/10/2025 11:51,ORDINARIO,RECONOCIMIENTO DEL DERECHO TUTELADO,Contencioso Administrativo,12,2do Juzgado de Trabajo
01233-2025-0-2301-JR-LA-03,1233,2025,PENDIENTE EN TRÁMITE,TOTAL PENDIENTES AL MES ANTERIOR,AUTO DE SANEAMIENTO QUE NO CONCLUYE EL PROCESO,21/10/2025 16:09,ORDINARIO,RECONOCIMIENTO DEL DERECHO TUTELADO,Contencioso Administrativo,12,2do Juzgado de Trabajo
00550-2024-0-2301-JR-LA-02,550,2024,PENDIENTE EN TRÁMITE,TOTAL PENDIENTES AL MES ANTERIOR,DECRETO PUESTO A DESPACHO PARA SENTENCIAR(ULTIMA SENTENCIA),20/03/2025 13:22,ORDINARIO,DECLARACIÓN DE NULIDAD DE ACTOS ADMINISTRATIVOS,Contencioso Administrativo,12,2do Juzgado de Trabajo
01548-2025-0-2301-JR-LA-02,1548,2025,PENDIENTE EN TRÁMITE,TOTAL PENDIENTES AL MES ANTERIOR,AUTO DE SANEAMIENTO QUE NO CONCLUYE EL PROCESO,28/11/2025 08:49,ORDINARIO,RECONOCIMIENTO DEL DERECHO TUTELADO,Contencioso Administrativo,12,2do Juzgado de Trabajo
01001-2025-0-2301-JR-LA-02,1001,2025,PENDIENTE EN TRÁMITE,TOTAL PENDIENTES AL MES ANTERIOR,AUTO DE SANEAMIENTO QUE NO CONCLUYE EL PROCESO,07/08/2025 10:12,ORDINARIO,CUMPLIMIENTO DE ACTUACIONES DISPUESTA POR ACTO ADMINISTRATIVO,Contencioso Administrativo,12,2do Juzgado de Trabajo
01365-2025-0-2301-JR-LA-02,1365,2025,PENDIENTE EN TRÁMITE,TOTAL PENDIENTES AL MES ANTERIOR,AUTO DE SANEAMIENTO QUE NO CONCLUYE EL PROCESO,22/10/2025 11:52,ORDINARIO,DECLARACIÓN DE NULIDAD DE ACTOS ADMINISTRATIVOS,Contencioso Administrativo,12,2do Juzgado de Trabajo
00807-2025-0-2301-JR-LA-02,807,2025,PENDIENTE EN TRÁMITE,TOTAL PENDIENTES AL MES ANTERIOR,AUTO DE SANEAMIENTO QUE NO CONCLUYE EL PROCESO,20/06/2025 11:06,ORDINARIO,DECLARACIÓN DE NULIDAD DE ACTOS ADMINISTRATIVOS,Contencioso Administrativo,12,2do Juzgado de Trabajo
01493-2025-0-2301-JR-LA-02,1493,2025,PENDIENTE EN TRÁMITE,TOTAL PENDIENTES AL MES ANTERIOR,AUTO DE SANEAMIENTO QUE NO CONCLUYE EL PROCESO,03/11/2025 15:07,ORDINARIO,DECLARACIÓN DE NULIDAD DE ACTOS ADMINISTRATIVOS,Contencioso Administrativo,12,2do Juzgado de Trabajo
01482-2025-0-2301-JR-LA-02,1482,2025,PENDIENTE EN TRÁMITE,TOTAL PENDIENTES AL MES ANTERIOR,AUTO DE SANEAMIENTO QUE NO CONCLUYE EL PROCESO,27/11/2025 16:52,ORDINARIO,RECONOCIMIENTO DEL DERECHO TUTELADO,Contencioso Administrativo,12,2do Juzgado de Trabajo
01140-2025-0-2301-JR-LA-02,1140,2025,PENDIENTE EN TRÁMITE,TOTAL PENDIENTES AL MES ANTERIOR,AUTO DE SANEAMIENTO QUE NO CONCLUYE EL PROCESO,04/09/2025 17:09,ORDINARIO,DECLARACIÓN DE NULIDAD DE ACTOS ADMINISTRATIVOS,Contencioso Administrativo,12,2do Juzgado de Trabajo
01660-2023-0-2301-JR-LA-03,1660,2023,PENDIENTE EN TRÁMITE,TOTAL PENDIENTES AL MES ANTERIOR,CONTINUA EN TRAMITE (POR SENTENCIAR) (INV.202401),24/11/2023 17:13,ORDINARIO,DECLARACIÓN DE INEFICACIA DE ACTOS ADMINISTRATIVOS,Contencioso Administrativo,12,2do Juzgado de Trabajo
01199-2025-0-2301-JR-LA-02,1199,2025,PENDIENTE EN TRÁMITE,TOTAL PENDIENTES AL MES ANTERIOR,AUTO DE SANEAMIENTO QUE NO CONCLUYE EL PROCESO,15/09/2025 17:06,ORDINARIO,CUMPLIMIENTO DE ACTUACIONES DISPUESTA POR ACTO ADMINISTRATIVO,Contencioso Administrativo,12,2do Juzgado de Trabajo
00846-2025-0-2301-JR-LA-02,846,2025,PENDIENTE EN TRÁMITE,TOTAL PENDIENTES AL MES ANTERIOR,AUTO DE SANEAMIENTO QUE NO CONCLUYE EL PROCESO,10/09/2025 07:54,ORDINARIO,DECLARACIÓN DE INEFICACIA DE ACTOS ADMINISTRATIVOS,Contencioso Administrativo,12,2do Juzgado de Trabajo
01532-2023-0-2301-JR-LA-02,1532,2023,PENDIENTE EN TRÁMITE,TOTAL PENDIENTES AL MES ANTERIOR,AUTO DE SANEAMIENTO QUE NO CONCLUYE EL PROCESO,04/06/2025 16:59,ORDINARIO,RESTABLECIMIENTO DEL DERECHO TUTELADO,Contencioso Administrativo,12,2do Juzgado de Trabajo
01470-2025-0-2301-JR-LA-02,1470,2025,PENDIENTE EN TRÁMITE,TOTAL PENDIENTES AL MES ANTERIOR,AUTO DE SANEAMIENTO QUE NO CONCLUYE EL PROCESO,05/11/2025 16:25,ORDINARIO,DECLARACIÓN DE NULIDAD DE ACTOS ADMINISTRATIVOS,Contencioso Administrativo,12,2do Juzgado de Trabajo
01506-2024-0-2301-JR-LA-02,1506,2024,PENDIENTE EN TRÁMITE,TOTAL PENDIENTES AL MES ANTERIOR,DECRETO PUESTO A DESPACHO PARA SENTENCIAR(ULTIMA SENTENCIA),18/11/2025 12:45,ORDINARIO,DECLARACIÓN DE NULIDAD DE ACTOS ADMINISTRATIVOS,Contencioso Administrativo,12,2do Juzgado de Trabajo
01432-2025-0-2301-JR-LA-01,1432,2025,PENDIENTE EN TRÁMITE,TOTAL PENDIENTES AL MES ANTERIOR,AUTO DE SANEAMIENTO QUE NO CONCLUYE EL PROCESO,27/11/2025 16:54,ORDINARIO,RECONOCIMIENTO DEL DERECHO TUTELADO,Contencioso Administrativo,12,2do Juzgado de Trabajo
01486-2025-0-2301-JR-LA-02,1486,2025,PENDIENTE EN TRÁMITE,TOTAL PENDIENTES AL MES ANTERIOR,AUTO DE SANEAMIENTO QUE NO CONCLUYE EL PROCESO,12/11/2025 07:50,ORDINARIO,RECONOCIMIENTO DEL DERECHO TUTELADO,Contencioso Administrativo,12,2do Juzgado de Trabajo
00692-2024-0-2301-JR-LA-02,692,2024,PENDIENTE EN TRÁMITE,TOTAL PENDIENTES AL MES ANTERIOR,CONTINUA EN TRAMITE (POR SENTENCIAR) (INV.202401),05/11/2024 10:17,ORDINARIO,DECLARACIÓN DE NULIDAD DE ACTOS ADMINISTRATIVOS,Contencioso Administrativo,12,2do Juzgado de Trabajo
01171-2025-0-2301-JR-LA-02,1171,2025,PENDIENTE EN TRÁMITE,TOTAL PENDIENTES AL MES ANTERIOR,AUTO DE SANEAMIENTO QUE NO CONCLUYE EL PROCESO,04/11/2025 11:29,ORDINARIO,DECLARACIÓN DE NULIDAD DE ACTOS ADMINISTRATIVOS,Contencioso Administrativo,12,2do Juzgado de Trabajo
01211-2025-0-2301-JR-LA-02,1211,2025,PENDIENTE EN TRÁMITE,TOTAL PENDIENTES AL MES ANTERIOR,AUTO DE SANEAMIENTO QUE NO CONCLUYE EL PROCESO,16/09/2025 12:56,ORDINARIO,DECLARACIÓN DE NULIDAD DE ACTOS ADMINISTRATIVOS,Contencioso Administrativo,12,2do Juzgado de Trabajo
00840-2025-0-2301-JR-LA-02,840,2025,PENDIENTE EN TRÁMITE,TOTAL PENDIENTES AL MES ANTERIOR,AUTO DE SANEAMIENTO QUE NO CONCLUYE EL PROCESO,04/07/2025 09:29,ORDINARIO,CUMPLIMIENTO DE ACTUACIONES DISPUESTA POR ACTO ADMINISTRATIVO,Contencioso Administrativo,12,2do Juzgado de Trabajo
01184-2024-0-2301-JR-LA-02,1184,2024,PENDIENTE EN TRÁMITE,TOTAL PENDIENTES AL MES ANTERIOR,CONTINUA EN TRAMITE (POR SENTENCIAR) (INV.202401),19/09/2024 08:16,ORDINARIO,DECLARACIÓN DE NULIDAD DE ACTOS ADMINISTRATIVOS,Contencioso Administrativo,12,2do Juzgado de Trabajo
00585-2024-0-2301-JR-LA-02,585,2024,PENDIENTE EN TRÁMITE,TOTAL PENDIENTES AL MES ANTERIOR,DECRETO PUESTO A DESPACHO PARA SENTENCIAR(ULTIMA SENTENCIA),13/03/2025 08:16,ORDINARIO,DECLARACIÓN DE NULIDAD DE ACTOS ADMINISTRATIVOS,Contencioso Administrativo,12,2do Juzgado de Trabajo
01774-2025-0-2301-JR-LA-02,1774,2025,NUEVOS ADMITIDOS,TOTAL INGRESOS A TRÁMITE,AUTO ADMISORIO,03/12/2025 10:26,URGENTE,CUMPLIMIENTO DE ACTUACIONES DISPUESTA POR ACTO ADMINISTRATIVO,Contencioso Administrativo,12,2do Juzgado de Trabajo
01794-2025-0-2301-JR-LA-02,1794,2025,NUEVOS ADMITIDOS,TOTAL INGRESOS A TRÁMITE,AUTO ADMISORIO,15/12/2025 17:15,URGENTE,CUMPLIMIENTO DE ACTUACIONES DISPUESTA POR ACTO ADMINISTRATIVO,Contencioso Administrativo,12,2do Juzgado de Trabajo
01847-2025-0-2301-JR-LA-02,1847,2025,NUEVOS ADMITIDOS,TOTAL INGRESOS A TRÁMITE,AUTO ADMISORIO,24/12/2025 14:50,ORDINARIO,DECLARACIÓN DE NULIDAD DE ACTOS ADMINISTRATIVOS,Contencioso Administrativo,12,2do Juzgado de Trabajo
01877-2025-0-2301-JR-LA-02,1877,2025,NUEVOS ADMITIDOS,TOTAL INGRESOS A TRÁMITE,AUTO ADMISORIO,29/12/2025 15:48,ORDINARIO,DECLARACIÓN DE NULIDAD DE ACTOS ADMINISTRATIVOS,Contencioso Administrativo,12,2do Juzgado de Trabajo
01897-2025-0-2301-JR-LA-02,1897,2025,NUEVOS ADMITIDOS,TOTAL INGRESOS A TRÁMITE,AUTO ADMISORIO,29/12/2025 11:55,ORDINARIO,RECONOCIMIENTO DEL DERECHO TUTELADO,Contencioso Administrativo,12,2do Juzgado de Trabajo
01814-2025-0-2301-JR-LA-02,1814,2025,NUEVOS ADMITIDOS,TOTAL INGRESOS A TRÁMITE,AUTO ADMISORIO,15/12/2025 17:16,ORDINARIO,RECONOCIMIENTO DEL DERECHO TUTELADO,Contencioso Administrativo,12,2do Juzgado de Trabajo
01904-2025-0-2301-JR-LA-02,1904,2025,NUEVOS ADMITIDOS,TOTAL INGRESOS A TRÁMITE,AUTO ADMISORIO,29/12/2025 11:55,URGENTE,CUMPLIMIENTO DE ACTUACIONES DISPUESTA POR ACTO ADMINISTRATIVO,Contencioso Administrativo,12,2do Juzgado de Trabajo
01902-2025-0-2301-JR-LA-02,1902,2025,NUEVOS ADMITIDOS,TOTAL INGRESOS A TRÁMITE,AUTO ADMISORIO,29/12/2025 10:22,ORDINARIO,DECLARACIÓN DE NULIDAD DE ACTOS ADMINISTRATIVOS,Contencioso Administrativo,12,2do Juzgado de Trabajo
01899-2025-0-2301-JR-LA-02,1899,2025,NUEVOS ADMITIDOS,TOTAL INGRESOS A TRÁMITE,AUTO ADMISORIO,29/12/2025 13:08,ORDINARIO,DECLARACIÓN DE NULIDAD DE ACTOS ADMINISTRATIVOS,Contencioso Administrativo,12,2do Juzgado de Trabajo
01895-2025-0-2301-JR-LA-02,1895,2025,NUEVOS ADMITIDOS,TOTAL INGRESOS A TRÁMITE,AUTO ADMISORIO,29/12/2025 10:22,ORDINARIO,RECONOCIMIENTO DEL DERECHO TUTELADO,Contencioso Administrativo,12,2do Juzgado de Trabajo
01893-2025-0-2301-JR-LA-02,1893,2025,NUEVOS ADMITIDOS,TOTAL INGRESOS A TRÁMITE,AUTO ADMISORIO,27/12/2025 21:19,ORDINARIO,RECONOCIMIENTO DEL DERECHO TUTELADO,Contencioso Administrativo,12,2do Juzgado de Trabajo
01891-2025-0-2301-JR-LA-02,1891,2025,NUEVOS ADMITIDOS,TOTAL INGRESOS A TRÁMITE,AUTO ADMISORIO,29/12/2025 13:08,ORDINARIO,RECONOCIMIENTO DEL DERECHO TUTELADO,Contencioso Administrativo,12,2do Juzgado de Trabajo
01869-2025-0-2301-JR-LA-02,1869,2025,NUEVOS ADMITIDOS,TOTAL INGRESOS A TRÁMITE,AUTO ADMISORIO,29/12/2025 15:47,ORDINARIO,RECONOCIMIENTO DEL DERECHO TUTELADO,Contencioso Administrativo,12,2do Juzgado de Trabajo
01860-2025-0-2301-JR-LA-02,1860,2025,NUEVOS ADMITIDOS,TOTAL INGRESOS A TRÁMITE,AUTO ADMISORIO,24/12/2025 08:06,ORDINARIO,DECLARACIÓN DE NULIDAD DE ACTOS ADMINISTRATIVOS,Contencioso Administrativo,12,2do Juzgado de Trabajo
01858-2025-0-2301-JR-LA-02,1858,2025,NUEVOS ADMITIDOS,TOTAL INGRESOS A TRÁMITE,AUTO ADMISORIO,23/12/2025 08:44,ORDINARIO,DECLARACIÓN DE NULIDAD DE ACTOS ADMINISTRATIVOS,Contencioso Administrativo,12,2do Juzgado de Trabajo
01840-2025-0-2301-JR-LA-02,1840,2025,NUEVOS ADMITIDOS,TOTAL INGRESOS A TRÁMITE,AUTO ADMISORIO,24/12/2025 14:50,ORDINARIO,DECLARACIÓN DE NULIDAD DE ACTOS ADMINISTRATIVOS,Contencioso Administrativo,12,2do Juzgado de Trabajo
01837-2025-0-2301-JR-LA-02,1837,2025,NUEVOS ADMITIDOS,TOTAL INGRESOS A TRÁMITE,AUTO ADMISORIO,22/12/2025 16:52,ORDINARIO,RECONOCIMIENTO DEL DERECHO TUTELADO,Contencioso Administrativo,12,2do Juzgado de Trabajo
01826-2025-0-2301-JR-LA-02,1826,2025,NUEVOS ADMITIDOS,TOTAL INGRESOS A TRÁMITE,AUTO ADMISORIO,16/12/2025 15:33,ORDINARIO,DECLARACIÓN DE NULIDAD DE ACTOS ADMINISTRATIVOS,Contencioso Administrativo,12,2do Juzgado de Trabajo
01824-2025-0-2301-JR-LA-02,1824,2025,NUEVOS ADMITIDOS,TOTAL INGRESOS A TRÁMITE,AUTO ADMISORIO,16/12/2025 15:33,URGENTE,CUMPLIMIENTO DE ACTUACIONES DISPUESTA POR ACTO ADMINISTRATIVO,Contencioso Administrativo,12,2do Juzgado de Trabajo
01822-2025-0-2301-JR-LA-02,1822,2025,NUEVOS ADMITIDOS,TOTAL INGRESOS A TRÁMITE,AUTO ADMISORIO,16/12/2025 15:10,URGENTE,CUMPLIMIENTO DE ACTUACIONES DISPUESTA POR ACTO ADMINISTRATIVO,Contencioso Administrativo,12,2do Juzgado de Trabajo
01820-2025-0-2301-JR-LA-02,1820,2025,NUEVOS ADMITIDOS,TOTAL INGRESOS A TRÁMITE,AUTO ADMISORIO,16/12/2025 15:33,ORDINARIO,DECLARACIÓN DE NULIDAD DE ACTOS ADMINISTRATIVOS,Contencioso Administrativo,12,2do Juzgado de Trabajo
01818-2025-0-2301-JR-LA-02,1818,2025,NUEVOS ADMITIDOS,TOTAL INGRESOS A TRÁMITE,AUTO ADMISORIO,15/12/2025 17:16,ORDINARIO,RECONOCIMIENTO DEL DERECHO TUTELADO,Contencioso Administrativo,12,2do Juzgado de Trabajo
01811-2025-0-2301-JR-LA-02,1811,2025,NUEVOS ADMITIDOS,TOTAL INGRESOS A TRÁMITE,AUTO ADMISORIO,16/12/2025 15:00,ORDINARIO,DECLARACIÓN DE NULIDAD DE ACTOS ADMINISTRATIVOS,Contencioso Administrativo,12,2do Juzgado de Trabajo
01808-2025-0-2301-JR-LA-02,1808,2025,NUEVOS ADMITIDOS,TOTAL INGRESOS A TRÁMITE,AUTO ADMISORIO,16/12/2025 12:06,ORDINARIO,DECLARACIÓN DE NULIDAD DE ACTOS ADMINISTRATIVOS,Contencioso Administrativo,12,2do Juzgado de Trabajo
01797-2025-0-2301-JR-LA-02,1797,2025,NUEVOS ADMITIDOS,TOTAL INGRESOS A TRÁMITE,AUTO ADMISORIO,15/12/2025 17:15,URGENTE,CUMPLIMIENTO DE ACTUACIONES DISPUESTA POR ACTO ADMINISTRATIVO,Contencioso Administrativo,12,2do Juzgado de Trabajo
01786-2025-0-2301-JR-LA-02,1786,2025,NUEVOS ADMITIDOS,TOTAL INGRESOS A TRÁMITE,AUTO ADMISORIO,15/12/2025 17:15,URGENTE,CUMPLIMIENTO DE ACTUACIONES DISPUESTA POR ACTO ADMINISTRATIVO,Contencioso Administrativo,12,2do Juzgado de Trabajo
01780-2025-0-2301-JR-LA-02,1780,2025,NUEVOS ADMITIDOS,TOTAL INGRESOS A TRÁMITE,AUTO ADMISORIO,15/12/2025 17:15,ORDINARIO,DECLARACIÓN DE NULIDAD DE ACTOS ADMINISTRATIVOS,Contencioso Administrativo,12,2do Juzgado de Trabajo
01777-2025-0-2301-JR-LA-02,1777,2025,NUEVOS ADMITIDOS,TOTAL INGRESOS A TRÁMITE,AUTO ADMISORIO,03/12/2025 15:32,ORDINARIO,DECLARACIÓN DE NULIDAD DE ACTOS ADMINISTRATIVOS,Contencioso Administrativo,12,2do Juzgado de Trabajo
01770-2025-0-2301-JR-LA-02,1770,2025,NUEVOS ADMITIDOS,TOTAL INGRESOS A TRÁMITE,AUTO ADMISORIO,02/12/2025 16:03,URGENTE,CUMPLIMIENTO DE ACTUACIONES DISPUESTA POR ACTO ADMINISTRATIVO,Contencioso Administrativo,12,2do Juzgado de Trabajo
01764-2025-0-2301-JR-LA-02,1764,2025,NUEVOS ADMITIDOS,TOTAL INGRESOS A TRÁMITE,AUTO ADMISORIO,02/12/2025 16:04,ORDINARIO,DECLARACIÓN DE NULIDAD DE ACTOS ADMINISTRATIVOS,Contencioso Administrativo,12,2do Juzgado de Trabajo
01762-2025-0-2301-JR-LA-02,1762,2025,NUEVOS ADMITIDOS,TOTAL INGRESOS A TRÁMITE,AUTO ADMISORIO,02/12/2025 16:04,ORDINARIO,DECLARACIÓN DE NULIDAD DE ACTOS ADMINISTRATIVOS,Contencioso Administrativo,12,2do Juzgado de Trabajo
01758-2025-0-2301-JR-LA-02,1758,2025,NUEVOS ADMITIDOS,TOTAL INGRESOS A TRÁMITE,AUTO ADMISORIO,01/12/2025 23:37,URGENTE,CUMPLIMIENTO DE ACTUACIONES DISPUESTA POR ACTO ADMINISTRATIVO,Contencioso Administrativo,12,2do Juzgado de Trabajo
01752-2025-0-2301-JR-LA-02,1752,2025,NUEVOS ADMITIDOS,TOTAL INGRESOS A TRÁMITE,AUTO ADMISORIO,02/12/2025 16:04,ORDINARIO,RECONOCIMIENTO DEL DERECHO TUTELADO,Contencioso Administrativo,12,2do Juzgado de Trabajo
01750-2025-0-2301-JR-LA-02,1750,2025,NUEVOS ADMITIDOS,TOTAL INGRESOS A TRÁMITE,AUTO ADMISORIO,01/12/2025 23:36,ORDINARIO,DECLARACIÓN DE NULIDAD DE ACTOS ADMINISTRATIVOS,Contencioso Administrativo,12,2do Juzgado de Trabajo
01748-2025-0-2301-JR-LA-02,1748,2025,NUEVOS ADMITIDOS,TOTAL INGRESOS A TRÁMITE,AUTO ADMISORIO,22/12/2025 16:15,ORDINARIO,RECONOCIMIENTO DEL DERECHO TUTELADO,Contencioso Administrativo,12,2do Juzgado de Trabajo
01741-2025-0-2301-JR-LA-02,1741,2025,NUEVOS ADMITIDOS,TOTAL INGRESOS A TRÁMITE,AUTO ADMISORIO,01/12/2025 12:32,ORDINARIO,DECLARACIÓN DE NULIDAD DE ACTOS ADMINISTRATIVOS,Contencioso Administrativo,12,2do Juzgado de Trabajo
01739-2025-0-2301-JR-LA-02,1739,2025,NUEVOS ADMITIDOS,TOTAL INGRESOS A TRÁMITE,AUTO ADMISORIO,22/12/2025 16:15,URGENTE,CUMPLIMIENTO DE ACTUACIONES DISPUESTA POR LEY,Contencioso Administrativo,12,2do Juzgado de Trabajo
01736-2025-0-2301-JR-LA-02,1736,2025,NUEVOS ADMITIDOS,TOTAL INGRESOS A TRÁMITE,AUTO ADMISORIO,01/12/2025 11:21,ORDINARIO,DECLARACIÓN DE NULIDAD DE ACTOS ADMINISTRATIVOS,Contencioso Administrativo,12,2do Juzgado de Trabajo
01731-2025-0-2301-JR-LA-02,1731,2025,NUEVOS ADMITIDOS,TOTAL INGRESOS A TRÁMITE,AUTO ADMISORIO,01/12/2025 11:22,ORDINARIO,RECONOCIMIENTO DEL DERECHO TUTELADO,Contencioso Administrativo,12,2do Juzgado de Trabajo
01729-2025-0-2301-JR-LA-02,1729,2025,NUEVOS ADMITIDOS,TOTAL INGRESOS A TRÁMITE,AUTO ADMISORIO,22/12/2025 16:14,ORDINARIO,RECONOCIMIENTO DEL DERECHO TUTELADO,Contencioso Administrativo,12,2do Juzgado de Trabajo
01727-2025-0-2301-JR-LA-02,1727,2025,NUEVOS ADMITIDOS,TOTAL INGRESOS A TRÁMITE,AUTO ADMISORIO,01/12/2025 08:19,ORDINARIO,DECLARACIÓN DE NULIDAD DE ACTOS ADMINISTRATIVOS,Contencioso Administrativo,12,2do Juzgado de Trabajo
01723-2025-0-2301-JR-LA-02,1723,2025,NUEVOS ADMITIDOS,TOTAL INGRESOS A TRÁMITE,AUTO ADMISORIO,01/12/2025 11:21,ORDINARIO,RECONOCIMIENTO DEL DERECHO TUTELADO,Contencioso Administrativo,12,2do Juzgado de Trabajo
01721-2025-0-2301-JR-LA-02,1721,2025,NUEVOS ADMITIDOS,TOTAL INGRESOS A TRÁMITE,AUTO ADMISORIO,01/12/2025 08:20,ORDINARIO,DECLARACIÓN DE NULIDAD DE ACTOS ADMINISTRATIVOS,Contencioso Administrativo,12,2do Juzgado de Trabajo
01717-2025-0-2301-JR-LA-01,1717,2025,NUEVOS ADMITIDOS,TOTAL INGRESOS A TRÁMITE,AUTO ADMISORIO,16/12/2025 15:00,ORDINARIO,RECONOCIMIENTO DEL DERECHO TUTELADO,Contencioso Administrativo,12,2do Juzgado de Trabajo
01713-2025-0-2301-JR-LA-02,1713,2025,NUEVOS ADMITIDOS,TOTAL INGRESOS A TRÁMITE,AUTO ADMISORIO,01/12/2025 11:21,ORDINARIO,RECONOCIMIENTO DEL DERECHO TUTELADO,Contencioso Administrativo,12,2do Juzgado de Trabajo
01697-2025-0-2301-JR-LA-02,1697,2025,NUEVOS ADMITIDOS,TOTAL INGRESOS A TRÁMITE,AUTO ADMISORIO,03/12/2025 10:27,ORDINARIO,RECONOCIMIENTO DEL DERECHO TUTELADO,Contencioso Administrativo,12,2do Juzgado de Trabajo
01665-2025-0-2301-JR-LA-02,1665,2025,NUEVOS ADMITIDOS,TOTAL INGRESOS A TRÁMITE,AUTO ADMISORIO,02/12/2025 16:05,ORDINARIO,CUMPLIMIENTO DE ACTUACIONES DISPUESTA POR LEY,Contencioso Administrativo,12,2do Juzgado de Trabajo
01659-2025-0-2301-JR-LA-03,1659,2025,NUEVOS ADMITIDOS,TOTAL INGRESOS A TRÁMITE,AUTO ADMISORIO,22/12/2025 16:14,ORDINARIO,RECONOCIMIENTO DEL DERECHO TUTELADO,Contencioso Administrativo,12,2do Juzgado de Trabajo
01651-2025-0-2301-JR-LA-02,1651,2025,NUEVOS ADMITIDOS,TOTAL INGRESOS A TRÁMITE,AUTO ADMISORIO,02/12/2025 17:00,ORDINARIO,RESTABLECIMIENTO DEL DERECHO TUTELADO,Contencioso Administrativo,12,2do Juzgado de Trabajo
01649-2025-0-2301-JR-LA-02,1649,2025,NUEVOS ADMITIDOS,TOTAL INGRESOS A TRÁMITE,AUTO ADMISORIO,18/12/2025 10:18,ORDINARIO,RECONOCIMIENTO DEL DERECHO TUTELADO,Contencioso Administrativo,12,2do Juzgado de Trabajo
01645-2025-0-2301-JR-LA-02,1645,2025,NUEVOS ADMITIDOS,TOTAL INGRESOS A TRÁMITE,AUTO ADMISORIO,02/12/2025 12:45,ORDINARIO,DECLARACIÓN DE NULIDAD DE ACTOS ADMINISTRATIVOS,Contencioso Administrativo,12,2do Juzgado de Trabajo
01634-2025-0-2301-JR-LA-02,1634,2025,NUEVOS ADMITIDOS,TOTAL INGRESOS A TRÁMITE,AUTO ADMISORIO,02/12/2025 12:45,ORDINARIO,DECLARACIÓN DE INEFICACIA DE ACTOS ADMINISTRATIVOS,Contencioso Administrativo,12,2do Juzgado de Trabajo
01630-2025-0-2301-JR-LA-02,1630,2025,NUEVOS ADMITIDOS,TOTAL INGRESOS A TRÁMITE,AUTO ADMISORIO,02/12/2025 16:06,ORDINARIO,RECONOCIMIENTO DEL DERECHO TUTELADO,Contencioso Administrativo,12,2do Juzgado de Trabajo
01620-2025-0-2301-JR-LA-02,1620,2025,NUEVOS ADMITIDOS,TOTAL INGRESOS A TRÁMITE,AUTO ADMISORIO,18/12/2025 10:18,ORDINARIO,DECLARACIÓN DE NULIDAD DE ACTOS ADMINISTRATIVOS,Contencioso Administrativo,12,2do Juzgado de Trabajo
01612-2025-0-2301-JR-LA-02,1612,2025,NUEVOS ADMITIDOS,TOTAL INGRESOS A TRÁMITE,AUTO ADMISORIO,02/12/2025 12:44,ORDINARIO,DECLARACIÓN DE NULIDAD DE ACTOS ADMINISTRATIVOS,Contencioso Administrativo,12,2do Juzgado de Trabajo
01568-2025-0-2301-JR-LA-01,1568,2025,NUEVOS ADMITIDOS,TOTAL INGRESOS A TRÁMITE,AUTO ADMISORIO,02/12/2025 12:43,ORDINARIO,DECLARACIÓN DE NULIDAD DE ACTOS ADMINISTRATIVOS,Contencioso Administrativo,12,2do Juzgado de Trabajo
01564-2025-0-2301-JR-LA-03,1564,2025,NUEVOS ADMITIDOS,TOTAL INGRESOS A TRÁMITE,AUTO ADMISORIO,02/12/2025 12:46,ORDINARIO,RECONOCIMIENTO DEL DERECHO TUTELADO,Contencioso Administrativo,12,2do Juzgado de Trabajo
01467-2025-0-2301-JR-LA-03,1467,2025,NUEVOS ADMITIDOS,TOTAL INGRESOS A TRÁMITE,AUTO ADMISORIO,02/12/2025 12:44,ORDINARIO,RECONOCIMIENTO DEL DERECHO TUTELADO,Contencioso Administrativo,12,2do Juzgado de Trabajo
01350-2025-0-2301-JR-LA-02,1350,2025,NUEVOS ADMITIDOS,TOTAL INGRESOS A TRÁMITE,AUTO ADMISORIO,03/12/2025 10:26,ORDINARIO,DECLARACIÓN DE NULIDAD DE ACTOS ADMINISTRATIVOS,Contencioso Administrativo,12,2do Juzgado de Trabajo
01658-2025-0-2301-JR-LA-01,1658,2025,NUEVOS ADMITIDOS,TOTAL INGRESOS A TRÁMITE,AUTO ADMISORIO,02/12/2025 16:59,ORDINARIO,RECONOCIMIENTO DEL DERECHO TUTELADO,Contencioso Administrativo,12,2do Juzgado de Trabajo
01725-2025-0-2301-JR-LA-02,1725,2025,NUEVOS ADMITIDOS,TOTAL INGRESOS A TRÁMITE,AUTO ADMISORIO,01/12/2025 08:20,ORDINARIO,CUMPLIMIENTO DE ACTUACIONES DISPUESTA POR ACTO ADMINISTRATIVO,Contencioso Administrativo,12,2do Juzgado de Trabajo
01734-2025-0-2301-JR-LA-02,1734,2025,NUEVOS ADMITIDOS,TOTAL INGRESOS A TRÁMITE,AUTO ADMISORIO,18/12/2025 10:19,ORDINARIO,DECLARACIÓN DE NULIDAD DE ACTOS ADMINISTRATIVOS,Contencioso Administrativo,12,2do Juzgado de Trabajo
01746-2025-0-2301-JR-LA-02,1746,2025,NUEVOS ADMITIDOS,TOTAL INGRESOS A TRÁMITE,AUTO ADMISORIO,01/12/2025 12:32,URGENTE,CUMPLIMIENTO DE ACTUACIONES DISPUESTA POR ACTO ADMINISTRATIVO,Contencioso Administrativo,12,2do Juzgado de Trabajo
00381-2025-0-2301-JR-LA-03,381,2025,DE OTRA DEPENDENCIA EN TRAMITE,TOTAL INGRESOS A TRÁMITE,RECEPCION  EN DEPENDENCIA POR REDISTRIBUCION,31/12/2025 09:59,ORDINARIO,DECLARACIÓN DE NULIDAD DE ACTOS ADMINISTRATIVOS,Contencioso Administrativo,12,2do Juzgado de Trabajo
00896-2025-0-2301-JR-LA-02,896,2025,ANULADA A TRÁMITE / HABER NULIDAD,TOTAL INGRESOS A TRÁMITE,RECEPCION  EN DEPENDENCIA POR APELACION - DEVOLUCION,27/12/2025 08:30,ORDINARIO,CUMPLIMIENTO DE ACTUACIONES DISPUESTA POR ACTO ADMINISTRATIVO,Contencioso Administrativo,12,2do Juzgado de Trabajo
01694-2024-0-2301-JR-LA-02,1694,2024,ANULADA A TRÁMITE / HABER NULIDAD,TOTAL INGRESOS A TRÁMITE,RECEPCION  EN DEPENDENCIA POR APELACION - DEVOLUCION,23/12/2025 16:15,ORDINARIO,DECLARACIÓN DE NULIDAD DE ACTOS ADMINISTRATIVOS,Contencioso Administrativo,12,2do Juzgado de Trabajo
01692-2024-0-2301-JR-LA-02,1692,2024,ANULADA A TRÁMITE / HABER NULIDAD,TOTAL INGRESOS A TRÁMITE,RECEPCION  EN DEPENDENCIA POR APELACION - DEVOLUCION,23/12/2025 16:06,ORDINARIO,DECLARACIÓN DE NULIDAD DE ACTOS ADMINISTRATIVOS,Contencioso Administrativo,12,2do Juzgado de Trabajo
01680-2024-0-2301-JR-LA-02,1680,2024,ANULADA A TRÁMITE / HABER NULIDAD,TOTAL INGRESOS A TRÁMITE,RECEPCION  EN DEPENDENCIA POR APELACION - DEVOLUCION,23/12/2025 16:14,ORDINARIO,DECLARACIÓN DE NULIDAD DE ACTOS ADMINISTRATIVOS,Contencioso Administrativo,12,2do Juzgado de Trabajo
01579-2024-0-2301-JR-LA-01,1579,2024,ANULADA A TRÁMITE / HABER NULIDAD,TOTAL INGRESOS A TRÁMITE,RECEPCION  EN DEPENDENCIA POR APELACION - DEVOLUCION,23/12/2025 16:14,ORDINARIO,DECLARACIÓN DE NULIDAD DE ACTOS ADMINISTRATIVOS,Contencioso Administrativo,12,2do Juzgado de Trabajo
01429-2024-0-2301-JR-LA-02,1429,2024,ANULADA A TRÁMITE / HABER NULIDAD,TOTAL INGRESOS A TRÁMITE,RECEPCION  EN DEPENDENCIA POR APELACION - DEVOLUCION,29/12/2025 15:31,ORDINARIO,DECLARACIÓN DE NULIDAD DE ACTOS ADMINISTRATIVOS,Contencioso Administrativo,12,2do Juzgado de Trabajo
01421-2024-0-2301-JR-LA-02,1421,2024,ANULADA A TRÁMITE / HABER NULIDAD,TOTAL INGRESOS A TRÁMITE,RECEPCION  DE SENTENCIA DE VISTA QUE ANULA A TRAMITE,02/12/2025 16:10,ORDINARIO,DECLARACIÓN DE NULIDAD DE ACTOS ADMINISTRATIVOS,Contencioso Administrativo,12,2do Juzgado de Trabajo
01417-2024-0-2301-JR-LA-02,1417,2024,ANULADA A TRÁMITE / HABER NULIDAD,TOTAL INGRESOS A TRÁMITE,RECEPCION  DE SENTENCIA DE VISTA QUE ANULA A TRAMITE,31/12/2025 11:35,ORDINARIO,DECLARACIÓN DE NULIDAD DE ACTOS ADMINISTRATIVOS,Contencioso Administrativo,12,2do Juzgado de Trabajo
01337-2024-0-2301-JR-LA-02,1337,2024,ANULADA A TRÁMITE / HABER NULIDAD,TOTAL INGRESOS A TRÁMITE,RECEPCION  DE SENTENCIA DE VISTA QUE ANULA A TRAMITE,18/12/2025 15:31,ORDINARIO,DECLARACIÓN DE NULIDAD DE ACTOS ADMINISTRATIVOS,Contencioso Administrativo,12,2do Juzgado de Trabajo
01607-2025-0-2301-JR-LA-02,1607,2025,PENDIENTE EN TRÁMITE,TOTAL PENDIENTES AL MES ANTERIOR,AUTO ADMISORIO,06/11/2025 09:54,ORDINARIO,RESTABLECIMIENTO DEL DERECHO TUTELADO,Previsional,12,2do Juzgado de Trabajo
01214-2024-0-2301-JR-LA-03,1214,2024,PENDIENTE EN TRÁMITE,TOTAL PENDIENTES AL MES ANTERIOR,RECEPCION  EN DEPENDENCIA POR APELACION - DEVOLUCION,27/11/2025 12:59,ORDINARIO,DECLARACIÓN DE NULIDAD DE ACTOS ADMINISTRATIVOS,Previsional,12,2do Juzgado de Trabajo
01639-2025-0-2301-JR-LA-02,1639,2025,PENDIENTE EN TRÁMITE,TOTAL PENDIENTES AL MES ANTERIOR,AUTO ADMISORIO,18/11/2025 11:12,ORDINARIO,RESTABLECIMIENTO DEL DERECHO TUTELADO,Previsional,12,2do Juzgado de Trabajo
01135-2024-0-2301-JR-LA-02,1135,2024,PENDIENTE EN TRÁMITE,TOTAL PENDIENTES AL MES ANTERIOR,RECEPCION  EN DEPENDENCIA POR APELACION - DEVOLUCION,06/11/2025 12:44,URGENTE,CONTENIDO ESPECIAL DEL DERECHO A LA PENSION,Previsional,12,2do Juzgado de Trabajo
01584-2025-0-2301-JR-LA-02,1584,2025,PENDIENTE EN TRÁMITE,TOTAL PENDIENTES AL MES ANTERIOR,AUTO ADMISORIO,05/11/2025 17:05,ORDINARIO,RESTABLECIMIENTO DEL DERECHO TUTELADO,Previsional,12,2do Juzgado de Trabajo
00608-2024-0-2301-JR-LA-02,608,2024,PENDIENTE EN TRÁMITE,TOTAL PENDIENTES AL MES ANTERIOR,RECEPCION  EN DEPENDENCIA POR APELACION - DEVOLUCION,27/11/2025 13:02,ORDINARIO,RELATIVAS A MATERIA PREVISIONAL,Previsional,12,2do Juzgado de Trabajo
01156-2024-0-2301-JR-LA-01,1156,2024,PENDIENTE EN TRÁMITE,TOTAL PENDIENTES AL MES ANTERIOR,RECEPCION  EN DEPENDENCIA POR APELACION - DEVOLUCION,27/11/2025 12:57,ORDINARIO,DECLARACIÓN DE NULIDAD DE ACTOS ADMINISTRATIVOS,Previsional,12,2do Juzgado de Trabajo
01632-2025-0-2301-JR-LA-02,1632,2025,PENDIENTE EN TRÁMITE,TOTAL PENDIENTES AL MES ANTERIOR,AUTO ADMISORIO,18/11/2025 11:12,ORDINARIO,RESTABLECIMIENTO DEL DERECHO TUTELADO,Previsional,12,2do Juzgado de Trabajo
01744-2025-0-2301-JR-LA-02,1744,2025,NUEVOS ADMITIDOS,TOTAL INGRESOS A TRÁMITE,AUTO ADMISORIO,01/12/2025 12:36,ORDINARIO,RESTABLECIMIENTO DEL DERECHO TUTELADO,Previsional,12,2do Juzgado de Trabajo
01754-2025-0-2301-JR-LA-02,1754,2025,NUEVOS ADMITIDOS,TOTAL INGRESOS A TRÁMITE,AUTO ADMISORIO,02/12/2025 11:22,ORDINARIO,DECLARACIÓN DE NULIDAD DE ACTOS ADMINISTRATIVOS,Previsional,12,2do Juzgado de Trabajo
01768-2025-0-2301-JR-LA-02,1768,2025,NUEVOS ADMITIDOS,TOTAL INGRESOS A TRÁMITE,AUTO ADMISORIO,02/12/2025 16:08,ORDINARIO,RESTABLECIMIENTO DEL DERECHO TUTELADO,Previsional,12,2do Juzgado de Trabajo
01784-2025-0-2301-JR-LA-02,1784,2025,NUEVOS ADMITIDOS,TOTAL INGRESOS A TRÁMITE,AUTO ADMISORIO,15/12/2025 17:17,ORDINARIO,RESTABLECIMIENTO DEL DERECHO TUTELADO,Previsional,12,2do Juzgado de Trabajo
01863-2025-0-2301-JR-LA-02,1863,2025,NUEVOS ADMITIDOS,TOTAL INGRESOS A TRÁMITE,AUTO ADMISORIO,29/12/2025 13:10,ORDINARIO,DECLARACIÓN DE NULIDAD DE ACTOS ADMINISTRATIVOS,Previsional,12,2do Juzgado de Trabajo
00608-2024-0-2301-JR-LA-02,608,2024,ANULADA A TRÁMITE / HABER NULIDAD,TOTAL INGRESOS A TRÁMITE,RECEPCION  DE SENTENCIA DE VISTA QUE ANULA A TRAMITE,02/12/2025 16:07,ORDINARIO,RELATIVAS A MATERIA PREVISIONAL,Previsional,12,2do Juzgado de Trabajo
01214-2024-0-2301-JR-LA-03,1214,2024,ANULADA A TRÁMITE / HABER NULIDAD,TOTAL INGRESOS A TRÁMITE,RECEPCION  DE SENTENCIA DE VISTA QUE ANULA A TRAMITE,03/12/2025 07:45,ORDINARIO,DECLARACIÓN DE NULIDAD DE ACTOS ADMINISTRATIVOS,Previsional,12,2do Juzgado de Trabajo
01156-2024-0-2301-JR-LA-01,1156,2024,ANULADA A TRÁMITE / HABER NULIDAD,TOTAL INGRESOS A TRÁMITE,RECEPCION  DE SENTENCIA DE VISTA QUE ANULA A TRAMITE,02/12/2025 16:08,ORDINARIO,DECLARACIÓN DE NULIDAD DE ACTOS ADMINISTRATIVOS,Previsional,12,2do Juzgado de Trabajo
01585-2025-0-2301-JR-LA-04,1585,2025,PENDIENTE EN TRÁMITE,TOTAL PENDIENTES AL MES ANTERIOR,AUTO ADMISORIO,04/11/2025 14:51,ORDINARIO,DECLARACIÓN DE NULIDAD DE ACTOS ADMINISTRATIVOS,Contencioso Administrativo,12,4to Juzgado de Trabajo
01641-2025-0-2301-JR-LA-04,1641,2025,PENDIENTE EN TRÁMITE,TOTAL PENDIENTES AL MES ANTERIOR,AUTO ADMISORIO,19/11/2025 22:50,ORDINARIO,DECLARACIÓN DE NULIDAD DE ACTOS ADMINISTRATIVOS,Contencioso Administrativo,12,4to Juzgado de Trabajo
01210-2025-0-2301-JR-LA-04,1210,2025,PENDIENTE EN TRÁMITE,TOTAL PENDIENTES AL MES ANTERIOR,AUTO ADMISORIO,22/08/2025 17:08,ORDINARIO,RECONOCIMIENTO DEL DERECHO TUTELADO,Contencioso Administrativo,12,4to Juzgado de Trabajo
01581-2025-0-2301-JR-LA-04,1581,2025,PENDIENTE EN TRÁMITE,TOTAL PENDIENTES AL MES ANTERIOR,AUTO ADMISORIO,27/11/2025 09:05,ORDINARIO,RESTABLECIMIENTO DEL DERECHO TUTELADO,Contencioso Administrativo,12,4to Juzgado de Trabajo
00532-2025-0-2301-JR-LA-04,532,2025,PENDIENTE EN TRÁMITE,TOTAL PENDIENTES AL MES ANTERIOR,AUTO ADMISORIO,28/04/2025 09:58,ORDINARIO,DECLARACIÓN DE NULIDAD DE ACTOS ADMINISTRATIVOS,Contencioso Administrativo,12,4to Juzgado de Trabajo
01690-2025-0-2301-JR-LA-04,1690,2025,PENDIENTE EN TRÁMITE,TOTAL PENDIENTES AL MES ANTERIOR,AUTO ADMISORIO,25/11/2025 14:57,ORDINARIO,DECLARACIÓN DE NULIDAD DE ACTOS ADMINISTRATIVOS,Contencioso Administrativo,12,4to Juzgado de Trabajo
01722-2025-0-2301-JR-LA-04,1722,2025,PENDIENTE EN TRÁMITE,TOTAL PENDIENTES AL MES ANTERIOR,AUTO ADMISORIO,26/11/2025 08:31,ORDINARIO,RECONOCIMIENTO DEL DERECHO TUTELADO,Contencioso Administrativo,12,4to Juzgado de Trabajo
01602-2025-0-2301-JR-LA-04,1602,2025,PENDIENTE EN TRÁMITE,TOTAL PENDIENTES AL MES ANTERIOR,AUTO ADMISORIO,11/11/2025 14:03,ORDINARIO,DECLARACIÓN DE NULIDAD DE ACTOS ADMINISTRATIVOS,Contencioso Administrativo,12,4to Juzgado de Trabajo
01513-2025-0-2301-JR-LA-04,1513,2025,PENDIENTE EN TRÁMITE,TOTAL PENDIENTES AL MES ANTERIOR,AUTO ADMISORIO,20/10/2025 15:39,ORDINARIO,DECLARACIÓN DE NULIDAD DE ACTOS ADMINISTRATIVOS,Contencioso Administrativo,12,4to Juzgado de Trabajo
01430-2025-0-2301-JR-LA-04,1430,2025,PENDIENTE EN TRÁMITE,TOTAL PENDIENTES AL MES ANTERIOR,AUTO ADMISORIO,29/10/2025 12:23,ORDINARIO,DECLARACIÓN DE NULIDAD DE ACTOS ADMINISTRATIVOS,Contencioso Administrativo,12,4to Juzgado de Trabajo
01589-2025-0-2301-JR-LA-04,1589,2025,PENDIENTE EN TRÁMITE,TOTAL PENDIENTES AL MES ANTERIOR,AUTO ADMISORIO,20/11/2025 15:53,ORDINARIO,RECONOCIMIENTO DEL DERECHO TUTELADO,Contencioso Administrativo,12,4to Juzgado de Trabajo
01442-2025-0-2301-JR-LA-01,1442,2025,PENDIENTE EN TRÁMITE,TOTAL PENDIENTES AL MES ANTERIOR,AUTO ADMISORIO,19/11/2025 22:51,ORDINARIO,RECONOCIMIENTO DEL DERECHO TUTELADO,Contencioso Administrativo,12,4to Juzgado de Trabajo
01685-2025-0-2301-JR-LA-04,1685,2025,PENDIENTE EN TRÁMITE,TOTAL PENDIENTES AL MES ANTERIOR,AUTO ADMISORIO,24/11/2025 16:56,ORDINARIO,RECONOCIMIENTO DEL DERECHO TUTELADO,Contencioso Administrativo,12,4to Juzgado de Trabajo
01560-2025-0-2301-JR-LA-01,1560,2025,PENDIENTE EN TRÁMITE,TOTAL PENDIENTES AL MES ANTERIOR,AUTO ADMISORIO,19/11/2025 22:51,ORDINARIO,RECONOCIMIENTO DEL DERECHO TUTELADO,Contencioso Administrativo,12,4to Juzgado de Trabajo
01724-2025-0-2301-JR-LA-04,1724,2025,PENDIENTE EN TRÁMITE,TOTAL PENDIENTES AL MES ANTERIOR,AUTO ADMISORIO,26/11/2025 08:31,ORDINARIO,RECONOCIMIENTO DEL DERECHO TUTELADO,Contencioso Administrativo,12,4to Juzgado de Trabajo
00136-2024-0-2301-JR-LA-02,136,2024,PENDIENTE EN TRÁMITE,TOTAL PENDIENTES AL MES ANTERIOR,CONTINUA EN TRAMITE (1RA INSTANCIA) (INV.202401),19/07/2024 16:48,ORDINARIO,DECLARACIÓN DE NULIDAD DE ACTOS ADMINISTRATIVOS,Contencioso Administrativo,12,4to Juzgado de Trabajo
01474-2025-0-2301-JR-LA-03,1474,2025,PENDIENTE EN TRÁMITE,TOTAL PENDIENTES AL MES ANTERIOR,AUTO ADMISORIO,20/11/2025 15:53,ORDINARIO,RECONOCIMIENTO DEL DERECHO TUTELADO,Contencioso Administrativo,12,4to Juzgado de Trabajo
01351-2025-0-2301-JR-LA-04,1351,2025,PENDIENTE EN TRÁMITE,TOTAL PENDIENTES AL MES ANTERIOR,AUTO ADMISORIO,29/09/2025 16:12,ORDINARIO,DECLARACIÓN DE NULIDAD DE ACTOS ADMINISTRATIVOS,Contencioso Administrativo,12,4to Juzgado de Trabajo
01553-2025-0-2301-JR-LA-04,1553,2025,PENDIENTE EN TRÁMITE,TOTAL PENDIENTES AL MES ANTERIOR,AUTO ADMISORIO,20/11/2025 15:38,ORDINARIO,DECLARACIÓN DE NULIDAD DE ACTOS ADMINISTRATIVOS,Contencioso Administrativo,12,4to Juzgado de Trabajo
01668-2025-0-2301-JR-LA-04,1668,2025,PENDIENTE EN TRÁMITE,TOTAL PENDIENTES AL MES ANTERIOR,AUTO ADMISORIO,19/11/2025 22:50,ORDINARIO,CUMPLIMIENTO DE ACTUACIONES DISPUESTA POR ACTO ADMINISTRATIVO,Contencioso Administrativo,12,4to Juzgado de Trabajo
01605-2025-0-2301-JR-LA-04,1605,2025,PENDIENTE EN TRÁMITE,TOTAL PENDIENTES AL MES ANTERIOR,AUTO ADMISORIO,11/11/2025 14:03,ORDINARIO,DECLARACIÓN DE NULIDAD DE ACTOS ADMINISTRATIVOS,Contencioso Administrativo,12,4to Juzgado de Trabajo
01702-2025-0-2301-JR-LA-04,1702,2025,PENDIENTE EN TRÁMITE,TOTAL PENDIENTES AL MES ANTERIOR,AUTO ADMISORIO,24/11/2025 16:57,URGENTE,CUMPLIMIENTO DE ACTUACIONES DISPUESTA POR ACTO ADMINISTRATIVO,Contencioso Administrativo,12,4to Juzgado de Trabajo
01745-2025-0-2301-JR-LA-04,1745,2025,PENDIENTE EN TRÁMITE,TOTAL PENDIENTES AL MES ANTERIOR,AUTO ADMISORIO,28/11/2025 08:06,ORDINARIO,DECLARACIÓN DE NULIDAD DE ACTOS ADMINISTRATIVOS,Contencioso Administrativo,12,4to Juzgado de Trabajo
01158-2025-0-2301-JR-LA-04,1158,2025,PENDIENTE EN TRÁMITE,TOTAL PENDIENTES AL MES ANTERIOR,AUTO ADMISORIO,13/08/2025 16:26,ORDINARIO,DECLARACIÓN DE NULIDAD DE ACTOS ADMINISTRATIVOS,Contencioso Administrativo,12,4to Juzgado de Trabajo
01704-2025-0-2301-JR-LA-04,1704,2025,PENDIENTE EN TRÁMITE,TOTAL PENDIENTES AL MES ANTERIOR,AUTO ADMISORIO,25/11/2025 14:57,ORDINARIO,CUMPLIMIENTO DE ACTUACIONES DISPUESTA POR ACTO ADMINISTRATIVO,Contencioso Administrativo,12,4to Juzgado de Trabajo
00891-2025-0-2301-JR-LA-04,891,2025,PENDIENTE EN TRÁMITE,TOTAL PENDIENTES AL MES ANTERIOR,AUTO ADMISORIO,08/07/2025 15:51,ORDINARIO,DECLARACIÓN DE NULIDAD DE ACTOS ADMINISTRATIVOS,Contencioso Administrativo,12,4to Juzgado de Trabajo
01640-2024-0-2301-JR-LA-01,1640,2024,PENDIENTE EN TRÁMITE,TOTAL PENDIENTES AL MES ANTERIOR,RECEPCION  EN DEPENDENCIA POR APELACION - DEVOLUCION,29/10/2025 15:31,ORDINARIO,DECLARACIÓN DE NULIDAD DE ACTOS ADMINISTRATIVOS,Contencioso Administrativo,12,4to Juzgado de Trabajo
01555-2025-0-2301-JR-LA-04,1555,2025,PENDIENTE EN TRÁMITE,TOTAL PENDIENTES AL MES ANTERIOR,AUTO ADMISORIO,19/11/2025 22:53,ORDINARIO,DECLARACIÓN DE NULIDAD DE ACTOS ADMINISTRATIVOS,Contencioso Administrativo,12,4to Juzgado de Trabajo
01619-2025-0-2301-JR-LA-04,1619,2025,PENDIENTE EN TRÁMITE,TOTAL PENDIENTES AL MES ANTERIOR,AUTO ADMISORIO,14/11/2025 16:18,ORDINARIO,DECLARACIÓN DE NULIDAD DE ACTOS ADMINISTRATIVOS,Contencioso Administrativo,12,4to Juzgado de Trabajo
01700-2025-0-2301-JR-LA-04,1700,2025,PENDIENTE EN TRÁMITE,TOTAL PENDIENTES AL MES ANTERIOR,AUTO ADMISORIO,28/11/2025 13:11,URGENTE,CUMPLIMIENTO DE ACTUACIONES DISPUESTA POR ACTO ADMINISTRATIVO,Contencioso Administrativo,12,4to Juzgado de Trabajo
01087-2025-0-2301-JR-LA-04,1087,2025,PENDIENTE EN TRÁMITE,TOTAL PENDIENTES AL MES ANTERIOR,AUTO ADMISORIO,30/07/2025 17:25,ORDINARIO,DECLARACIÓN DE NULIDAD DE ACTOS ADMINISTRATIVOS,Contencioso Administrativo,12,4to Juzgado de Trabajo
00569-2025-0-2301-JR-LA-04,569,2025,PENDIENTE EN TRÁMITE,TOTAL PENDIENTES AL MES ANTERIOR,AUTO ADMISORIO,15/05/2025 12:31,ORDINARIO,DECLARACIÓN DE NULIDAD DE ACTOS ADMINISTRATIVOS,Contencioso Administrativo,12,4to Juzgado de Trabajo
01650-2025-0-2301-JR-LA-04,1650,2025,PENDIENTE EN TRÁMITE,TOTAL PENDIENTES AL MES ANTERIOR,AUTO ADMISORIO,18/11/2025 16:02,ORDINARIO,DECLARACIÓN DE NULIDAD DE ACTOS ADMINISTRATIVOS,Contencioso Administrativo,12,4to Juzgado de Trabajo
01692-2025-0-2301-JR-LA-04,1692,2025,PENDIENTE EN TRÁMITE,TOTAL PENDIENTES AL MES ANTERIOR,AUTO ADMISORIO,25/11/2025 14:56,ORDINARIO,DECLARACIÓN DE NULIDAD DE ACTOS ADMINISTRATIVOS,Contencioso Administrativo,12,4to Juzgado de Trabajo
01631-2025-0-2301-JR-LA-04,1631,2025,PENDIENTE EN TRÁMITE,TOTAL PENDIENTES AL MES ANTERIOR,AUTO ADMISORIO,27/11/2025 09:06,ORDINARIO,DECLARACIÓN DE NULIDAD DE ACTOS ADMINISTRATIVOS,Contencioso Administrativo,12,4to Juzgado de Trabajo
01276-2025-0-2301-JR-LA-01,1276,2025,PENDIENTE EN TRÁMITE,TOTAL PENDIENTES AL MES ANTERIOR,AUTO ADMISORIO,14/11/2025 10:59,ORDINARIO,DECLARACIÓN DE INEFICACIA DE ACTOS ADMINISTRATIVOS,Contencioso Administrativo,12,4to Juzgado de Trabajo
01277-2025-0-2301-JR-LA-04,1277,2025,PENDIENTE EN TRÁMITE,TOTAL PENDIENTES AL MES ANTERIOR,AUTO ADMISORIO,22/09/2025 15:33,ORDINARIO,RECONOCIMIENTO DEL DERECHO TUTELADO,Contencioso Administrativo,12,4to Juzgado de Trabajo
01151-2024-0-2301-JR-LA-04,1151,2024,PENDIENTE EN TRÁMITE,TOTAL PENDIENTES AL MES ANTERIOR,RECEPCION  EN DEPENDENCIA POR APELACION - DEVOLUCION,24/10/2025 15:06,ORDINARIO,RECONOCIMIENTO DEL DERECHO TUTELADO,Contencioso Administrativo,12,4to Juzgado de Trabajo
01304-2025-0-2301-JR-LA-04,1304,2025,PENDIENTE EN TRÁMITE,TOTAL PENDIENTES AL MES ANTERIOR,AUTO ADMISORIO,17/10/2025 15:32,ORDINARIO,DECLARACIÓN DE NULIDAD DE ACTOS ADMINISTRATIVOS,Contencioso Administrativo,12,4to Juzgado de Trabajo
01710-2025-0-2301-JR-LA-04,1710,2025,PENDIENTE EN TRÁMITE,TOTAL PENDIENTES AL MES ANTERIOR,AUTO ADMISORIO,25/11/2025 14:57,ORDINARIO,CUMPLIMIENTO DE ACTUACIONES DISPUESTA POR LEY,Contencioso Administrativo,12,4to Juzgado de Trabajo
01638-2025-0-2301-JR-LA-04,1638,2025,PENDIENTE EN TRÁMITE,TOTAL PENDIENTES AL MES ANTERIOR,AUTO ADMISORIO,20/11/2025 15:53,ORDINARIO,DECLARACIÓN DE NULIDAD DE ACTOS ADMINISTRATIVOS,Contencioso Administrativo,12,4to Juzgado de Trabajo
01609-2025-0-2301-JR-LA-04,1609,2025,PENDIENTE EN TRÁMITE,TOTAL PENDIENTES AL MES ANTERIOR,AUTO ADMISORIO,27/11/2025 09:05,ORDINARIO,RECONOCIMIENTO DEL DERECHO TUTELADO,Contencioso Administrativo,12,4to Juzgado de Trabajo
01696-2025-0-2301-JR-LA-04,1696,2025,PENDIENTE EN TRÁMITE,TOTAL PENDIENTES AL MES ANTERIOR,AUTO ADMISORIO,24/11/2025 16:56,ORDINARIO,RECONOCIMIENTO DEL DERECHO TUTELADO,Contencioso Administrativo,12,4to Juzgado de Trabajo
01524-2025-0-2301-JR-LA-03,1524,2025,PENDIENTE EN TRÁMITE,TOTAL PENDIENTES AL MES ANTERIOR,AUTO ADMISORIO,20/11/2025 15:52,ORDINARIO,DECLARACIÓN DE NULIDAD DE ACTOS ADMINISTRATIVOS,Contencioso Administrativo,12,4to Juzgado de Trabajo
01174-2025-0-2301-JR-LA-03,1174,2025,PENDIENTE EN TRÁMITE,TOTAL PENDIENTES AL MES ANTERIOR,AUTO ADMISORIO,04/09/2025 17:22,ORDINARIO,RESTABLECIMIENTO DEL DERECHO TUTELADO,Contencioso Administrativo,12,4to Juzgado de Trabajo
01459-2025-0-2301-JR-LA-04,1459,2025,PENDIENTE EN TRÁMITE,TOTAL PENDIENTES AL MES ANTERIOR,AUTO ADMISORIO,28/10/2025 15:18,ORDINARIO,DECLARACIÓN DE NULIDAD DE ACTOS ADMINISTRATIVOS,Contencioso Administrativo,12,4to Juzgado de Trabajo
01213-2025-0-2301-JR-LA-04,1213,2025,PENDIENTE EN TRÁMITE,TOTAL PENDIENTES AL MES ANTERIOR,AUTO ADMISORIO,22/09/2025 17:07,ORDINARIO,RESTABLECIMIENTO DEL DERECHO TUTELADO,Contencioso Administrativo,12,4to Juzgado de Trabajo
01730-2025-0-2301-JR-LA-04,1730,2025,PENDIENTE EN TRÁMITE,TOTAL PENDIENTES AL MES ANTERIOR,AUTO ADMISORIO,27/11/2025 09:13,URGENTE,CUMPLIMIENTO DE ACTUACIONES DISPUESTA POR ACTO ADMINISTRATIVO,Contencioso Administrativo,12,4to Juzgado de Trabajo
01191-2025-0-2301-JR-LA-04,1191,2025,PENDIENTE EN TRÁMITE,TOTAL PENDIENTES AL MES ANTERIOR,AUTO ADMISORIO,22/09/2025 17:07,ORDINARIO,RESTABLECIMIENTO DEL DERECHO TUTELADO,Contencioso Administrativo,12,4to Juzgado de Trabajo
01600-2025-0-2301-JR-LA-04,1600,2025,PENDIENTE EN TRÁMITE,TOTAL PENDIENTES AL MES ANTERIOR,AUTO ADMISORIO,11/11/2025 14:02,ORDINARIO,DECLARACIÓN DE NULIDAD DE ACTOS ADMINISTRATIVOS,Contencioso Administrativo,12,4to Juzgado de Trabajo
01183-2025-0-2301-JR-LA-04,1183,2025,PENDIENTE EN TRÁMITE,TOTAL PENDIENTES AL MES ANTERIOR,AUTO ADMISORIO,27/08/2025 16:27,ORDINARIO,CUMPLIMIENTO DE ACTUACIONES DISPUESTA POR ACTO ADMINISTRATIVO,Contencioso Administrativo,12,4to Juzgado de Trabajo
01517-2025-0-2301-JR-LA-04,1517,2025,PENDIENTE EN TRÁMITE,TOTAL PENDIENTES AL MES ANTERIOR,AUTO ADMISORIO,05/11/2025 13:25,ORDINARIO,DECLARACIÓN DE NULIDAD DE ACTOS ADMINISTRATIVOS,Contencioso Administrativo,12,4to Juzgado de Trabajo
01726-2025-0-2301-JR-LA-04,1726,2025,PENDIENTE EN TRÁMITE,TOTAL PENDIENTES AL MES ANTERIOR,AUTO ADMISORIO,27/11/2025 09:06,ORDINARIO,CUMPLIMIENTO DE ACTUACIONES DISPUESTA POR ACTO ADMINISTRATIVO,Contencioso Administrativo,12,4to Juzgado de Trabajo
01698-2025-0-2301-JR-LA-04,1698,2025,PENDIENTE EN TRÁMITE,TOTAL PENDIENTES AL MES ANTERIOR,AUTO ADMISORIO,24/11/2025 16:57,ORDINARIO,RECONOCIMIENTO DEL DERECHO TUTELADO,Contencioso Administrativo,12,4to Juzgado de Trabajo
01680-2025-0-2301-JR-LA-04,1680,2025,PENDIENTE EN TRÁMITE,TOTAL PENDIENTES AL MES ANTERIOR,AUTO ADMISORIO,24/11/2025 16:57,ORDINARIO,RECONOCIMIENTO DEL DERECHO TUTELADO,Contencioso Administrativo,12,4to Juzgado de Trabajo
01654-2025-0-2301-JR-LA-04,1654,2025,PENDIENTE EN TRÁMITE,TOTAL PENDIENTES AL MES ANTERIOR,AUTO ADMISORIO,18/11/2025 16:02,ORDINARIO,DECLARACIÓN DE NULIDAD DE ACTOS ADMINISTRATIVOS,Contencioso Administrativo,12,4to Juzgado de Trabajo
01132-2025-0-2301-JR-LA-04,1132,2025,PENDIENTE EN TRÁMITE,TOTAL PENDIENTES AL MES ANTERIOR,AUTO ADMISORIO,30/10/2025 15:22,ORDINARIO,RESTABLECIMIENTO DEL DERECHO TUTELADO,Contencioso Administrativo,12,4to Juzgado de Trabajo
01706-2025-0-2301-JR-LA-04,1706,2025,PENDIENTE EN TRÁMITE,TOTAL PENDIENTES AL MES ANTERIOR,AUTO ADMISORIO,24/11/2025 16:57,ORDINARIO,DECLARACIÓN DE NULIDAD DE ACTOS ADMINISTRATIVOS,Contencioso Administrativo,12,4to Juzgado de Trabajo
01678-2025-0-2301-JR-LA-04,1678,2025,PENDIENTE EN TRÁMITE,TOTAL PENDIENTES AL MES ANTERIOR,AUTO ADMISORIO,24/11/2025 16:55,ORDINARIO,RECONOCIMIENTO DEL DERECHO TUTELADO,Contencioso Administrativo,12,4to Juzgado de Trabajo
01636-2025-0-2301-JR-LA-04,1636,2025,PENDIENTE EN TRÁMITE,TOTAL PENDIENTES AL MES ANTERIOR,AUTO ADMISORIO,18/11/2025 16:02,ORDINARIO,DECLARACIÓN DE NULIDAD DE ACTOS ADMINISTRATIVOS,Contencioso Administrativo,12,4to Juzgado de Trabajo
01561-2025-0-2301-JR-LA-03,1561,2025,PENDIENTE EN TRÁMITE,TOTAL PENDIENTES AL MES ANTERIOR,AUTO ADMISORIO,19/11/2025 22:48,ORDINARIO,RECONOCIMIENTO DEL DERECHO TUTELADO,Contencioso Administrativo,12,4to Juzgado de Trabajo
01566-2025-0-2301-JR-LA-01,1566,2025,PENDIENTE EN TRÁMITE,TOTAL PENDIENTES AL MES ANTERIOR,AUTO ADMISORIO,18/11/2025 16:03,ORDINARIO,RECONOCIMIENTO DEL DERECHO TUTELADO,Contencioso Administrativo,12,4to Juzgado de Trabajo
00734-2025-0-2301-JR-CI-01,734,2025,PENDIENTE EN TRÁMITE,TOTAL PENDIENTES AL MES ANTERIOR,AUTO DE SANEAMIENTO QUE NO CONCLUYE EL PROCESO,25/06/2025 15:42,ORDINARIO,DECLARACIÓN DE NULIDAD DE ACTOS ADMINISTRATIVOS,Contencioso Administrativo,12,4to Juzgado de Trabajo
01027-2025-0-2301-JR-LA-01,1027,2025,PENDIENTE EN TRÁMITE,TOTAL PENDIENTES AL MES ANTERIOR,AUTO DE SANEAMIENTO QUE NO CONCLUYE EL PROCESO,10/09/2025 13:19,ORDINARIO,RESTABLECIMIENTO DEL DERECHO TUTELADO,Contencioso Administrativo,12,4to Juzgado de Trabajo
01503-2025-0-2301-JR-LA-04,1503,2025,PENDIENTE EN TRÁMITE,TOTAL PENDIENTES AL MES ANTERIOR,AUTO DE SANEAMIENTO QUE NO CONCLUYE EL PROCESO,24/11/2025 16:48,ORDINARIO,DECLARACIÓN DE NULIDAD DE ACTOS ADMINISTRATIVOS,Contencioso Administrativo,12,4to Juzgado de Trabajo
01446-2025-0-2301-JR-LA-04,1446,2025,PENDIENTE EN TRÁMITE,TOTAL PENDIENTES AL MES ANTERIOR,AUTO DE SANEAMIENTO QUE NO CONCLUYE EL PROCESO,18/11/2025 15:39,ORDINARIO,DECLARACIÓN DE NULIDAD DE ACTOS ADMINISTRATIVOS,Contencioso Administrativo,12,4to Juzgado de Trabajo
00871-2025-0-2301-JR-LA-01,871,2025,PENDIENTE EN TRÁMITE,TOTAL PENDIENTES AL MES ANTERIOR,AUTO DE SANEAMIENTO QUE NO CONCLUYE EL PROCESO,23/09/2025 16:24,ORDINARIO,RECONOCIMIENTO DEL DERECHO TUTELADO,Contencioso Administrativo,12,4to Juzgado de Trabajo
01038-2025-0-2301-JR-LA-04,1038,2025,PENDIENTE EN TRÁMITE,TOTAL PENDIENTES AL MES ANTERIOR,AUTO DE SANEAMIENTO QUE NO CONCLUYE EL PROCESO,16/10/2025 16:42,ORDINARIO,RESTABLECIMIENTO DEL DERECHO TUTELADO,Contencioso Administrativo,12,4to Juzgado de Trabajo
01274-2025-0-2301-JR-LA-04,1274,2025,PENDIENTE EN TRÁMITE,TOTAL PENDIENTES AL MES ANTERIOR,AUTO DE SANEAMIENTO QUE NO CONCLUYE EL PROCESO,06/10/2025 12:39,ORDINARIO,RECONOCIMIENTO DEL DERECHO TUTELADO,Contencioso Administrativo,12,4to Juzgado de Trabajo
01498-2025-0-2301-JR-LA-01,1498,2025,PENDIENTE EN TRÁMITE,TOTAL PENDIENTES AL MES ANTERIOR,AUTO DE SANEAMIENTO QUE NO CONCLUYE EL PROCESO,25/11/2025 14:57,ORDINARIO,RECONOCIMIENTO DEL DERECHO TUTELADO,Contencioso Administrativo,12,4to Juzgado de Trabajo
00823-2025-0-2301-JR-LA-04,823,2025,PENDIENTE EN TRÁMITE,TOTAL PENDIENTES AL MES ANTERIOR,AUTO DE SANEAMIENTO QUE NO CONCLUYE EL PROCESO,24/09/2025 12:55,ORDINARIO,DECLARACIÓN DE NULIDAD DE ACTOS ADMINISTRATIVOS,Contencioso Administrativo,12,4to Juzgado de Trabajo
01035-2025-0-2301-JR-LA-04,1035,2025,PENDIENTE EN TRÁMITE,TOTAL PENDIENTES AL MES ANTERIOR,AUTO DE SANEAMIENTO QUE NO CONCLUYE EL PROCESO,03/10/2025 07:55,ORDINARIO,RECONOCIMIENTO DEL DERECHO TUTELADO,Contencioso Administrativo,12,4to Juzgado de Trabajo
01579-2025-0-2301-JR-LA-04,1579,2025,PENDIENTE EN TRÁMITE,TOTAL PENDIENTES AL MES ANTERIOR,AUTO DE SANEAMIENTO QUE NO CONCLUYE EL PROCESO,25/11/2025 14:56,ORDINARIO,DECLARACIÓN DE NULIDAD DE ACTOS ADMINISTRATIVOS,Contencioso Administrativo,12,4to Juzgado de Trabajo
01123-2025-0-2301-JR-LA-04,1123,2025,PENDIENTE EN TRÁMITE,TOTAL PENDIENTES AL MES ANTERIOR,AUTO DE SANEAMIENTO QUE NO CONCLUYE EL PROCESO,17/09/2025 14:46,ORDINARIO,DECLARACIÓN DE NULIDAD DE ACTOS ADMINISTRATIVOS,Contencioso Administrativo,12,4to Juzgado de Trabajo
01181-2025-0-2301-JR-LA-04,1181,2025,PENDIENTE EN TRÁMITE,TOTAL PENDIENTES AL MES ANTERIOR,AUTO DE SANEAMIENTO QUE NO CONCLUYE EL PROCESO,28/10/2025 15:16,ORDINARIO,DECLARACIÓN DE NULIDAD DE ACTOS ADMINISTRATIVOS,Contencioso Administrativo,12,4to Juzgado de Trabajo
00551-2025-0-2301-JR-LA-04,551,2025,PENDIENTE EN TRÁMITE,TOTAL PENDIENTES AL MES ANTERIOR,AUTO DE SANEAMIENTO QUE NO CONCLUYE EL PROCESO,04/11/2025 09:50,ORDINARIO,DECLARACIÓN DE NULIDAD DE ACTOS ADMINISTRATIVOS,Contencioso Administrativo,12,4to Juzgado de Trabajo
01239-2025-0-2301-JR-LA-04,1239,2025,PENDIENTE EN TRÁMITE,TOTAL PENDIENTES AL MES ANTERIOR,AUTO DE SANEAMIENTO QUE NO CONCLUYE EL PROCESO,06/10/2025 12:21,ORDINARIO,DECLARACIÓN DE INEFICACIA DE ACTOS ADMINISTRATIVOS,Contencioso Administrativo,12,4to Juzgado de Trabajo
01335-2025-0-2301-JR-LA-04,1335,2025,PENDIENTE EN TRÁMITE,TOTAL PENDIENTES AL MES ANTERIOR,AUTO DE SANEAMIENTO QUE NO CONCLUYE EL PROCESO,04/11/2025 09:49,ORDINARIO,DECLARACIÓN DE NULIDAD DE ACTOS ADMINISTRATIVOS,Contencioso Administrativo,12,4to Juzgado de Trabajo
01186-2025-0-2301-JR-LA-04,1186,2025,PENDIENTE EN TRÁMITE,TOTAL PENDIENTES AL MES ANTERIOR,AUTO DE SANEAMIENTO QUE NO CONCLUYE EL PROCESO,11/09/2025 08:53,ORDINARIO,DECLARACIÓN DE NULIDAD DE ACTOS ADMINISTRATIVOS,Contencioso Administrativo,12,4to Juzgado de Trabajo
01615-2025-0-2301-JR-LA-04,1615,2025,PENDIENTE EN TRÁMITE,TOTAL PENDIENTES AL MES ANTERIOR,AUTO DE SANEAMIENTO QUE NO CONCLUYE EL PROCESO,27/11/2025 09:33,ORDINARIO,DECLARACIÓN DE NULIDAD DE ACTOS ADMINISTRATIVOS,Contencioso Administrativo,12,4to Juzgado de Trabajo
00732-2025-0-2301-JR-LA-04,732,2025,PENDIENTE EN TRÁMITE,TOTAL PENDIENTES AL MES ANTERIOR,AUTO DE SANEAMIENTO QUE NO CONCLUYE EL PROCESO,16/09/2025 16:32,ORDINARIO,DECLARACIÓN DE NULIDAD DE ACTOS ADMINISTRATIVOS,Contencioso Administrativo,12,4to Juzgado de Trabajo
01398-2025-0-2301-JR-LA-04,1398,2025,PENDIENTE EN TRÁMITE,TOTAL PENDIENTES AL MES ANTERIOR,AUTO DE SANEAMIENTO QUE NO CONCLUYE EL PROCESO,16/10/2025 16:48,ORDINARIO,DECLARACIÓN DE NULIDAD DE ACTOS ADMINISTRATIVOS,Contencioso Administrativo,12,4to Juzgado de Trabajo
01204-2025-0-2301-JR-LA-04,1204,2025,PENDIENTE EN TRÁMITE,TOTAL PENDIENTES AL MES ANTERIOR,AUTO DE SANEAMIENTO QUE NO CONCLUYE EL PROCESO,10/11/2025 16:41,ORDINARIO,DECLARACIÓN DE NULIDAD DE ACTOS ADMINISTRATIVOS,Contencioso Administrativo,12,4to Juzgado de Trabajo
01444-2025-0-2301-JR-LA-04,1444,2025,PENDIENTE EN TRÁMITE,TOTAL PENDIENTES AL MES ANTERIOR,AUTO DE SANEAMIENTO QUE NO CONCLUYE EL PROCESO,28/10/2025 15:18,ORDINARIO,CUMPLIMIENTO DE ACTUACIONES DISPUESTA POR ACTO ADMINISTRATIVO,Contencioso Administrativo,12,4to Juzgado de Trabajo
00834-2024-0-2301-JR-LA-01,834,2024,PENDIENTE EN TRÁMITE,TOTAL PENDIENTES AL MES ANTERIOR,DECRETO PUESTO A DESPACHO PARA SENTENCIAR(ULTIMA SENTENCIA),11/11/2025 15:48,ORDINARIO,DECLARACIÓN DE INEFICACIA DE ACTOS ADMINISTRATIVOS,Contencioso Administrativo,12,4to Juzgado de Trabajo
00926-2025-0-2301-JR-LA-04,926,2025,PENDIENTE EN TRÁMITE,TOTAL PENDIENTES AL MES ANTERIOR,AUTO DE SANEAMIENTO QUE NO CONCLUYE EL PROCESO,17/09/2025 11:15,ORDINARIO,DECLARACIÓN DE NULIDAD DE ACTOS ADMINISTRATIVOS,Contencioso Administrativo,12,4to Juzgado de Trabajo
00727-2025-0-2301-JR-LA-04,727,2025,PENDIENTE EN TRÁMITE,TOTAL PENDIENTES AL MES ANTERIOR,AUTO DE SANEAMIENTO QUE NO CONCLUYE EL PROCESO,12/09/2025 16:58,ORDINARIO,DECLARACIÓN DE NULIDAD DE ACTOS ADMINISTRATIVOS,Contencioso Administrativo,12,4to Juzgado de Trabajo
00845-2025-0-2301-JR-LA-04,845,2025,PENDIENTE EN TRÁMITE,TOTAL PENDIENTES AL MES ANTERIOR,AUTO DE SANEAMIENTO QUE NO CONCLUYE EL PROCESO,05/08/2025 16:15,ORDINARIO,DECLARACIÓN DE NULIDAD DE ACTOS ADMINISTRATIVOS,Contencioso Administrativo,12,4to Juzgado de Trabajo
01567-2025-0-2301-JR-LA-03,1567,2025,NUEVOS ADMITIDOS,TOTAL INGRESOS A TRÁMITE,AUTO ADMISORIO,01/12/2025 08:19,ORDINARIO,RECONOCIMIENTO DEL DERECHO TUTELADO,Contencioso Administrativo,12,4to Juzgado de Trabajo
01633-2025-0-2301-JR-LA-04,1633,2025,NUEVOS ADMITIDOS,TOTAL INGRESOS A TRÁMITE,AUTO ADMISORIO,31/12/2025 16:19,ORDINARIO,RECONOCIMIENTO DEL DERECHO TUTELADO,Contencioso Administrativo,12,4to Juzgado de Trabajo
01652-2025-0-2301-JR-LA-04,1652,2025,NUEVOS ADMITIDOS,TOTAL INGRESOS A TRÁMITE,AUTO ADMISORIO,12/12/2025 16:00,ORDINARIO,DECLARACIÓN DE NULIDAD DE ACTOS ADMINISTRATIVOS,Contencioso Administrativo,12,4to Juzgado de Trabajo
01657-2025-0-2301-JR-LA-03,1657,2025,NUEVOS ADMITIDOS,TOTAL INGRESOS A TRÁMITE,AUTO ADMISORIO,11/12/2025 13:15,ORDINARIO,RECONOCIMIENTO DEL DERECHO TUTELADO,Contencioso Administrativo,12,4to Juzgado de Trabajo
01673-2025-0-2301-JR-LA-04,1673,2025,NUEVOS ADMITIDOS,TOTAL INGRESOS A TRÁMITE,AUTO ADMISORIO,12/12/2025 16:01,ORDINARIO,RECONOCIMIENTO DEL DERECHO TUTELADO,Contencioso Administrativo,12,4to Juzgado de Trabajo
01683-2025-0-2301-JR-LA-04,1683,2025,NUEVOS ADMITIDOS,TOTAL INGRESOS A TRÁMITE,AUTO ADMISORIO,12/12/2025 16:00,ORDINARIO,DECLARACIÓN DE NULIDAD DE ACTOS ADMINISTRATIVOS,Contencioso Administrativo,12,4to Juzgado de Trabajo
01715-2025-0-2301-JR-LA-01,1715,2025,NUEVOS ADMITIDOS,TOTAL INGRESOS A TRÁMITE,AUTO ADMISORIO,10/12/2025 11:40,ORDINARIO,RECONOCIMIENTO DEL DERECHO TUTELADO,Contencioso Administrativo,12,4to Juzgado de Trabajo
01735-2025-0-2301-JR-LA-04,1735,2025,NUEVOS ADMITIDOS,TOTAL INGRESOS A TRÁMITE,AUTO ADMISORIO,04/12/2025 17:01,ORDINARIO,DECLARACIÓN DE NULIDAD DE ACTOS ADMINISTRATIVOS,Contencioso Administrativo,12,4to Juzgado de Trabajo
01740-2025-0-2301-JR-LA-04,1740,2025,NUEVOS ADMITIDOS,TOTAL INGRESOS A TRÁMITE,AUTO ADMISORIO,10/12/2025 11:37,ORDINARIO,DECLARACIÓN DE NULIDAD DE ACTOS ADMINISTRATIVOS,Contencioso Administrativo,12,4to Juzgado de Trabajo
01743-2025-0-2301-JR-LA-04,1743,2025,NUEVOS ADMITIDOS,TOTAL INGRESOS A TRÁMITE,AUTO ADMISORIO,23/12/2025 08:29,ORDINARIO,DECLARACIÓN DE NULIDAD DE ACTOS ADMINISTRATIVOS,Contencioso Administrativo,12,4to Juzgado de Trabajo
01749-2025-0-2301-JR-LA-04,1749,2025,NUEVOS ADMITIDOS,TOTAL INGRESOS A TRÁMITE,AUTO ADMISORIO,23/12/2025 08:30,ORDINARIO,RECONOCIMIENTO DEL DERECHO TUTELADO,Contencioso Administrativo,12,4to Juzgado de Trabajo
01757-2025-0-2301-JR-LA-04,1757,2025,NUEVOS ADMITIDOS,TOTAL INGRESOS A TRÁMITE,AUTO ADMISORIO,03/12/2025 15:30,URGENTE,CUMPLIMIENTO DE ACTUACIONES DISPUESTA POR ACTO ADMINISTRATIVO,Contencioso Administrativo,12,4to Juzgado de Trabajo
01759-2025-0-2301-JR-LA-04,1759,2025,NUEVOS ADMITIDOS,TOTAL INGRESOS A TRÁMITE,AUTO ADMISORIO,11/12/2025 13:15,URGENTE,CUMPLIMIENTO DE ACTUACIONES DISPUESTA POR ACTO ADMINISTRATIVO,Contencioso Administrativo,12,4to Juzgado de Trabajo
01765-2025-0-2301-JR-LA-04,1765,2025,NUEVOS ADMITIDOS,TOTAL INGRESOS A TRÁMITE,AUTO ADMISORIO,04/12/2025 17:00,ORDINARIO,DECLARACIÓN DE NULIDAD DE ACTOS ADMINISTRATIVOS,Contencioso Administrativo,12,4to Juzgado de Trabajo
01771-2025-0-2301-JR-LA-04,1771,2025,NUEVOS ADMITIDOS,TOTAL INGRESOS A TRÁMITE,AUTO ADMISORIO,10/12/2025 11:39,ORDINARIO,RECONOCIMIENTO DEL DERECHO TUTELADO,Contencioso Administrativo,12,4to Juzgado de Trabajo
01773-2025-0-2301-JR-LA-04,1773,2025,NUEVOS ADMITIDOS,TOTAL INGRESOS A TRÁMITE,AUTO ADMISORIO,30/12/2025 09:44,ORDINARIO,DECLARACIÓN DE NULIDAD DE ACTOS ADMINISTRATIVOS,Contencioso Administrativo,12,4to Juzgado de Trabajo
01775-2025-0-2301-JR-LA-04,1775,2025,NUEVOS ADMITIDOS,TOTAL INGRESOS A TRÁMITE,AUTO ADMISORIO,10/12/2025 11:38,ORDINARIO,DECLARACIÓN DE NULIDAD DE ACTOS ADMINISTRATIVOS,Contencioso Administrativo,12,4to Juzgado de Trabajo
01785-2025-0-2301-JR-LA-04,1785,2025,NUEVOS ADMITIDOS,TOTAL INGRESOS A TRÁMITE,AUTO ADMISORIO,10/12/2025 11:38,URGENTE,CUMPLIMIENTO DE ACTUACIONES DISPUESTA POR ACTO ADMINISTRATIVO,Contencioso Administrativo,12,4to Juzgado de Trabajo
01796-2025-0-2301-JR-LA-04,1796,2025,NUEVOS ADMITIDOS,TOTAL INGRESOS A TRÁMITE,AUTO ADMISORIO,10/12/2025 11:40,ORDINARIO,DECLARACIÓN DE NULIDAD DE ACTOS ADMINISTRATIVOS,Contencioso Administrativo,12,4to Juzgado de Trabajo
01802-2025-0-2301-JR-LA-04,1802,2025,NUEVOS ADMITIDOS,TOTAL INGRESOS A TRÁMITE,AUTO ADMISORIO,11/12/2025 13:15,URGENTE,CUMPLIMIENTO DE ACTUACIONES DISPUESTA POR ACTO ADMINISTRATIVO,Contencioso Administrativo,12,4to Juzgado de Trabajo
01806-2025-0-2301-JR-LA-04,1806,2025,NUEVOS ADMITIDOS,TOTAL INGRESOS A TRÁMITE,AUTO ADMISORIO,23/12/2025 08:31,ORDINARIO,DECLARACIÓN DE NULIDAD DE ACTOS ADMINISTRATIVOS,Contencioso Administrativo,12,4to Juzgado de Trabajo
01813-2025-0-2301-JR-LA-04,1813,2025,NUEVOS ADMITIDOS,TOTAL INGRESOS A TRÁMITE,AUTO ADMISORIO,30/12/2025 09:44,ORDINARIO,RECONOCIMIENTO DEL DERECHO TUTELADO,Contencioso Administrativo,12,4to Juzgado de Trabajo
01819-2025-0-2301-JR-LA-04,1819,2025,NUEVOS ADMITIDOS,TOTAL INGRESOS A TRÁMITE,AUTO ADMISORIO,12/12/2025 16:01,ORDINARIO,DECLARACIÓN DE NULIDAD DE ACTOS ADMINISTRATIVOS,Contencioso Administrativo,12,4to Juzgado de Trabajo
01821-2025-0-2301-JR-LA-04,1821,2025,NUEVOS ADMITIDOS,TOTAL INGRESOS A TRÁMITE,AUTO ADMISORIO,15/12/2025 11:29,ORDINARIO,DECLARACIÓN DE NULIDAD DE ACTOS ADMINISTRATIVOS,Contencioso Administrativo,12,4to Juzgado de Trabajo
01827-2025-0-2301-JR-LA-04,1827,2025,NUEVOS ADMITIDOS,TOTAL INGRESOS A TRÁMITE,AUTO ADMISORIO,23/12/2025 08:32,ORDINARIO,RECONOCIMIENTO DEL DERECHO TUTELADO,Contencioso Administrativo,12,4to Juzgado de Trabajo
01829-2025-0-2301-JR-LA-04,1829,2025,NUEVOS ADMITIDOS,TOTAL INGRESOS A TRÁMITE,AUTO ADMISORIO,12/12/2025 16:01,URGENTE,CUMPLIMIENTO DE ACTUACIONES DISPUESTA POR ACTO ADMINISTRATIVO,Contencioso Administrativo,12,4to Juzgado de Trabajo
01836-2025-0-2301-JR-LA-04,1836,2025,NUEVOS ADMITIDOS,TOTAL INGRESOS A TRÁMITE,AUTO ADMISORIO,23/12/2025 08:32,ORDINARIO,RECONOCIMIENTO DEL DERECHO TUTELADO,Contencioso Administrativo,12,4to Juzgado de Trabajo
01856-2025-0-2301-JR-LA-04,1856,2025,NUEVOS ADMITIDOS,TOTAL INGRESOS A TRÁMITE,AUTO ADMISORIO,23/12/2025 12:36,URGENTE,CUMPLIMIENTO DE ACTUACIONES DISPUESTA POR ACTO ADMINISTRATIVO,Contencioso Administrativo,12,4to Juzgado de Trabajo
01859-2025-0-2301-JR-LA-04,1859,2025,NUEVOS ADMITIDOS,TOTAL INGRESOS A TRÁMITE,AUTO ADMISORIO,23/12/2025 12:35,ORDINARIO,DECLARACIÓN DE NULIDAD DE ACTOS ADMINISTRATIVOS,Contencioso Administrativo,12,4to Juzgado de Trabajo
01868-2025-0-2301-JR-LA-04,1868,2025,NUEVOS ADMITIDOS,TOTAL INGRESOS A TRÁMITE,AUTO ADMISORIO,24/12/2025 14:52,ORDINARIO,RECONOCIMIENTO DEL DERECHO TUTELADO,Contencioso Administrativo,12,4to Juzgado de Trabajo
01778-2025-0-2301-JR-LA-04,1778,2025,NUEVOS ADMITIDOS,TOTAL INGRESOS A TRÁMITE,AUTO ADMISORIO,10/12/2025 11:39,ORDINARIO,DECLARACIÓN DE NULIDAD DE ACTOS ADMINISTRATIVOS,Contencioso Administrativo,12,4to Juzgado de Trabajo
01878-2025-0-2301-JR-LA-04,1878,2025,NUEVOS ADMITIDOS,TOTAL INGRESOS A TRÁMITE,AUTO ADMISORIO,23/12/2025 12:36,ORDINARIO,DECLARACIÓN DE NULIDAD DE ACTOS ADMINISTRATIVOS,Contencioso Administrativo,12,4to Juzgado de Trabajo
01890-2025-0-2301-JR-LA-04,1890,2025,NUEVOS ADMITIDOS,TOTAL INGRESOS A TRÁMITE,AUTO ADMISORIO,29/12/2025 10:24,ORDINARIO,RECONOCIMIENTO DEL DERECHO TUTELADO,Contencioso Administrativo,12,4to Juzgado de Trabajo
01892-2025-0-2301-JR-LA-04,1892,2025,NUEVOS ADMITIDOS,TOTAL INGRESOS A TRÁMITE,AUTO ADMISORIO,29/12/2025 10:23,ORDINARIO,RECONOCIMIENTO DEL DERECHO TUTELADO,Contencioso Administrativo,12,4to Juzgado de Trabajo
01769-2025-0-2301-JR-LA-04,1769,2025,NUEVOS ADMITIDOS,TOTAL INGRESOS A TRÁMITE,AUTO ADMISORIO,31/12/2025 16:18,ORDINARIO,DECLARACIÓN DE NULIDAD DE ACTOS ADMINISTRATIVOS,Contencioso Administrativo,12,4to Juzgado de Trabajo
01898-2025-0-2301-JR-LA-04,1898,2025,NUEVOS ADMITIDOS,TOTAL INGRESOS A TRÁMITE,AUTO ADMISORIO,29/12/2025 10:24,ORDINARIO,DECLARACIÓN DE NULIDAD DE ACTOS ADMINISTRATIVOS,Contencioso Administrativo,12,4to Juzgado de Trabajo
01901-2025-0-2301-JR-LA-04,1901,2025,NUEVOS ADMITIDOS,TOTAL INGRESOS A TRÁMITE,AUTO ADMISORIO,29/12/2025 10:24,ORDINARIO,DECLARACIÓN DE NULIDAD DE ACTOS ADMINISTRATIVOS,Contencioso Administrativo,12,4to Juzgado de Trabajo
01903-2025-0-2301-JR-LA-04,1903,2025,NUEVOS ADMITIDOS,TOTAL INGRESOS A TRÁMITE,AUTO ADMISORIO,29/12/2025 10:24,URGENTE,CUMPLIMIENTO DE ACTUACIONES DISPUESTA POR ACTO ADMINISTRATIVO,Contencioso Administrativo,12,4to Juzgado de Trabajo
01753-2025-0-2301-JR-LA-04,1753,2025,NUEVOS ADMITIDOS,TOTAL INGRESOS A TRÁMITE,AUTO ADMISORIO,30/12/2025 09:45,ORDINARIO,RECONOCIMIENTO DEL DERECHO TUTELADO,Contencioso Administrativo,12,4to Juzgado de Trabajo
01912-2025-0-2301-JR-LA-04,1912,2025,NUEVOS ADMITIDOS,TOTAL INGRESOS A TRÁMITE,AUTO ADMISORIO,30/12/2025 09:45,ORDINARIO,DECLARACIÓN DE NULIDAD DE ACTOS ADMINISTRATIVOS,Contencioso Administrativo,12,4to Juzgado de Trabajo
01896-2025-0-2301-JR-LA-04,1896,2025,NUEVOS ADMITIDOS,TOTAL INGRESOS A TRÁMITE,AUTO ADMISORIO,30/12/2025 09:44,ORDINARIO,RECONOCIMIENTO DEL DERECHO TUTELADO,Contencioso Administrativo,12,4to Juzgado de Trabajo
01793-2025-0-2301-JR-LA-04,1793,2025,NUEVOS ADMITIDOS,TOTAL INGRESOS A TRÁMITE,AUTO ADMISORIO,11/12/2025 13:15,URGENTE,CUMPLIMIENTO DE ACTUACIONES DISPUESTA POR ACTO ADMINISTRATIVO,Contencioso Administrativo,12,4to Juzgado de Trabajo
01871-2025-0-2301-JR-LA-04,1871,2025,NUEVOS ADMITIDOS,TOTAL INGRESOS A TRÁMITE,AUTO ADMISORIO,29/12/2025 10:23,ORDINARIO,RECONOCIMIENTO DEL DERECHO TUTELADO,Contencioso Administrativo,12,4to Juzgado de Trabajo
01823-2025-0-2301-JR-LA-04,1823,2025,NUEVOS ADMITIDOS,TOTAL INGRESOS A TRÁMITE,AUTO ADMISORIO,31/12/2025 16:18,ORDINARIO,RECONOCIMIENTO DEL DERECHO TUTELADO,Contencioso Administrativo,12,4to Juzgado de Trabajo
01842-2025-0-2301-JR-LA-04,1842,2025,NUEVOS ADMITIDOS,TOTAL INGRESOS A TRÁMITE,AUTO ADMISORIO,24/12/2025 14:52,ORDINARIO,RELATIVAS A MATERIA PREVISIONAL,Contencioso Administrativo,12,4to Juzgado de Trabajo
01809-2025-0-2301-JR-LA-04,1809,2025,NUEVOS ADMITIDOS,TOTAL INGRESOS A TRÁMITE,AUTO ADMISORIO,10/12/2025 11:40,ORDINARIO,DECLARACIÓN DE NULIDAD DE ACTOS ADMINISTRATIVOS,Contencioso Administrativo,12,4to Juzgado de Trabajo
01661-2025-0-2301-JR-LA-04,1661,2025,NUEVOS ADMITIDOS,TOTAL INGRESOS A TRÁMITE,AUTO ADMISORIO,12/12/2025 16:01,ORDINARIO,RECONOCIMIENTO DEL DERECHO TUTELADO,Contencioso Administrativo,12,4to Juzgado de Trabajo
01763-2025-0-2301-JR-LA-04,1763,2025,NUEVOS ADMITIDOS,TOTAL INGRESOS A TRÁMITE,AUTO ADMISORIO,10/12/2025 11:40,ORDINARIO,DECLARACIÓN DE NULIDAD DE ACTOS ADMINISTRATIVOS,Contencioso Administrativo,12,4to Juzgado de Trabajo
01751-2025-0-2301-JR-LA-04,1751,2025,NUEVOS ADMITIDOS,TOTAL INGRESOS A TRÁMITE,AUTO ADMISORIO,11/12/2025 13:16,ORDINARIO,CUMPLIMIENTO DE ACTUACIONES DISPUESTA POR ACTO ADMINISTRATIVO,Contencioso Administrativo,12,4to Juzgado de Trabajo
01675-2025-0-2301-JR-LA-04,1675,2025,NUEVOS ADMITIDOS,TOTAL INGRESOS A TRÁMITE,AUTO ADMISORIO,23/12/2025 08:30,ORDINARIO,RECONOCIMIENTO DEL DERECHO TUTELADO,Contencioso Administrativo,12,4to Juzgado de Trabajo
01624-2025-0-2301-JR-LA-04,1624,2025,NUEVOS ADMITIDOS,TOTAL INGRESOS A TRÁMITE,AUTO ADMISORIO,12/12/2025 12:48,ORDINARIO,DECLARACIÓN DE NULIDAD DE ACTOS ADMINISTRATIVOS,Contencioso Administrativo,12,4to Juzgado de Trabajo
01737-2025-0-2301-JR-LA-04,1737,2025,NUEVOS ADMITIDOS,TOTAL INGRESOS A TRÁMITE,AUTO ADMISORIO,01/12/2025 08:18,ORDINARIO,DECLARACIÓN DE NULIDAD DE ACTOS ADMINISTRATIVOS,Contencioso Administrativo,12,4to Juzgado de Trabajo
01656-2025-0-2301-JR-LA-01,1656,2025,NUEVOS ADMITIDOS,TOTAL INGRESOS A TRÁMITE,AUTO ADMISORIO,04/12/2025 17:00,URGENTE,CUMPLIMIENTO DE ACTUACIONES DISPUESTA POR ACTO ADMINISTRATIVO,Contencioso Administrativo,12,4to Juzgado de Trabajo
00114-2025-0-2301-JR-LA-03,114,2025,DE OTRA DEPENDENCIA EN TRAMITE,TOTAL INGRESOS A TRÁMITE,RECEPCION  EN DEPENDENCIA POR REDISTRIBUCION,31/12/2025 10:14,ORDINARIO,RECONOCIMIENTO DEL DERECHO TUTELADO,Contencioso Administrativo,12,4to Juzgado de Trabajo
01512-2025-0-2301-JR-LA-01,1512,2025,INGRESO DE DEMANDA IMPROCEDENTE/DENUNCIA NO HA LUGAR,TOTAL INGRESOS A TRÁMITE,AUTO IMPROCEDENTE (INGRESA Y RESUELVE),31/12/2025 16:17,ORDINARIO,RECONOCIMIENTO DEL DERECHO TUTELADO,Contencioso Administrativo,12,4to Juzgado de Trabajo
01576-2024-0-2301-JR-LA-01,1576,2024,ANULADA A TRÁMITE / HABER NULIDAD,TOTAL INGRESOS A TRÁMITE,RECEPCION  EN DEPENDENCIA POR APELACION - DEVOLUCION,23/12/2025 16:07,ORDINARIO,DECLARACIÓN DE NULIDAD DE ACTOS ADMINISTRATIVOS,Contencioso Administrativo,12,4to Juzgado de Trabajo
00093-2025-0-2301-JR-LA-04,93,2025,ANULADA A TRÁMITE / HABER NULIDAD,TOTAL INGRESOS A TRÁMITE,RECEPCION  EN DEPENDENCIA POR APELACION - DEVOLUCION,27/12/2025 08:40,ORDINARIO,DECLARACIÓN DE INEFICACIA DE ACTOS ADMINISTRATIVOS,Contencioso Administrativo,12,4to Juzgado de Trabajo
00172-2025-0-2301-JR-LA-04,172,2025,ANULADA A TRÁMITE / HABER NULIDAD,TOTAL INGRESOS A TRÁMITE,RECEPCION  EN DEPENDENCIA POR APELACION - DEVOLUCION,30/12/2025 10:44,ORDINARIO,DECLARACIÓN DE NULIDAD DE ACTOS ADMINISTRATIVOS,Contencioso Administrativo,12,4to Juzgado de Trabajo
00367-2025-0-2301-JR-LA-04,367,2025,ANULADA A TRÁMITE / HABER NULIDAD,TOTAL INGRESOS A TRÁMITE,RECEPCION  EN DEPENDENCIA POR APELACION - DEVOLUCION,30/12/2025 13:30,ORDINARIO,DECLARACIÓN DE NULIDAD DE ACTOS ADMINISTRATIVOS,Contencioso Administrativo,12,4to Juzgado de Trabajo
00501-2025-0-2301-JR-LA-04,501,2025,ANULADA A TRÁMITE / HABER NULIDAD,TOTAL INGRESOS A TRÁMITE,RECEPCION  DE SENTENCIA DE VISTA QUE ANULA A TRAMITE,15/12/2025 16:32,ORDINARIO,DECLARACIÓN DE NULIDAD DE ACTOS ADMINISTRATIVOS,Contencioso Administrativo,12,4to Juzgado de Trabajo
00578-2025-0-2301-JR-LA-04,578,2025,ANULADA A TRÁMITE / HABER NULIDAD,TOTAL INGRESOS A TRÁMITE,RECEPCION  EN DEPENDENCIA POR APELACION - DEVOLUCION,27/12/2025 08:46,ORDINARIO,DECLARACIÓN DE NULIDAD DE ACTOS ADMINISTRATIVOS,Contencioso Administrativo,12,4to Juzgado de Trabajo
00698-2025-0-2301-JR-LA-04,698,2025,ANULADA A TRÁMITE / HABER NULIDAD,TOTAL INGRESOS A TRÁMITE,RECEPCION  EN DEPENDENCIA POR APELACION - DEVOLUCION,29/12/2025 18:48,ORDINARIO,DECLARACIÓN DE NULIDAD DE ACTOS ADMINISTRATIVOS,Contencioso Administrativo,12,4to Juzgado de Trabajo
01293-2024-0-2301-JR-LA-01,1293,2024,ANULADA A TRÁMITE / HABER NULIDAD,TOTAL INGRESOS A TRÁMITE,RECEPCION  EN DEPENDENCIA POR APELACION - DEVOLUCION,29/12/2025 17:07,ORDINARIO,DECLARACIÓN DE NULIDAD DE ACTOS ADMINISTRATIVOS,Contencioso Administrativo,12,4to Juzgado de Trabajo
00867-2025-0-2301-JR-LA-04,867,2025,ANULADA A TRÁMITE / HABER NULIDAD,TOTAL INGRESOS A TRÁMITE,RECEPCION  EN DEPENDENCIA POR APELACION - DEVOLUCION,30/12/2025 10:53,ORDINARIO,DECLARACIÓN DE NULIDAD DE ACTOS ADMINISTRATIVOS,Contencioso Administrativo,12,4to Juzgado de Trabajo
01222-2025-0-2301-JR-LA-04,1222,2025,ANULADA A TRÁMITE / HABER NULIDAD,TOTAL INGRESOS A TRÁMITE,RECEPCION  DE SENTENCIA DE VISTA QUE ANULA A TRAMITE,15/12/2025 16:33,ORDINARIO,DECLARACIÓN DE NULIDAD DE ACTOS ADMINISTRATIVOS,Contencioso Administrativo,12,4to Juzgado de Trabajo
01329-2025-0-2301-JR-LA-04,1329,2025,PENDIENTE EN TRÁMITE,TOTAL PENDIENTES AL MES ANTERIOR,AUTO ADMISORIO,10/10/2025 10:40,ORDINARIO,RESTABLECIMIENTO DEL DERECHO TUTELADO,Previsional,12,4to Juzgado de Trabajo
01712-2025-0-2301-JR-LA-04,1712,2025,PENDIENTE EN TRÁMITE,TOTAL PENDIENTES AL MES ANTERIOR,AUTO ADMISORIO,27/11/2025 12:55,ORDINARIO,DECLARACIÓN DE NULIDAD DE ACTOS ADMINISTRATIVOS,Previsional,12,4to Juzgado de Trabajo
01714-2025-0-2301-JR-LA-04,1714,2025,PENDIENTE EN TRÁMITE,TOTAL PENDIENTES AL MES ANTERIOR,AUTO ADMISORIO,27/11/2025 12:55,ORDINARIO,DECLARACIÓN DE NULIDAD DE ACTOS ADMINISTRATIVOS,Previsional,12,4to Juzgado de Trabajo
01583-2025-0-2301-JR-LA-04,1583,2025,PENDIENTE EN TRÁMITE,TOTAL PENDIENTES AL MES ANTERIOR,AUTO ADMISORIO,04/11/2025 16:46,ORDINARIO,DECLARACIÓN DE NULIDAD DE ACTOS ADMINISTRATIVOS,Previsional,12,4to Juzgado de Trabajo
01905-2025-0-2301-JR-LA-04,1905,2025,NUEVOS ADMITIDOS,TOTAL INGRESOS A TRÁMITE,AUTO ADMISORIO,30/12/2025 09:46,ORDINARIO,DECLARACIÓN DE NULIDAD DE ACTOS ADMINISTRATIVOS,Previsional,12,4to Juzgado de Trabajo
01660-2025-0-2301-JR-LA-01,1660,2025,NUEVOS ADMITIDOS,TOTAL INGRESOS A TRÁMITE,AUTO ADMISORIO,23/12/2025 12:37,ORDINARIO,RESTABLECIMIENTO DEL DERECHO TUTELADO,Previsional,12,4to Juzgado de Trabajo
01716-2025-0-2301-JR-LA-03,1716,2025,NUEVOS ADMITIDOS,TOTAL INGRESOS A TRÁMITE,AUTO ADMISORIO,10/12/2025 11:55,ORDINARIO,RESTABLECIMIENTO DEL DERECHO TUTELADO,Previsional,12,4to Juzgado de Trabajo
01747-2025-0-2301-JR-LA-04,1747,2025,NUEVOS ADMITIDOS,TOTAL INGRESOS A TRÁMITE,AUTO ADMISORIO,03/12/2025 15:32,ORDINARIO,RESTABLECIMIENTO DEL DERECHO TUTELADO,Previsional,12,4to Juzgado de Trabajo
01782-2025-0-2301-JR-LA-04,1782,2025,NUEVOS ADMITIDOS,TOTAL INGRESOS A TRÁMITE,AUTO ADMISORIO,15/12/2025 11:30,ORDINARIO,RESTABLECIMIENTO DEL DERECHO TUTELADO,Previsional,12,4to Juzgado de Trabajo
01817-2025-0-2301-JR-LA-04,1817,2025,NUEVOS ADMITIDOS,TOTAL INGRESOS A TRÁMITE,AUTO ADMISORIO,15/12/2025 11:30,ORDINARIO,RESTABLECIMIENTO DEL DERECHO TUTELADO,Previsional,12,4to Juzgado de Trabajo
01854-2025-0-2301-JR-LA-04,1854,2025,NUEVOS ADMITIDOS,TOTAL INGRESOS A TRÁMITE,AUTO ADMISORIO,29/12/2025 10:37,ORDINARIO,DECLARACIÓN DE NULIDAD DE ACTOS ADMINISTRATIVOS,Previsional,12,4to Juzgado de Trabajo
01861-2025-0-2301-JR-LA-04,1861,2025,NUEVOS ADMITIDOS,TOTAL INGRESOS A TRÁMITE,AUTO ADMISORIO,23/12/2025 12:37,ORDINARIO,RESTABLECIMIENTO DEL DERECHO TUTELADO,Previsional,12,4to Juzgado de Trabajo
