EXPEDIENTE,NRO_EXPEDIENTE,AÑO_EXPEDIENTE,DESCRIPCION_VARIABLE,DESCRIPCION_VARIABLE_DESTINO,ACTO_PROCESAL,FECHA_REGISTRO,PROCESO,MATERIA,SUB ESPECIALIDAD,MES,JUZGADO
00059-2019-0-2301-JR-LA-02,59,2019,PENDIENTE EN TRÁMITE,TOTAL PENDIENTES AL MES ANTERIOR,CONTINUA EN TRAMITE (1RA INSTANCIA) (INV.202501),28/06/2023 12:43,ESPECIAL,ACCION CONTENCIOSA ADMINISTRATIVA,Contencioso Administrativo,3,2do Juzgado de Trabajo
00548-2009-0-2301-JR-LA-01,548,2009,PENDIENTE EN TRÁMITE,TOTAL PENDIENTES AL MES ANTERIOR,CONTINUA EN TRAMITE (1RA INSTANCIA) (INV.202501),26/01/2010 10:22,ESPECIAL,ACCION CONTENCIOSA ADMINISTRATIVA,Contencioso Administrativo,3,2do Juzgado de Trabajo
00476-2024-0-2301-JR-LA-03,476,2024,PENDIENTE EN TRÁMITE,TOTAL PENDIENTES AL MES ANTERIOR,RECEPCION  DE SENTENCIA DE VISTA QUE ANULA A TRAMITE,19/01/2026 14:58,ORDINARIO,ACCION CONTENCIOSA ADMINISTRATIVA,Contencioso Administrativo,3,2do Juzgado de Trabajo
01012-2025-0-2301-JR-CI-04,1012,2025,PENDIENTE EN TRÁMITE,TOTAL PENDIENTES AL MES ANTERIOR,CONTINUA EN TRAMITE (1RA INSTANCIA) (INV.202501),05/09/2025 15:05,ORDINARIO,ACCION CONTENCIOSA ADMINISTRATIVA,Contencioso Administrativo,3,2do Juzgado de Trabajo
01779-2025-0-2301-JR-CI-03,1779,2025,PENDIENTE EN TRÁMITE,TOTAL PENDIENTES AL MES ANTERIOR,CONTINUA EN TRAMITE (1RA INSTANCIA) (INV.202501),16/12/2025 14:56,ORDINARIO,ACCION CONTENCIOSA ADMINISTRATIVA,Contencioso Administrativo,3,2do Juzgado de Trabajo
00325-2010-0-2301-JR-LA-01,325,2010,PENDIENTE EN TRÁMITE,TOTAL PENDIENTES AL MES ANTERIOR,CONTINUA EN TRAMITE (1RA INSTANCIA) (INV.202501),10/11/2011 08:55,ESPECIAL,ACCION CONTENCIOSA ADMINISTRATIVA,Contencioso Administrativo,3,2do Juzgado de Trabajo
01046-2017-0-2301-JR-LA-02,1046,2017,PENDIENTE EN TRÁMITE,TOTAL PENDIENTES AL MES ANTERIOR,CONTINUA EN TRAMITE (1RA INSTANCIA) (INV.202501),07/02/2025 17:02,ESPECIAL,ACCION CONTENCIOSA ADMINISTRATIVA,Contencioso Administrativo,3,2do Juzgado de Trabajo
00295-2018-0-2301-JR-LA-02,295,2018,PENDIENTE EN TRÁMITE,TOTAL PENDIENTES AL MES ANTERIOR,CONTINUA EN TRAMITE (1RA INSTANCIA) (INV.202501),26/09/2018 11:42,ESPECIAL,ACCION CONTENCIOSA ADMINISTRATIVA,Contencioso Administrativo,3,2do Juzgado de Trabajo
00168-2026-0-2301-JR-CI-04,168,2026,PENDIENTE EN TRÁMITE,TOTAL PENDIENTES AL MES ANTERIOR,AUTO ADMISORIO,24/02/2026 16:16,ORDINARIO,ACCION CONTENCIOSA ADMINISTRATIVA,Contencioso Administrativo,3,2do Juzgado de Trabajo
00167-2021-0-2301-JR-LA-03,167,2021,PENDIENTE EN TRÁMITE,TOTAL PENDIENTES AL MES ANTERIOR,CONTINUA EN TRAMITE (1RA INSTANCIA) (INV.202501),11/11/2025 10:29,CONTENCIOSO ADMINISTRATIVO,ACCION CONTENCIOSA ADMINISTRATIVA,Contencioso Administrativo,3,2do Juzgado de Trabajo
02515-2025-0-2301-JR-CI-01,2515,2025,PENDIENTE EN TRÁMITE,TOTAL PENDIENTES AL MES ANTERIOR,AUTO ADMISORIO,10/02/2026 08:36,ORDINARIO,ACCION CONTENCIOSA ADMINISTRATIVA,Contencioso Administrativo,3,2do Juzgado de Trabajo
00753-2019-0-2301-JR-LA-02,753,2019,PENDIENTE EN TRÁMITE,TOTAL PENDIENTES AL MES ANTERIOR,CONTINUA EN TRAMITE (1RA INSTANCIA) (INV.202501),07/01/2021 16:24,CONTENCIOSO ADMINISTRATIVO,ACCION CONTENCIOSA ADMINISTRATIVA,Contencioso Administrativo,3,2do Juzgado de Trabajo
02027-2025-0-2301-JR-CI-04,2027,2025,PENDIENTE EN TRÁMITE,TOTAL PENDIENTES AL MES ANTERIOR,RECEPCION  EN DEPENDENCIA POR REDISTRIBUCION,30/01/2026 14:37,ORDINARIO,ACCION CONTENCIOSA ADMINISTRATIVA,Contencioso Administrativo,3,2do Juzgado de Trabajo
00617-2017-0-2301-JR-LA-02,617,2017,PENDIENTE EN TRÁMITE,TOTAL PENDIENTES AL MES ANTERIOR,CONTINUA EN TRAMITE (1RA INSTANCIA) (INV.202501),28/12/2018 09:20,ESPECIAL,ACCION CONTENCIOSA ADMINISTRATIVA,Contencioso Administrativo,3,2do Juzgado de Trabajo
02002-2023-0-2301-JR-LA-03,2002,2023,PENDIENTE EN TRÁMITE,TOTAL PENDIENTES AL MES ANTERIOR,CONTINUA EN TRAMITE (POR SENTENCIAR) (INV.202501),11/01/2024 09:17,ORDINARIO,ACCION CONTENCIOSA ADMINISTRATIVA,Contencioso Administrativo,3,2do Juzgado de Trabajo
01311-2025-0-2301-JR-CI-03,1311,2025,PENDIENTE EN TRÁMITE,TOTAL PENDIENTES AL MES ANTERIOR,CONTINUA EN TRAMITE (POR SENTENCIAR) (INV.202501),30/10/2025 11:52,ORDINARIO,ACCION CONTENCIOSA ADMINISTRATIVA,Contencioso Administrativo,3,2do Juzgado de Trabajo
01009-2021-0-2301-JR-LA-01,1009,2021,PENDIENTE EN TRÁMITE,TOTAL PENDIENTES AL MES ANTERIOR,CONTINUA EN TRAMITE (POR SENTENCIAR) (INV.202501),20/12/2024 15:38,ESPECIAL,ACCION CONTENCIOSA ADMINISTRATIVA,Contencioso Administrativo,3,2do Juzgado de Trabajo
01517-2018-0-2301-JR-LA-02,1517,2018,PENDIENTE EN TRÁMITE,TOTAL PENDIENTES AL MES ANTERIOR,CONTINUA EN TRAMITE (POR SENTENCIAR) (INV.202501),16/04/2025 08:54,ESPECIAL,ACCION CONTENCIOSA ADMINISTRATIVA,Contencioso Administrativo,3,2do Juzgado de Trabajo
00442-2021-0-2301-JR-LA-01,442,2021,PENDIENTE EN TRÁMITE,TOTAL PENDIENTES AL MES ANTERIOR,CONTINUA EN TRAMITE (POR SENTENCIAR) (INV.202501),19/03/2024 09:20,ESPECIAL,ACCION CONTENCIOSA ADMINISTRATIVA,Contencioso Administrativo,3,2do Juzgado de Trabajo
02123-2015-0-2301-JR-LA-02,2123,2015,PENDIENTE EN TRÁMITE,TOTAL PENDIENTES AL MES ANTERIOR,CONTINUA EN TRAMITE (POR SENTENCIAR) (INV.202501),05/05/2025 15:21,CONTENCIOSO ADMINISTRATIVO,ACCION CONTENCIOSA ADMINISTRATIVA,Contencioso Administrativo,3,2do Juzgado de Trabajo
01562-2023-0-2301-JR-LA-02,1562,2023,PENDIENTE EN TRÁMITE,TOTAL PENDIENTES AL MES ANTERIOR,CONTINUA EN TRAMITE (POR SENTENCIAR) (INV.202501),03/05/2024 15:43,ORDINARIO,ACCION CONTENCIOSA ADMINISTRATIVA,Contencioso Administrativo,3,2do Juzgado de Trabajo
00420-2013-0-2301-JR-LA-02,420,2013,PENDIENTE EN TRÁMITE,TOTAL PENDIENTES AL MES ANTERIOR,CONTINUA EN TRAMITE (POR SENTENCIAR) (INV.202501),05/05/2025 18:03,CONTENCIOSO ADMINISTRATIVO,ACCION CONTENCIOSA ADMINISTRATIVA,Contencioso Administrativo,3,2do Juzgado de Trabajo
02569-2024-0-2301-JR-CI-02,2569,2024,PENDIENTE EN TRÁMITE,TOTAL PENDIENTES AL MES ANTERIOR,CONTINUA EN TRAMITE (POR SENTENCIAR) (INV.202501),29/04/2025 11:49,ORDINARIO,ACCION CONTENCIOSA ADMINISTRATIVA,Contencioso Administrativo,3,2do Juzgado de Trabajo
01430-2023-0-2301-JR-LA-02,1430,2023,PENDIENTE EN TRÁMITE,TOTAL PENDIENTES AL MES ANTERIOR,CONTINUA EN TRAMITE (POR SENTENCIAR) (INV.202501),12/06/2024 14:40,ORDINARIO,ACCION CONTENCIOSA ADMINISTRATIVA,Contencioso Administrativo,3,2do Juzgado de Trabajo
01706-2023-0-2301-JR-LA-02,1706,2023,PENDIENTE EN TRÁMITE,TOTAL PENDIENTES AL MES ANTERIOR,CONTINUA EN TRAMITE (POR SENTENCIAR) (INV.202501),20/06/2024 16:33,ORDINARIO,ACCION CONTENCIOSA ADMINISTRATIVA,Contencioso Administrativo,3,2do Juzgado de Trabajo
02165-2019-0-2301-JR-LA-02,2165,2019,PENDIENTE EN TRÁMITE,TOTAL PENDIENTES AL MES ANTERIOR,CONTINUA EN TRAMITE (POR SENTENCIAR) (INV.202501),24/04/2025 09:43,CONTENCIOSO ADMINISTRATIVO,ACCION CONTENCIOSA ADMINISTRATIVA,Contencioso Administrativo,3,2do Juzgado de Trabajo
01685-2023-0-2301-JR-LA-02,1685,2023,PENDIENTE EN TRÁMITE,TOTAL PENDIENTES AL MES ANTERIOR,CONTINUA EN TRAMITE (POR SENTENCIAR) (INV.202501),29/04/2025 16:29,URGENTE,ACCION CONTENCIOSA ADMINISTRATIVA,Contencioso Administrativo,3,2do Juzgado de Trabajo
00316-2018-0-2301-JR-LA-02,316,2018,PENDIENTE EN TRÁMITE,TOTAL PENDIENTES AL MES ANTERIOR,CONTINUA EN TRAMITE (POR SENTENCIAR) (INV.202501),12/09/2025 07:44,ESPECIAL,ACCION CONTENCIOSA ADMINISTRATIVA,Contencioso Administrativo,3,2do Juzgado de Trabajo
01123-2010-0-2301-JR-LA-01,1123,2010,PENDIENTE EN TRÁMITE,TOTAL PENDIENTES AL MES ANTERIOR,CONTINUA EN TRAMITE (POR SENTENCIAR) (INV.202501),24/03/2025 07:56,CONTENCIOSO ADMINISTRATIVO,ACCION CONTENCIOSA ADMINISTRATIVA,Contencioso Administrativo,3,2do Juzgado de Trabajo
00005-2023-0-2301-JR-CI-02,5,2023,PENDIENTE EN TRÁMITE,TOTAL PENDIENTES AL MES ANTERIOR,CONTINUA EN TRAMITE (POR SENTENCIAR) (INV.202501),24/01/2024 14:22,CONTENCIOSO ADMINISTRATIVO,ACCION CONTENCIOSA ADMINISTRATIVA,Contencioso Administrativo,3,2do Juzgado de Trabajo
02090-2023-0-2301-JR-LA-02,2090,2023,PENDIENTE EN TRÁMITE,TOTAL PENDIENTES AL MES ANTERIOR,CONTINUA EN TRAMITE (POR SENTENCIAR) (INV.202501),18/09/2024 16:57,ORDINARIO,ACCION CONTENCIOSA ADMINISTRATIVA,Contencioso Administrativo,3,2do Juzgado de Trabajo
01941-2023-0-2301-JR-LA-02,1941,2023,PENDIENTE EN TRÁMITE,TOTAL PENDIENTES AL MES ANTERIOR,CONTINUA EN TRAMITE (POR SENTENCIAR) (INV.202501),28/12/2023 12:09,ORDINARIO,ACCION CONTENCIOSA ADMINISTRATIVA,Contencioso Administrativo,3,2do Juzgado de Trabajo
00653-2021-0-2301-JR-LA-01,653,2021,PENDIENTE EN TRÁMITE,TOTAL PENDIENTES AL MES ANTERIOR,CONTINUA EN TRAMITE (POR SENTENCIAR) (INV.202501),30/01/2023 07:55,ORDINARIO,ACCION CONTENCIOSA ADMINISTRATIVA,Contencioso Administrativo,3,2do Juzgado de Trabajo
00539-2021-0-2301-JR-LA-02,539,2021,PENDIENTE EN TRÁMITE,TOTAL PENDIENTES AL MES ANTERIOR,CONTINUA EN TRAMITE (POR SENTENCIAR) (INV.202501),28/01/2025 08:09,ESPECIAL,ACCION CONTENCIOSA ADMINISTRATIVA,Contencioso Administrativo,3,2do Juzgado de Trabajo
00885-2023-0-2301-JR-LA-01,885,2023,PENDIENTE EN TRÁMITE,TOTAL PENDIENTES AL MES ANTERIOR,CONTINUA EN TRAMITE (POR SENTENCIAR) (INV.202501),03/08/2023 17:10,ORDINARIO,ACCION CONTENCIOSA ADMINISTRATIVA,Contencioso Administrativo,3,2do Juzgado de Trabajo
01569-2017-0-2301-JR-LA-02,1569,2017,PENDIENTE EN TRÁMITE,TOTAL PENDIENTES AL MES ANTERIOR,CONTINUA EN TRAMITE (POR SENTENCIAR) (INV.202501),05/11/2025 16:23,CONTENCIOSO ADMINISTRATIVO,ACCION CONTENCIOSA ADMINISTRATIVA,Contencioso Administrativo,3,2do Juzgado de Trabajo
00686-2023-0-2301-JR-LA-02,686,2023,PENDIENTE EN TRÁMITE,TOTAL PENDIENTES AL MES ANTERIOR,CONTINUA EN TRAMITE (POR SENTENCIAR) (INV.202501),16/06/2023 14:10,ORDINARIO,ACCION CONTENCIOSA ADMINISTRATIVA,Contencioso Administrativo,3,2do Juzgado de Trabajo
02130-2023-0-2301-JR-LA-02,2130,2023,PENDIENTE EN TRÁMITE,TOTAL PENDIENTES AL MES ANTERIOR,CONTINUA EN TRAMITE (POR SENTENCIAR) (INV.202501),12/01/2024 16:46,ORDINARIO,ACCION CONTENCIOSA ADMINISTRATIVA,Contencioso Administrativo,3,2do Juzgado de Trabajo
00889-2023-0-2301-JR-LA-02,889,2023,PENDIENTE EN TRÁMITE,TOTAL PENDIENTES AL MES ANTERIOR,CONTINUA EN TRAMITE (POR SENTENCIAR) (INV.202501),01/10/2024 11:05,ORDINARIO,ACCION CONTENCIOSA ADMINISTRATIVA,Contencioso Administrativo,3,2do Juzgado de Trabajo
00672-2019-0-2301-JR-LA-02,672,2019,PENDIENTE EN TRÁMITE,TOTAL PENDIENTES AL MES ANTERIOR,CONTINUA EN TRAMITE (POR SENTENCIAR) (INV.202501),15/08/2025 14:47,ESPECIAL,ACCION CONTENCIOSA ADMINISTRATIVA,Contencioso Administrativo,3,2do Juzgado de Trabajo
00937-2019-0-2301-JR-LA-02,937,2019,PENDIENTE EN TRÁMITE,TOTAL PENDIENTES AL MES ANTERIOR,CONTINUA EN TRAMITE (POR SENTENCIAR) (INV.202501),08/07/2025 07:48,CONTENCIOSO ADMINISTRATIVO,ACCION CONTENCIOSA ADMINISTRATIVA,Contencioso Administrativo,3,2do Juzgado de Trabajo
00977-2021-0-2301-JR-LA-02,977,2021,PENDIENTE EN TRÁMITE,TOTAL PENDIENTES AL MES ANTERIOR,CONTINUA EN TRAMITE (POR SENTENCIAR) (INV.202501),06/05/2025 14:35,ESPECIAL,ACCION CONTENCIOSA ADMINISTRATIVA,Contencioso Administrativo,3,2do Juzgado de Trabajo
02169-2017-0-2301-JR-CI-03,2169,2017,PENDIENTE EN TRÁMITE,TOTAL PENDIENTES AL MES ANTERIOR,CONTINUA EN TRAMITE (POR SENTENCIAR) (INV.202501),31/12/2025 12:28,CONTENCIOSO ADMINISTRATIVO,ACCION CONTENCIOSA ADMINISTRATIVA,Contencioso Administrativo,3,2do Juzgado de Trabajo
01946-2023-0-2301-JR-LA-02,1946,2023,PENDIENTE EN TRÁMITE,TOTAL PENDIENTES AL MES ANTERIOR,CONTINUA EN TRAMITE (POR SENTENCIAR) (INV.202501),11/01/2024 08:49,ORDINARIO,ACCION CONTENCIOSA ADMINISTRATIVA,Contencioso Administrativo,3,2do Juzgado de Trabajo
01196-2014-0-2301-JR-LA-02,1196,2014,PENDIENTE EN TRÁMITE,TOTAL PENDIENTES AL MES ANTERIOR,DECRETO PUESTO A DESPACHO PARA SENTENCIAR(ULTIMA SENTENCIA) (INV.202501),19/01/2026 14:56,CONTENCIOSO ADMINISTRATIVO,ACCION CONTENCIOSA ADMINISTRATIVA,Contencioso Administrativo,3,2do Juzgado de Trabajo
01122-2024-0-2301-JR-LA-01,1122,2024,PENDIENTE EN TRÁMITE,TOTAL PENDIENTES AL MES ANTERIOR,CONTINUA EN TRAMITE (POR SENTENCIAR) (INV.202501),06/11/2024 07:58,ORDINARIO,ACCION CONTENCIOSA ADMINISTRATIVA,Contencioso Administrativo,3,2do Juzgado de Trabajo
02025-2015-0-2301-JR-CI-03,2025,2015,PENDIENTE EN TRÁMITE,TOTAL PENDIENTES AL MES ANTERIOR,CONTINUA EN TRAMITE (POR SENTENCIAR) (INV.202501),12/11/2024 09:49,CONTENCIOSO ADMINISTRATIVO,ACCION CONTENCIOSA ADMINISTRATIVA,Contencioso Administrativo,3,2do Juzgado de Trabajo
02175-2023-0-2301-JR-LA-02,2175,2023,PENDIENTE EN TRÁMITE,TOTAL PENDIENTES AL MES ANTERIOR,CONTINUA EN TRAMITE (POR SENTENCIAR) (INV.202501),27/06/2024 15:58,ORDINARIO,ACCION CONTENCIOSA ADMINISTRATIVA,Contencioso Administrativo,3,2do Juzgado de Trabajo
00411-2017-0-2301-JR-CI-01,411,2017,PENDIENTE EN TRÁMITE,TOTAL PENDIENTES AL MES ANTERIOR,CONTINUA EN TRAMITE (POR SENTENCIAR) (INV.202501),27/03/2025 13:26,CONTENCIOSO ADMINISTRATIVO,ACCION CONTENCIOSA ADMINISTRATIVA,Contencioso Administrativo,3,2do Juzgado de Trabajo
00788-2016-0-2301-JR-LA-02,788,2016,ANULADA A TRÁMITE / HABER NULIDAD,TOTAL INGRESOS A TRÁMITE,RECEPCION  EN DEPENDENCIA POR APELACION - DEVOLUCION,24/03/2026 15:49,ESPECIAL,ACCION CONTENCIOSA ADMINISTRATIVA,Contencioso Administrativo,3,2do Juzgado de Trabajo
00346-2021-0-2301-JR-CI-04,346,2021,ANULADA A TRÁMITE / HABER NULIDAD,TOTAL INGRESOS A TRÁMITE,RECEPCION  DE SENTENCIA DE VISTA QUE ANULA A TRAMITE,20/03/2026 08:43,CONTENCIOSO ADMINISTRATIVO,ACCION CONTENCIOSA ADMINISTRATIVA,Contencioso Administrativo,3,2do Juzgado de Trabajo
00329-2014-0-2301-JR-LA-02,329,2014,ANULADA A TRÁMITE / HABER NULIDAD,TOTAL INGRESOS A TRÁMITE,RECEPCION  EN DEPENDENCIA POR APELACION - DEVOLUCION,30/03/2026 08:54,ESPECIAL,ACCION CONTENCIOSA ADMINISTRATIVA,Contencioso Administrativo,3,2do Juzgado de Trabajo
00255-2025-0-2301-JR-CI-03,255,2025,PENDIENTE EN TRÁMITE,TOTAL PENDIENTES AL MES ANTERIOR,AUTO ADMISORIO (INV.202501),22/01/2026 08:13,ORDINARIO,ACCION CONTENCIOSA ADMINISTRATIVA,Contencioso Administrativo,3,4to Juzgado de Trabajo
01523-2024-0-2301-JR-LA-03,1523,2024,PENDIENTE EN TRÁMITE,TOTAL PENDIENTES AL MES ANTERIOR,CONTINUA EN TRAMITE (1RA INSTANCIA) (INV.202501),12/11/2025 16:29,ORDINARIO,ACCION CONTENCIOSA ADMINISTRATIVA,Contencioso Administrativo,3,4to Juzgado de Trabajo
01690-2025-0-2301-JR-CI-03,1690,2025,PENDIENTE EN TRÁMITE,TOTAL PENDIENTES AL MES ANTERIOR,AUTO ADMISORIO (INV.202501),30/01/2026 14:56,ORDINARIO,ACCION CONTENCIOSA ADMINISTRATIVA,Contencioso Administrativo,3,4to Juzgado de Trabajo
01568-2024-0-2301-JR-LA-01,1568,2024,PENDIENTE EN TRÁMITE,TOTAL PENDIENTES AL MES ANTERIOR,RECEPCION  DE SENTENCIA DE VISTA QUE ANULA A TRAMITE (INV.202501),15/01/2026 08:25,ORDINARIO,ACCION CONTENCIOSA ADMINISTRATIVA,Contencioso Administrativo,3,4to Juzgado de Trabajo
01405-2023-59-2301-JR-LA-02,1405,2023,PENDIENTE EN TRÁMITE,TOTAL PENDIENTES AL MES ANTERIOR,CONTINUA EN TRAMITE (1RA INSTANCIA) (INV.202501),19/11/2025 10:45,URGENTE,ACCION CONTENCIOSA ADMINISTRATIVA,Contencioso Administrativo,3,4to Juzgado de Trabajo
02114-2023-0-2301-JR-LA-02,2114,2023,PENDIENTE EN TRÁMITE,TOTAL PENDIENTES AL MES ANTERIOR,CONTINUA EN TRAMITE (POR SENTENCIAR) (INV.202501),31/12/2025 12:33,ORDINARIO,ACCION CONTENCIOSA ADMINISTRATIVA,Contencioso Administrativo,3,4to Juzgado de Trabajo
00637-2021-0-2301-JR-LA-03,637,2021,PENDIENTE EN TRÁMITE,TOTAL PENDIENTES AL MES ANTERIOR,CONTINUA EN TRAMITE (POR SENTENCIAR) (INV.202501),04/11/2025 16:30,CONTENCIOSO ADMINISTRATIVO,ACCION CONTENCIOSA ADMINISTRATIVA,Contencioso Administrativo,3,4to Juzgado de Trabajo
00663-2023-0-2301-JR-LA-02,663,2023,PENDIENTE EN TRÁMITE,TOTAL PENDIENTES AL MES ANTERIOR,CONTINUA EN TRAMITE (POR SENTENCIAR) (INV.202501),13/11/2025 14:45,ORDINARIO,ACCION CONTENCIOSA ADMINISTRATIVA,Contencioso Administrativo,3,4to Juzgado de Trabajo
00186-2026-0-2301-JR-CI-03,186,2026,NUEVOS ADMITIDOS,TOTAL INGRESOS A TRÁMITE,AUTO ADMISORIO,16/03/2026 17:04,ORDINARIO,ACCION CONTENCIOSA ADMINISTRATIVA,Contencioso Administrativo,3,4to Juzgado de Trabajo
01773-2018-0-2301-JR-LA-03,1773,2018,PENDIENTE EN TRÁMITE,TOTAL PENDIENTES AL MES ANTERIOR,CONTINUA EN TRAMITE (POR SENTENCIAR) (INV.202501),25/04/2025 16:11,ORDINARIO,CESE DE ACTOS DE HOSTILIDAD DEL EMPLEADOR,Contencioso Administrativo,3,2do Juzgado de Trabajo
00212-2024-0-2301-JR-LA-02,212,2024,PENDIENTE EN TRÁMITE,TOTAL PENDIENTES AL MES ANTERIOR,CONTINUA EN TRAMITE (POR SENTENCIAR) (INV.202501),09/05/2024 08:50,URGENTE,CESE DE ACTUACION MATERIAL,Contencioso Administrativo,3,2do Juzgado de Trabajo
00066-2026-0-2301-JR-LA-02,66,2026,PENDIENTE EN TRÁMITE,TOTAL PENDIENTES AL MES ANTERIOR,AUTO DE SANEAMIENTO QUE NO CONCLUYE EL PROCESO,12/02/2026 17:06,ORDINARIO,CESE DE ACTUACION MATERIAL,Contencioso Administrativo,3,2do Juzgado de Trabajo
01036-2025-0-2301-JR-LA-02,1036,2025,PENDIENTE EN TRÁMITE,TOTAL PENDIENTES AL MES ANTERIOR,CONTINUA EN TRAMITE (POR SENTENCIAR) (INV.202501),18/08/2025 12:40,ORDINARIO,CESE DE ACTUACION MATERIAL,Contencioso Administrativo,3,2do Juzgado de Trabajo
00101-2026-0-2301-JR-LA-04,101,2026,PENDIENTE EN TRÁMITE,TOTAL PENDIENTES AL MES ANTERIOR,AUTO DE SANEAMIENTO QUE NO CONCLUYE EL PROCESO,19/02/2026 16:52,ORDINARIO,CESE DE ACTUACION MATERIAL,Contencioso Administrativo,3,4to Juzgado de Trabajo
00958-2020-0-2301-JR-LA-01,958,2020,PENDIENTE EN TRÁMITE,TOTAL PENDIENTES AL MES ANTERIOR,RECEPCION  EN DEPENDENCIA POR APELACION - DEVOLUCION,30/01/2026 08:16,CONTENCIOSO ADMINISTRATIVO,EJECUCION DE RESOLUCION ADMINISTRATIVA,Contencioso Administrativo,3,2do Juzgado de Trabajo
00829-2018-0-2301-JR-LA-02,829,2018,PENDIENTE EN TRÁMITE,TOTAL PENDIENTES AL MES ANTERIOR,CONTINUA EN TRAMITE (POR SENTENCIAR) (INV.202501),10/09/2025 17:38,ESPECIAL,IMPUGNACION DE ACTO O RESOLUCION ADMINISTRATIVA,Contencioso Administrativo,3,2do Juzgado de Trabajo
00514-2021-0-2301-JR-LA-02,514,2021,PENDIENTE EN TRÁMITE,TOTAL PENDIENTES AL MES ANTERIOR,CONTINUA EN TRAMITE (POR SENTENCIAR) (INV.202501),13/07/2023 08:06,ESPECIAL,IMPUGNACION DE ACTO O RESOLUCION ADMINISTRATIVA,Contencioso Administrativo,3,2do Juzgado de Trabajo
01022-2014-0-2301-JR-LA-02,1022,2014,PENDIENTE EN TRÁMITE,TOTAL PENDIENTES AL MES ANTERIOR,CONTINUA EN TRAMITE (POR SENTENCIAR) (INV.202501),15/05/2025 13:04,ORDINARIO,IMPUGNACION DE DESPIDO,Contencioso Administrativo,3,2do Juzgado de Trabajo
00835-2024-0-2301-JR-LA-03,835,2024,PENDIENTE EN TRÁMITE,TOTAL PENDIENTES AL MES ANTERIOR,CONTINUA EN TRAMITE (POR SENTENCIAR) (INV.202501),29/08/2025 07:58,ORDINARIO,INDEMNIZACION POR DESPIDO ARBITRARIO Y OTROS,Contencioso Administrativo,3,2do Juzgado de Trabajo
00622-2018-0-2301-JR-LA-02,622,2018,PENDIENTE EN TRÁMITE,TOTAL PENDIENTES AL MES ANTERIOR,RECEPCION  DE SENTENCIA DE VISTA QUE ANULA A TRAMITE,20/01/2026 08:23,CONTENCIOSO ADMINISTRATIVO,NULIDAD DE RESOLUCION ADMINISTRATIVA,Contencioso Administrativo,3,2do Juzgado de Trabajo
01742-2012-0-2301-JR-LA-02,1742,2012,PENDIENTE EN TRÁMITE,TOTAL PENDIENTES AL MES ANTERIOR,RECEPCION  EN DEPENDENCIA POR APELACION - DEVOLUCION,07/01/2026 16:47,ESPECIAL,NULIDAD DE RESOLUCION ADMINISTRATIVA,Contencioso Administrativo,3,2do Juzgado de Trabajo
02356-2025-0-2301-JR-CI-04,2356,2025,PENDIENTE EN TRÁMITE,TOTAL PENDIENTES AL MES ANTERIOR,AUTO ADMISORIO (INV.202501),06/01/2026 17:57,ORDINARIO,NULIDAD DE RESOLUCION ADMINISTRATIVA,Contencioso Administrativo,3,2do Juzgado de Trabajo
00050-2026-0-2301-JR-CI-01,50,2026,PENDIENTE EN TRÁMITE,TOTAL PENDIENTES AL MES ANTERIOR,AUTO ADMISORIO,25/02/2026 16:56,ORDINARIO,NULIDAD DE RESOLUCION ADMINISTRATIVA,Contencioso Administrativo,3,2do Juzgado de Trabajo
00566-2022-0-2301-JR-LA-01,566,2022,PENDIENTE EN TRÁMITE,TOTAL PENDIENTES AL MES ANTERIOR,CONTINUA EN TRAMITE (2DA INSTANCIA) (INV.202501),06/10/2025 08:58,ESPECIAL,NULIDAD DE RESOLUCION ADMINISTRATIVA,Contencioso Administrativo,3,2do Juzgado de Trabajo
01599-2019-0-2301-JR-LA-02,1599,2019,PENDIENTE EN TRÁMITE,TOTAL PENDIENTES AL MES ANTERIOR,AUTO DE SANEAMIENTO QUE NO CONCLUYE EL PROCESO (INV.202501),06/01/2026 13:22,CONTENCIOSO ADMINISTRATIVO,NULIDAD DE RESOLUCION ADMINISTRATIVA,Contencioso Administrativo,3,2do Juzgado de Trabajo
00640-2020-0-2301-JR-CI-02,640,2020,PENDIENTE EN TRÁMITE,TOTAL PENDIENTES AL MES ANTERIOR,CONTINUA EN TRAMITE (POR SENTENCIAR) (INV.202501),05/03/2025 13:00,CONTENCIOSO ADMINISTRATIVO,NULIDAD DE RESOLUCION ADMINISTRATIVA,Contencioso Administrativo,3,2do Juzgado de Trabajo
00153-2022-0-2301-JR-LA-02,153,2022,PENDIENTE EN TRÁMITE,TOTAL PENDIENTES AL MES ANTERIOR,CONTINUA EN TRAMITE (POR SENTENCIAR) (INV.202501),26/09/2025 16:47,ESPECIAL,NULIDAD DE RESOLUCION ADMINISTRATIVA,Contencioso Administrativo,3,2do Juzgado de Trabajo
01429-2025-0-2301-JR-CI-03,1429,2025,PENDIENTE EN TRÁMITE,TOTAL PENDIENTES AL MES ANTERIOR,AUTO DE SANEAMIENTO QUE NO CONCLUYE EL PROCESO (INV.202501),07/01/2026 07:34,ORDINARIO,NULIDAD DE RESOLUCION ADMINISTRATIVA,Contencioso Administrativo,3,2do Juzgado de Trabajo
01909-2017-0-2301-JR-LA-02,1909,2017,PENDIENTE EN TRÁMITE,TOTAL PENDIENTES AL MES ANTERIOR,CONTINUA EN TRAMITE (POR SENTENCIAR) (INV.202501),20/05/2025 13:29,CONTENCIOSO ADMINISTRATIVO,NULIDAD DE RESOLUCION ADMINISTRATIVA,Contencioso Administrativo,3,2do Juzgado de Trabajo
01864-2015-0-2301-JR-LA-02,1864,2015,PENDIENTE EN TRÁMITE,TOTAL PENDIENTES AL MES ANTERIOR,CONTINUA EN TRAMITE (POR SENTENCIAR) (INV.202501),26/06/2025 09:55,ESPECIAL,NULIDAD DE RESOLUCION ADMINISTRATIVA,Contencioso Administrativo,3,2do Juzgado de Trabajo
00885-2024-0-2301-JR-CI-02,885,2024,PENDIENTE EN TRÁMITE,TOTAL PENDIENTES AL MES ANTERIOR,CONTINUA EN TRAMITE (POR SENTENCIAR) (INV.202501),21/01/2025 08:43,CONTENCIOSO ADMINISTRATIVO,NULIDAD DE RESOLUCION ADMINISTRATIVA,Contencioso Administrativo,3,2do Juzgado de Trabajo
01587-2018-0-2301-JR-LA-02,1587,2018,PENDIENTE EN TRÁMITE,TOTAL PENDIENTES AL MES ANTERIOR,CONTINUA EN TRAMITE (POR SENTENCIAR) (INV.202501),24/04/2023 16:27,CONTENCIOSO ADMINISTRATIVO,NULIDAD DE RESOLUCION ADMINISTRATIVA,Contencioso Administrativo,3,2do Juzgado de Trabajo
00850-2022-0-2301-JR-LA-02,850,2022,PENDIENTE EN TRÁMITE,TOTAL PENDIENTES AL MES ANTERIOR,CONTINUA EN TRAMITE (POR SENTENCIAR) (INV.202501),14/11/2024 15:45,CONTENCIOSO ADMINISTRATIVO,NULIDAD DE RESOLUCION ADMINISTRATIVA,Contencioso Administrativo,3,2do Juzgado de Trabajo
00485-2025-0-2301-JR-CI-02,485,2025,PENDIENTE EN TRÁMITE,TOTAL PENDIENTES AL MES ANTERIOR,CONTINUA EN TRAMITE (POR SENTENCIAR) (INV.202501),27/06/2025 12:40,CONTENCIOSO ADMINISTRATIVO,NULIDAD DE RESOLUCION ADMINISTRATIVA,Contencioso Administrativo,3,2do Juzgado de Trabajo
01888-2017-0-2301-JR-LA-02,1888,2017,PENDIENTE EN TRÁMITE,TOTAL PENDIENTES AL MES ANTERIOR,CONTINUA EN TRAMITE (POR SENTENCIAR) (INV.202501),26/06/2025 08:52,ESPECIAL,NULIDAD DE RESOLUCION ADMINISTRATIVA,Contencioso Administrativo,3,2do Juzgado de Trabajo
00010-2017-0-2301-JR-LA-02,10,2017,PENDIENTE EN TRÁMITE,TOTAL PENDIENTES AL MES ANTERIOR,CONTINUA EN TRAMITE (POR SENTENCIAR) (INV.202501),21/09/2022 12:38,CONTENCIOSO ADMINISTRATIVO,NULIDAD DE RESOLUCION ADMINISTRATIVA,Contencioso Administrativo,3,2do Juzgado de Trabajo
00988-2024-0-2301-JR-CI-02,988,2024,PENDIENTE EN TRÁMITE,TOTAL PENDIENTES AL MES ANTERIOR,CONTINUA EN TRAMITE (POR SENTENCIAR) (INV.202501),30/10/2024 15:03,ORDINARIO,NULIDAD DE RESOLUCION ADMINISTRATIVA,Contencioso Administrativo,3,2do Juzgado de Trabajo
00630-2018-0-2301-JR-LA-02,630,2018,PENDIENTE EN TRÁMITE,TOTAL PENDIENTES AL MES ANTERIOR,CONTINUA EN TRAMITE (POR SENTENCIAR) (INV.202501),20/05/2025 13:30,CONTENCIOSO ADMINISTRATIVO,NULIDAD DE RESOLUCION ADMINISTRATIVA,Contencioso Administrativo,3,2do Juzgado de Trabajo
01651-2023-0-2301-JR-CI-02,1651,2023,PENDIENTE EN TRÁMITE,TOTAL PENDIENTES AL MES ANTERIOR,CONTINUA EN TRAMITE (POR SENTENCIAR) (INV.202501),12/01/2024 10:59,CONTENCIOSO ADMINISTRATIVO,NULIDAD DE RESOLUCION ADMINISTRATIVA,Contencioso Administrativo,3,2do Juzgado de Trabajo
01257-2022-0-2301-JR-LA-02,1257,2022,PENDIENTE EN TRÁMITE,TOTAL PENDIENTES AL MES ANTERIOR,CONTINUA EN TRAMITE (POR SENTENCIAR) (INV.202501),30/12/2025 17:40,CONTENCIOSO ADMINISTRATIVO,NULIDAD DE RESOLUCION ADMINISTRATIVA,Contencioso Administrativo,3,2do Juzgado de Trabajo
00455-2015-0-2301-JR-LA-02,455,2015,PENDIENTE EN TRÁMITE,TOTAL PENDIENTES AL MES ANTERIOR,CONTINUA EN TRAMITE (POR SENTENCIAR) (INV.202501),08/09/2025 09:18,CONTENCIOSO ADMINISTRATIVO,NULIDAD DE RESOLUCION ADMINISTRATIVA,Contencioso Administrativo,3,2do Juzgado de Trabajo
01874-2022-0-2301-JR-LA-02,1874,2022,PENDIENTE EN TRÁMITE,TOTAL PENDIENTES AL MES ANTERIOR,CONTINUA EN TRAMITE (POR SENTENCIAR) (INV.202501),30/03/2023 08:29,CONTENCIOSO ADMINISTRATIVO,NULIDAD DE RESOLUCION ADMINISTRATIVA,Contencioso Administrativo,3,2do Juzgado de Trabajo
01501-2019-0-2301-JR-LA-02,1501,2019,PENDIENTE EN TRÁMITE,TOTAL PENDIENTES AL MES ANTERIOR,DECRETO PUESTO A DESPACHO PARA SENTENCIAR(ULTIMA SENTENCIA),12/01/2026 07:41,CONTENCIOSO ADMINISTRATIVO,NULIDAD DE RESOLUCION ADMINISTRATIVA,Contencioso Administrativo,3,2do Juzgado de Trabajo
01211-2018-0-2301-JR-LA-02,1211,2018,PENDIENTE EN TRÁMITE,TOTAL PENDIENTES AL MES ANTERIOR,CONTINUA EN TRAMITE (POR SENTENCIAR) (INV.202501),29/04/2025 11:47,ESPECIAL,NULIDAD DE RESOLUCION ADMINISTRATIVA,Contencioso Administrativo,3,2do Juzgado de Trabajo
01689-2018-0-2301-JR-LA-02,1689,2018,PENDIENTE EN TRÁMITE,TOTAL PENDIENTES AL MES ANTERIOR,CONTINUA EN TRAMITE (POR SENTENCIAR) (INV.202501),03/12/2025 16:33,CONTENCIOSO ADMINISTRATIVO,NULIDAD DE RESOLUCION ADMINISTRATIVA,Contencioso Administrativo,3,2do Juzgado de Trabajo
01100-2018-0-2301-JR-LA-02,1100,2018,PENDIENTE EN TRÁMITE,TOTAL PENDIENTES AL MES ANTERIOR,CONTINUA EN TRAMITE (POR SENTENCIAR) (INV.202501),07/05/2025 16:48,ESPECIAL,NULIDAD DE RESOLUCION ADMINISTRATIVA,Contencioso Administrativo,3,2do Juzgado de Trabajo
01076-2015-0-2301-JR-LA-02,1076,2015,ANULADA A TRÁMITE / HABER NULIDAD,TOTAL INGRESOS A TRÁMITE,RECEPCION  EN DEPENDENCIA POR APELACION - DEVOLUCION,27/03/2026 12:46,CONTENCIOSO ADMINISTRATIVO,NULIDAD DE RESOLUCION ADMINISTRATIVA,Contencioso Administrativo,3,2do Juzgado de Trabajo
02041-2022-0-2301-JR-CI-02,2041,2022,PENDIENTE EN TRÁMITE,TOTAL PENDIENTES AL MES ANTERIOR,CONTINUA EN TRAMITE (POR SENTENCIAR) (INV.202501),18/11/2025 10:08,CONTENCIOSO ADMINISTRATIVO,NULIDAD DE RESOLUCION ADMINISTRATIVA,Contencioso Administrativo,3,4to Juzgado de Trabajo
02439-2025-0-2301-JR-CI-01,2439,2025,NUEVOS ADMITIDOS,TOTAL INGRESOS A TRÁMITE,AUTO ADMISORIO,16/03/2026 17:05,ORDINARIO,NULIDAD DE RESOLUCIÓN O ACTO ADMINISTRATIVO,Contencioso Administrativo,3,4to Juzgado de Trabajo
01986-2019-0-2301-JR-LA-01,1986,2019,PENDIENTE EN TRÁMITE,TOTAL PENDIENTES AL MES ANTERIOR,CONTINUA EN TRAMITE (POR SENTENCIAR) (INV.202501),04/03/2025 14:28,CONTENCIOSO ADMINISTRATIVO,PAGO DE BENEFICIOS SOCIALES Y/O INDEMNIZACION U OTROS BENEFICIOS ECONOMICOS,Contencioso Administrativo,3,2do Juzgado de Trabajo
01060-2025-0-2301-JR-LA-01,1060,2025,PENDIENTE EN TRÁMITE,TOTAL PENDIENTES AL MES ANTERIOR,CONTINUA EN TRAMITE (POR SENTENCIAR) (INV.202501),01/12/2025 08:36,ORDINARIO,PAGO DE BENEFICIOS SOCIALES Y/O INDEMNIZACION U OTROS BENEFICIOS ECONOMICOS,Contencioso Administrativo,3,4to Juzgado de Trabajo
00186-2009-0-2301-JR-LA-01,186,2009,PENDIENTE EN TRÁMITE,TOTAL PENDIENTES AL MES ANTERIOR,CONTINUA EN TRAMITE (1RA INSTANCIA) (INV.202501),18/07/2011 17:34,ESPECIAL,POR DEFINIR,Contencioso Administrativo,3,2do Juzgado de Trabajo
00194-2023-0-2301-JR-LA-03,194,2023,PENDIENTE EN TRÁMITE,TOTAL PENDIENTES AL MES ANTERIOR,CONTINUA EN TRAMITE (POR SENTENCIAR) (INV.202501),18/04/2023 08:24,ORDINARIO,REPOSICION,Contencioso Administrativo,3,2do Juzgado de Trabajo
01059-2025-0-2301-JR-LA-03,1059,2025,PENDIENTE EN TRÁMITE,TOTAL PENDIENTES AL MES ANTERIOR,CONTINUA EN TRAMITE (POR SENTENCIAR) (INV.202501),08/09/2025 12:59,ORDINARIO,REPOSICION,Contencioso Administrativo,3,2do Juzgado de Trabajo
00940-2025-0-2301-JR-LA-03,940,2025,PENDIENTE EN TRÁMITE,TOTAL PENDIENTES AL MES ANTERIOR,CONTINUA EN TRAMITE (POR SENTENCIAR) (INV.202501),11/08/2025 11:04,ORDINARIO,REPOSICION,Contencioso Administrativo,3,2do Juzgado de Trabajo
01849-2024-0-2301-JR-LA-03,1849,2024,PENDIENTE EN TRÁMITE,TOTAL PENDIENTES AL MES ANTERIOR,RECEPCION  EN DEPENDENCIA POR APELACION - DEVOLUCION,27/01/2026 18:02,ORDINARIO,REPOSICION,Contencioso Administrativo,3,4to Juzgado de Trabajo
01577-2024-0-2301-JR-LA-03,1577,2024,PENDIENTE EN TRÁMITE,TOTAL PENDIENTES AL MES ANTERIOR,CONTINUA EN TRAMITE (1RA INSTANCIA) (INV.202501),26/11/2025 12:27,ORDINARIO,REPOSICION,Contencioso Administrativo,3,4to Juzgado de Trabajo
00102-2026-0-2301-JR-LA-02,102,2026,PENDIENTE EN TRÁMITE,TOTAL PENDIENTES AL MES ANTERIOR,AUTO ADMISORIO,23/01/2026 12:52,URGENTE,CUMPLIMIENTO DE ACTUACIONES DISPUESTA POR ACTO ADMINISTRATIVO,Contencioso Administrativo,3,2do Juzgado de Trabajo
01729-2025-0-2301-JR-LA-02,1729,2025,PENDIENTE EN TRÁMITE,TOTAL PENDIENTES AL MES ANTERIOR,CONTINUA EN TRAMITE (1RA INSTANCIA) (INV.202501),22/12/2025 16:14,ORDINARIO,RECONOCIMIENTO DEL DERECHO TUTELADO,Contencioso Administrativo,3,2do Juzgado de Trabajo
00078-2026-0-2301-JR-LA-02,78,2026,PENDIENTE EN TRÁMITE,TOTAL PENDIENTES AL MES ANTERIOR,AUTO ADMISORIO,21/01/2026 12:51,ORDINARIO,DECLARACIÓN DE NULIDAD DE ACTOS ADMINISTRATIVOS,Contencioso Administrativo,3,2do Juzgado de Trabajo
00082-2026-0-2301-JR-LA-02,82,2026,PENDIENTE EN TRÁMITE,TOTAL PENDIENTES AL MES ANTERIOR,AUTO ADMISORIO,23/01/2026 14:37,ORDINARIO,RECONOCIMIENTO DEL DERECHO TUTELADO,Contencioso Administrativo,3,2do Juzgado de Trabajo
00165-2026-0-2301-JR-LA-02,165,2026,PENDIENTE EN TRÁMITE,TOTAL PENDIENTES AL MES ANTERIOR,AUTO ADMISORIO,10/02/2026 08:40,ORDINARIO,RECONOCIMIENTO DEL DERECHO TUTELADO,Contencioso Administrativo,3,2do Juzgado de Trabajo
00223-2026-0-2301-JR-LA-02,223,2026,PENDIENTE EN TRÁMITE,TOTAL PENDIENTES AL MES ANTERIOR,AUTO ADMISORIO,24/02/2026 16:20,ORDINARIO,RECONOCIMIENTO DEL DERECHO TUTELADO,Contencioso Administrativo,3,2do Juzgado de Trabajo
01709-2025-0-2301-JR-LA-02,1709,2025,PENDIENTE EN TRÁMITE,TOTAL PENDIENTES AL MES ANTERIOR,CONTINUA EN TRAMITE (1RA INSTANCIA) (INV.202501),24/11/2025 11:58,ORDINARIO,DECLARACIÓN DE NULIDAD DE ACTOS ADMINISTRATIVOS,Contencioso Administrativo,3,2do Juzgado de Trabajo
00190-2026-0-2301-JR-LA-02,190,2026,PENDIENTE EN TRÁMITE,TOTAL PENDIENTES AL MES ANTERIOR,AUTO ADMISORIO,24/02/2026 16:19,ORDINARIO,RECONOCIMIENTO DEL DERECHO TUTELADO,Contencioso Administrativo,3,2do Juzgado de Trabajo
01840-2025-0-2301-JR-LA-02,1840,2025,PENDIENTE EN TRÁMITE,TOTAL PENDIENTES AL MES ANTERIOR,CONTINUA EN TRAMITE (1RA INSTANCIA) (INV.202501),24/12/2025 14:50,ORDINARIO,DECLARACIÓN DE NULIDAD DE ACTOS ADMINISTRATIVOS,Contencioso Administrativo,3,2do Juzgado de Trabajo
01828-2025-0-2301-JR-LA-02,1828,2025,PENDIENTE EN TRÁMITE,TOTAL PENDIENTES AL MES ANTERIOR,AUTO ADMISORIO (INV.202501),06/01/2026 17:34,ORDINARIO,DECLARACIÓN DE NULIDAD DE ACTOS ADMINISTRATIVOS,Contencioso Administrativo,3,2do Juzgado de Trabajo
01874-2025-0-2301-JR-LA-02,1874,2025,PENDIENTE EN TRÁMITE,TOTAL PENDIENTES AL MES ANTERIOR,AUTO ADMISORIO (INV.202501),15/01/2026 15:38,ORDINARIO,RECONOCIMIENTO DEL DERECHO TUTELADO,Contencioso Administrativo,3,2do Juzgado de Trabajo
00037-2026-0-2301-JR-LA-02,37,2026,PENDIENTE EN TRÁMITE,TOTAL PENDIENTES AL MES ANTERIOR,AUTO ADMISORIO,13/01/2026 16:37,ORDINARIO,DECLARACIÓN DE NULIDAD DE ACTOS ADMINISTRATIVOS,Contencioso Administrativo,3,2do Juzgado de Trabajo
01687-2025-0-2301-JR-LA-02,1687,2025,PENDIENTE EN TRÁMITE,TOTAL PENDIENTES AL MES ANTERIOR,CONTINUA EN TRAMITE (1RA INSTANCIA) (INV.202501),24/11/2025 11:57,ORDINARIO,DECLARACIÓN DE NULIDAD DE ACTOS ADMINISTRATIVOS,Contencioso Administrativo,3,2do Juzgado de Trabajo
00090-2026-0-2301-JR-LA-02,90,2026,PENDIENTE EN TRÁMITE,TOTAL PENDIENTES AL MES ANTERIOR,AUTO ADMISORIO,23/01/2026 14:37,ORDINARIO,RECONOCIMIENTO DEL DERECHO TUTELADO,Contencioso Administrativo,3,2do Juzgado de Trabajo
01692-2024-0-2301-JR-LA-02,1692,2024,PENDIENTE EN TRÁMITE,TOTAL PENDIENTES AL MES ANTERIOR,RECEPCION  DE SENTENCIA DE VISTA QUE ANULA A TRAMITE (INV.202501),14/01/2026 12:14,ORDINARIO,DECLARACIÓN DE NULIDAD DE ACTOS ADMINISTRATIVOS,Contencioso Administrativo,3,2do Juzgado de Trabajo
00068-2026-0-2301-JR-LA-02,68,2026,PENDIENTE EN TRÁMITE,TOTAL PENDIENTES AL MES ANTERIOR,AUTO ADMISORIO,20/01/2026 08:05,ORDINARIO,RECONOCIMIENTO DEL DERECHO TUTELADO,Contencioso Administrativo,3,2do Juzgado de Trabajo
00139-2026-0-2301-JR-LA-02,139,2026,PENDIENTE EN TRÁMITE,TOTAL PENDIENTES AL MES ANTERIOR,AUTO ADMISORIO,10/02/2026 16:39,ORDINARIO,RESTABLECIMIENTO DEL DERECHO TUTELADO,Contencioso Administrativo,3,2do Juzgado de Trabajo
00133-2026-0-2301-JR-LA-02,133,2026,PENDIENTE EN TRÁMITE,TOTAL PENDIENTES AL MES ANTERIOR,AUTO ADMISORIO,30/01/2026 11:34,ORDINARIO,CUMPLIMIENTO DE ACTUACIONES DISPUESTA POR ACTO ADMINISTRATIVO,Contencioso Administrativo,3,2do Juzgado de Trabajo
01630-2025-0-2301-JR-LA-02,1630,2025,PENDIENTE EN TRÁMITE,TOTAL PENDIENTES AL MES ANTERIOR,CONTINUA EN TRAMITE (1RA INSTANCIA) (INV.202501),02/12/2025 16:06,ORDINARIO,RECONOCIMIENTO DEL DERECHO TUTELADO,Contencioso Administrativo,3,2do Juzgado de Trabajo
02437-2025-0-2301-JR-CI-01,2437,2025,PENDIENTE EN TRÁMITE,TOTAL PENDIENTES AL MES ANTERIOR,AUTO ADMISORIO (INV.202501),26/01/2026 16:06,ORDINARIO,RECONOCIMIENTO DEL DERECHO TUTELADO,Contencioso Administrativo,3,2do Juzgado de Trabajo
01208-2025-0-2301-JR-LA-02,1208,2025,PENDIENTE EN TRÁMITE,TOTAL PENDIENTES AL MES ANTERIOR,CONTINUA EN TRAMITE (1RA INSTANCIA) (INV.202501),05/09/2025 08:30,ORDINARIO,RESTABLECIMIENTO DEL DERECHO TUTELADO,Contencioso Administrativo,3,2do Juzgado de Trabajo
00055-2026-0-2301-JR-LA-02,55,2026,PENDIENTE EN TRÁMITE,TOTAL PENDIENTES AL MES ANTERIOR,AUTO ADMISORIO,27/01/2026 08:09,ORDINARIO,DECLARACIÓN DE NULIDAD DE ACTOS ADMINISTRATIVOS,Contencioso Administrativo,3,2do Juzgado de Trabajo
00012-2026-0-2301-JR-LA-02,12,2026,PENDIENTE EN TRÁMITE,TOTAL PENDIENTES AL MES ANTERIOR,AUTO ADMISORIO,13/01/2026 13:37,ORDINARIO,RECONOCIMIENTO DEL DERECHO TUTELADO,Contencioso Administrativo,3,2do Juzgado de Trabajo
01853-2025-0-2301-JR-LA-03,1853,2025,PENDIENTE EN TRÁMITE,TOTAL PENDIENTES AL MES ANTERIOR,AUTO ADMISORIO,23/01/2026 16:38,ORDINARIO,DECLARACIÓN DE INEFICACIA DE ACTOS ADMINISTRATIVOS,Contencioso Administrativo,3,2do Juzgado de Trabajo
01808-2025-0-2301-JR-LA-02,1808,2025,PENDIENTE EN TRÁMITE,TOTAL PENDIENTES AL MES ANTERIOR,CONTINUA EN TRAMITE (1RA INSTANCIA) (INV.202501),16/12/2025 12:06,ORDINARIO,DECLARACIÓN DE NULIDAD DE ACTOS ADMINISTRATIVOS,Contencioso Administrativo,3,2do Juzgado de Trabajo
01672-2025-0-2301-JR-LA-02,1672,2025,PENDIENTE EN TRÁMITE,TOTAL PENDIENTES AL MES ANTERIOR,CONTINUA EN TRAMITE (1RA INSTANCIA) (INV.202501),24/11/2025 11:55,ORDINARIO,DECLARACIÓN DE NULIDAD DE ACTOS ADMINISTRATIVOS,Contencioso Administrativo,3,2do Juzgado de Trabajo
01620-2025-0-2301-JR-LA-02,1620,2025,PENDIENTE EN TRÁMITE,TOTAL PENDIENTES AL MES ANTERIOR,CONTINUA EN TRAMITE (1RA INSTANCIA) (INV.202501),18/12/2025 10:18,ORDINARIO,DECLARACIÓN DE NULIDAD DE ACTOS ADMINISTRATIVOS,Contencioso Administrativo,3,2do Juzgado de Trabajo
01881-2025-0-2301-JR-LA-02,1881,2025,PENDIENTE EN TRÁMITE,TOTAL PENDIENTES AL MES ANTERIOR,AUTO ADMISORIO (INV.202501),26/01/2026 08:07,ORDINARIO,DECLARACIÓN DE NULIDAD DE ACTOS ADMINISTRATIVOS,Contencioso Administrativo,3,2do Juzgado de Trabajo
01579-2024-0-2301-JR-LA-01,1579,2024,PENDIENTE EN TRÁMITE,TOTAL PENDIENTES AL MES ANTERIOR,RECEPCION  DE SENTENCIA DE VISTA QUE ANULA A TRAMITE (INV.202501),14/01/2026 12:14,ORDINARIO,DECLARACIÓN DE NULIDAD DE ACTOS ADMINISTRATIVOS,Contencioso Administrativo,3,2do Juzgado de Trabajo
00243-2026-0-2301-JR-LA-02,243,2026,PENDIENTE EN TRÁMITE,TOTAL PENDIENTES AL MES ANTERIOR,AUTO ADMISORIO,26/02/2026 10:14,URGENTE,CUMPLIMIENTO DE ACTUACIONES DISPUESTA POR ACTO ADMINISTRATIVO,Contencioso Administrativo,3,2do Juzgado de Trabajo
01384-2023-0-2301-JR-LA-02,1384,2023,PENDIENTE EN TRÁMITE,TOTAL PENDIENTES AL MES ANTERIOR,RECEPCION  EN DEPENDENCIA POR APELACION - DEVOLUCION,29/01/2026 17:26,ORDINARIO,RESTABLECIMIENTO DEL DERECHO TUTELADO,Contencioso Administrativo,3,2do Juzgado de Trabajo
01830-2025-0-2301-JR-LA-02,1830,2025,PENDIENTE EN TRÁMITE,TOTAL PENDIENTES AL MES ANTERIOR,AUTO ADMISORIO (INV.202501),15/01/2026 12:11,ORDINARIO,RECONOCIMIENTO DEL DERECHO TUTELADO,Contencioso Administrativo,3,2do Juzgado de Trabajo
00121-2026-0-2301-JR-LA-02,121,2026,PENDIENTE EN TRÁMITE,TOTAL PENDIENTES AL MES ANTERIOR,AUTO ADMISORIO,30/01/2026 11:34,ORDINARIO,RECONOCIMIENTO DEL DERECHO TUTELADO,Contencioso Administrativo,3,2do Juzgado de Trabajo
01748-2025-0-2301-JR-LA-02,1748,2025,PENDIENTE EN TRÁMITE,TOTAL PENDIENTES AL MES ANTERIOR,CONTINUA EN TRAMITE (1RA INSTANCIA) (INV.202501),22/12/2025 16:15,ORDINARIO,RECONOCIMIENTO DEL DERECHO TUTELADO,Contencioso Administrativo,3,2do Juzgado de Trabajo
01680-2024-0-2301-JR-LA-02,1680,2024,PENDIENTE EN TRÁMITE,TOTAL PENDIENTES AL MES ANTERIOR,CONTINUA EN TRAMITE (1RA INSTANCIA) (INV.202501),23/12/2025 16:14,ORDINARIO,DECLARACIÓN DE NULIDAD DE ACTOS ADMINISTRATIVOS,Contencioso Administrativo,3,2do Juzgado de Trabajo
00021-2026-0-2301-JR-LA-02,21,2026,PENDIENTE EN TRÁMITE,TOTAL PENDIENTES AL MES ANTERIOR,AUTO ADMISORIO,13/01/2026 13:37,ORDINARIO,RECONOCIMIENTO DEL DERECHO TUTELADO,Contencioso Administrativo,3,2do Juzgado de Trabajo
01595-2025-0-2301-JR-LA-02,1595,2025,PENDIENTE EN TRÁMITE,TOTAL PENDIENTES AL MES ANTERIOR,CONTINUA EN TRAMITE (1RA INSTANCIA) (INV.202501),04/12/2025 16:48,ORDINARIO,RECONOCIMIENTO DEL DERECHO TUTELADO,Contencioso Administrativo,3,2do Juzgado de Trabajo
00146-2026-0-2301-JR-LA-02,146,2026,PENDIENTE EN TRÁMITE,TOTAL PENDIENTES AL MES ANTERIOR,AUTO ADMISORIO,10/02/2026 08:52,ORDINARIO,DECLARACIÓN DE INEFICACIA DE ACTOS ADMINISTRATIVOS,Contencioso Administrativo,3,2do Juzgado de Trabajo
00273-2026-0-2301-JR-LA-02,273,2026,PENDIENTE EN TRÁMITE,TOTAL PENDIENTES AL MES ANTERIOR,AUTO ADMISORIO,27/02/2026 09:11,ORDINARIO,CUMPLIMIENTO DE ACTUACIONES DISPUESTA POR ACTO ADMINISTRATIVO,Contencioso Administrativo,3,2do Juzgado de Trabajo
00266-2026-0-2301-JR-LA-02,266,2026,PENDIENTE EN TRÁMITE,TOTAL PENDIENTES AL MES ANTERIOR,AUTO ADMISORIO,27/02/2026 09:15,URGENTE,CUMPLIMIENTO DE ACTUACIONES DISPUESTA POR ACTO ADMINISTRATIVO,Contencioso Administrativo,3,2do Juzgado de Trabajo
00225-2026-0-2301-JR-LA-02,225,2026,PENDIENTE EN TRÁMITE,TOTAL PENDIENTES AL MES ANTERIOR,AUTO ADMISORIO,24/02/2026 16:20,ORDINARIO,CUMPLIMIENTO DE ACTUACIONES DISPUESTA POR ACTO ADMINISTRATIVO,Contencioso Administrativo,3,2do Juzgado de Trabajo
00125-2026-0-2301-JR-LA-02,125,2026,PENDIENTE EN TRÁMITE,TOTAL PENDIENTES AL MES ANTERIOR,AUTO ADMISORIO,30/01/2026 11:34,ORDINARIO,RESTABLECIMIENTO DEL DERECHO TUTELADO,Contencioso Administrativo,3,2do Juzgado de Trabajo
01750-2025-0-2301-JR-LA-02,1750,2025,PENDIENTE EN TRÁMITE,TOTAL PENDIENTES AL MES ANTERIOR,CONTINUA EN TRAMITE (1RA INSTANCIA) (INV.202501),01/12/2025 23:36,ORDINARIO,DECLARACIÓN DE NULIDAD DE ACTOS ADMINISTRATIVOS,Contencioso Administrativo,3,2do Juzgado de Trabajo
01011-2020-0-2301-JR-LA-03,1011,2020,PENDIENTE EN TRÁMITE,TOTAL PENDIENTES AL MES ANTERIOR,RECEPCION  DE SENTENCIA DE VISTA QUE ANULA A TRAMITE,27/01/2026 08:33,ORDINARIO,RECONOCIMIENTO DEL DERECHO TUTELADO,Contencioso Administrativo,3,2do Juzgado de Trabajo
00044-2026-0-2301-JR-LA-02,44,2026,PENDIENTE EN TRÁMITE,TOTAL PENDIENTES AL MES ANTERIOR,AUTO ADMISORIO,13/01/2026 17:56,ORDINARIO,DECLARACIÓN DE NULIDAD DE ACTOS ADMINISTRATIVOS,Contencioso Administrativo,3,2do Juzgado de Trabajo
00179-2026-0-2301-JR-LA-02,179,2026,PENDIENTE EN TRÁMITE,TOTAL PENDIENTES AL MES ANTERIOR,AUTO ADMISORIO,12/02/2026 08:38,URGENTE,CUMPLIMIENTO DE ACTUACIONES DISPUESTA POR ACTO ADMINISTRATIVO,Contencioso Administrativo,3,2do Juzgado de Trabajo
00263-2026-0-2301-JR-LA-02,263,2026,PENDIENTE EN TRÁMITE,TOTAL PENDIENTES AL MES ANTERIOR,AUTO ADMISORIO,27/02/2026 09:15,URGENTE,CUMPLIMIENTO DE ACTUACIONES DISPUESTA POR ACTO ADMINISTRATIVO,Contencioso Administrativo,3,2do Juzgado de Trabajo
01922-2025-0-2301-JR-LA-02,1922,2025,PENDIENTE EN TRÁMITE,TOTAL PENDIENTES AL MES ANTERIOR,AUTO ADMISORIO (INV.202501),14/01/2026 11:27,ORDINARIO,DECLARACIÓN DE NULIDAD DE ACTOS ADMINISTRATIVOS,Contencioso Administrativo,3,2do Juzgado de Trabajo
01872-2025-0-2301-JR-LA-02,1872,2025,PENDIENTE EN TRÁMITE,TOTAL PENDIENTES AL MES ANTERIOR,AUTO ADMISORIO (INV.202501),15/01/2026 15:38,ORDINARIO,RECONOCIMIENTO DEL DERECHO TUTELADO,Contencioso Administrativo,3,2do Juzgado de Trabajo
00002-2026-0-2301-JR-LA-02,2,2026,PENDIENTE EN TRÁMITE,TOTAL PENDIENTES AL MES ANTERIOR,AUTO ADMISORIO,23/01/2026 16:39,ORDINARIO,DECLARACIÓN DE NULIDAD DE ACTOS ADMINISTRATIVOS,Contencioso Administrativo,3,2do Juzgado de Trabajo
01533-2025-0-2301-JR-LA-02,1533,2025,PENDIENTE EN TRÁMITE,TOTAL PENDIENTES AL MES ANTERIOR,CONTINUA EN TRAMITE (1RA INSTANCIA) (INV.202501),10/11/2025 12:10,ORDINARIO,DECLARACIÓN DE NULIDAD DE ACTOS ADMINISTRATIVOS,Contencioso Administrativo,3,2do Juzgado de Trabajo
00123-2026-0-2301-JR-LA-02,123,2026,PENDIENTE EN TRÁMITE,TOTAL PENDIENTES AL MES ANTERIOR,AUTO ADMISORIO,29/01/2026 12:02,URGENTE,CUMPLIMIENTO DE ACTUACIONES DISPUESTA POR LEY,Contencioso Administrativo,3,2do Juzgado de Trabajo
00157-2026-0-2301-JR-LA-02,157,2026,PENDIENTE EN TRÁMITE,TOTAL PENDIENTES AL MES ANTERIOR,AUTO ADMISORIO,12/02/2026 08:36,URGENTE,CUMPLIMIENTO DE ACTUACIONES DISPUESTA POR ACTO ADMINISTRATIVO,Contencioso Administrativo,3,2do Juzgado de Trabajo
00004-2026-0-2301-JR-LA-02,4,2026,PENDIENTE EN TRÁMITE,TOTAL PENDIENTES AL MES ANTERIOR,AUTO ADMISORIO,19/01/2026 17:48,ORDINARIO,RECONOCIMIENTO DEL DERECHO TUTELADO,Contencioso Administrativo,3,2do Juzgado de Trabajo
00173-2026-0-2301-JR-LA-02,173,2026,PENDIENTE EN TRÁMITE,TOTAL PENDIENTES AL MES ANTERIOR,AUTO ADMISORIO,13/02/2026 08:27,ORDINARIO,RECONOCIMIENTO DEL DERECHO TUTELADO,Contencioso Administrativo,3,2do Juzgado de Trabajo
00023-2026-0-2301-JR-LA-02,23,2026,PENDIENTE EN TRÁMITE,TOTAL PENDIENTES AL MES ANTERIOR,AUTO ADMISORIO,13/01/2026 13:37,ORDINARIO,RECONOCIMIENTO DEL DERECHO TUTELADO,Contencioso Administrativo,3,2do Juzgado de Trabajo
01723-2025-0-2301-JR-LA-02,1723,2025,PENDIENTE EN TRÁMITE,TOTAL PENDIENTES AL MES ANTERIOR,CONTINUA EN TRAMITE (1RA INSTANCIA) (INV.202501),01/12/2025 11:21,ORDINARIO,RECONOCIMIENTO DEL DERECHO TUTELADO,Contencioso Administrativo,3,2do Juzgado de Trabajo
00275-2026-0-2301-JR-LA-02,275,2026,PENDIENTE EN TRÁMITE,TOTAL PENDIENTES AL MES ANTERIOR,AUTO ADMISORIO,27/02/2026 09:10,ORDINARIO,RECONOCIMIENTO DEL DERECHO TUTELADO,Contencioso Administrativo,3,2do Juzgado de Trabajo
00143-2026-0-2301-JR-LA-02,143,2026,PENDIENTE EN TRÁMITE,TOTAL PENDIENTES AL MES ANTERIOR,AUTO ADMISORIO,30/01/2026 16:25,URGENTE,CUMPLIMIENTO DE ACTUACIONES DISPUESTA POR ACTO ADMINISTRATIVO,Contencioso Administrativo,3,2do Juzgado de Trabajo
02254-2025-0-2301-JR-CI-03,2254,2025,PENDIENTE EN TRÁMITE,TOTAL PENDIENTES AL MES ANTERIOR,AUTO ADMISORIO (INV.202501),13/01/2026 17:47,ORDINARIO,DECLARACIÓN DE NULIDAD DE ACTOS ADMINISTRATIVOS,Contencioso Administrativo,3,2do Juzgado de Trabajo
01363-2025-0-2301-JR-LA-02,1363,2025,PENDIENTE EN TRÁMITE,TOTAL PENDIENTES AL MES ANTERIOR,RECEPCION  DE SENTENCIA DE VISTA QUE ANULA A TRAMITE,27/01/2026 08:20,ORDINARIO,DECLARACIÓN DE NULIDAD DE ACTOS ADMINISTRATIVOS,Contencioso Administrativo,3,2do Juzgado de Trabajo
00025-2026-0-2301-JR-LA-02,25,2026,PENDIENTE EN TRÁMITE,TOTAL PENDIENTES AL MES ANTERIOR,AUTO ADMISORIO,13/01/2026 13:37,ORDINARIO,RECONOCIMIENTO DEL DERECHO TUTELADO,Contencioso Administrativo,3,2do Juzgado de Trabajo
01834-2025-0-2301-JR-LA-02,1834,2025,PENDIENTE EN TRÁMITE,TOTAL PENDIENTES AL MES ANTERIOR,AUTO ADMISORIO (INV.202501),16/01/2026 09:34,ORDINARIO,DECLARACIÓN DE NULIDAD DE ACTOS ADMINISTRATIVOS,Contencioso Administrativo,3,2do Juzgado de Trabajo
00195-2026-0-2301-JR-LA-02,195,2026,PENDIENTE EN TRÁMITE,TOTAL PENDIENTES AL MES ANTERIOR,AUTO ADMISORIO,12/02/2026 08:38,URGENTE,CUMPLIMIENTO DE ACTUACIONES DISPUESTA POR ACTO ADMINISTRATIVO,Contencioso Administrativo,3,2do Juzgado de Trabajo
00109-2026-0-2301-JR-LA-02,109,2026,PENDIENTE EN TRÁMITE,TOTAL PENDIENTES AL MES ANTERIOR,AUTO ADMISORIO,26/01/2026 17:38,ORDINARIO,RECONOCIMIENTO DEL DERECHO TUTELADO,Contencioso Administrativo,3,2do Juzgado de Trabajo
00159-2026-0-2301-JR-LA-02,159,2026,PENDIENTE EN TRÁMITE,TOTAL PENDIENTES AL MES ANTERIOR,AUTO ADMISORIO,10/02/2026 08:19,ORDINARIO,RECONOCIMIENTO DEL DERECHO TUTELADO,Contencioso Administrativo,3,2do Juzgado de Trabajo
01694-2024-0-2301-JR-LA-02,1694,2024,PENDIENTE EN TRÁMITE,TOTAL PENDIENTES AL MES ANTERIOR,RECEPCION  DE SENTENCIA DE VISTA QUE ANULA A TRAMITE (INV.202501),14/01/2026 12:14,ORDINARIO,DECLARACIÓN DE NULIDAD DE ACTOS ADMINISTRATIVOS,Contencioso Administrativo,3,2do Juzgado de Trabajo
00155-2026-0-2301-JR-LA-02,155,2026,PENDIENTE EN TRÁMITE,TOTAL PENDIENTES AL MES ANTERIOR,AUTO ADMISORIO,12/02/2026 08:37,ORDINARIO,DECLARACIÓN DE NULIDAD DE ACTOS ADMINISTRATIVOS,Contencioso Administrativo,3,2do Juzgado de Trabajo
01665-2025-0-2301-JR-LA-02,1665,2025,PENDIENTE EN TRÁMITE,TOTAL PENDIENTES AL MES ANTERIOR,CONTINUA EN TRAMITE (1RA INSTANCIA) (INV.202501),02/12/2025 16:05,ORDINARIO,CUMPLIMIENTO DE ACTUACIONES DISPUESTA POR LEY,Contencioso Administrativo,3,2do Juzgado de Trabajo
00017-2026-0-2301-JR-LA-02,17,2026,PENDIENTE EN TRÁMITE,TOTAL PENDIENTES AL MES ANTERIOR,AUTO ADMISORIO,13/01/2026 13:36,ORDINARIO,CUMPLIMIENTO DE ACTUACIONES DISPUESTA POR ACTO ADMINISTRATIVO,Contencioso Administrativo,3,2do Juzgado de Trabajo
01324-2025-0-2301-JR-LA-02,1324,2025,PENDIENTE EN TRÁMITE,TOTAL PENDIENTES AL MES ANTERIOR,CONTINUA EN TRAMITE (1RA INSTANCIA) (INV.202501),10/11/2025 12:09,ORDINARIO,RECONOCIMIENTO DEL DERECHO TUTELADO,Contencioso Administrativo,3,2do Juzgado de Trabajo
00088-2026-0-2301-JR-LA-02,88,2026,PENDIENTE EN TRÁMITE,TOTAL PENDIENTES AL MES ANTERIOR,AUTO ADMISORIO,23/01/2026 16:38,ORDINARIO,RECONOCIMIENTO DEL DERECHO TUTELADO,Contencioso Administrativo,3,2do Juzgado de Trabajo
01554-2025-0-2301-JR-LA-02,1554,2025,PENDIENTE EN TRÁMITE,TOTAL PENDIENTES AL MES ANTERIOR,CONTINUA EN TRAMITE (1RA INSTANCIA) (INV.202501),10/11/2025 12:10,ORDINARIO,DECLARACIÓN DE NULIDAD DE ACTOS ADMINISTRATIVOS,Contencioso Administrativo,3,2do Juzgado de Trabajo
00019-2026-0-2301-JR-LA-02,19,2026,PENDIENTE EN TRÁMITE,TOTAL PENDIENTES AL MES ANTERIOR,AUTO ADMISORIO,13/01/2026 13:36,ORDINARIO,RECONOCIMIENTO DEL DERECHO TUTELADO,Contencioso Administrativo,3,2do Juzgado de Trabajo
01928-2023-0-2301-JR-LA-02,1928,2023,PENDIENTE EN TRÁMITE,TOTAL PENDIENTES AL MES ANTERIOR,CONTINUA EN TRAMITE (POR SENTENCIAR) (INV.202501),11/12/2023 08:15,ORDINARIO,DECLARACIÓN DE INEFICACIA DE ACTOS ADMINISTRATIVOS,Contencioso Administrativo,3,2do Juzgado de Trabajo
00805-2017-0-2301-JR-LA-02,805,2017,PENDIENTE EN TRÁMITE,TOTAL PENDIENTES AL MES ANTERIOR,CONTINUA EN TRAMITE (POR SENTENCIAR) (INV.202501),26/06/2025 08:57,ORDINARIO,DECLARACIÓN DE NULIDAD DE ACTOS ADMINISTRATIVOS,Contencioso Administrativo,3,2do Juzgado de Trabajo
00977-2025-0-2301-JR-LA-02,977,2025,PENDIENTE EN TRÁMITE,TOTAL PENDIENTES AL MES ANTERIOR,CONTINUA EN TRAMITE (POR SENTENCIAR) (INV.202501),09/10/2025 10:18,ORDINARIO,DECLARACIÓN DE NULIDAD DE ACTOS ADMINISTRATIVOS,Contencioso Administrativo,3,2do Juzgado de Trabajo
01219-2025-0-2301-JR-LA-02,1219,2025,PENDIENTE EN TRÁMITE,TOTAL PENDIENTES AL MES ANTERIOR,CONTINUA EN TRAMITE (POR SENTENCIAR) (INV.202501),25/09/2025 15:53,ORDINARIO,CONTENIDO ESPECIAL DEL DERECHO A LA PENSION,Contencioso Administrativo,3,2do Juzgado de Trabajo
01869-2025-0-2301-JR-LA-02,1869,2025,PENDIENTE EN TRÁMITE,TOTAL PENDIENTES AL MES ANTERIOR,AUTO DE SANEAMIENTO QUE NO CONCLUYE EL PROCESO (INV.202501),26/01/2026 11:28,ORDINARIO,RECONOCIMIENTO DEL DERECHO TUTELADO,Contencioso Administrativo,3,2do Juzgado de Trabajo
00076-2026-0-2301-JR-LA-02,76,2026,PENDIENTE EN TRÁMITE,TOTAL PENDIENTES AL MES ANTERIOR,AUTO DE SANEAMIENTO QUE NO CONCLUYE EL PROCESO,06/02/2026 08:36,ORDINARIO,RECONOCIMIENTO DEL DERECHO TUTELADO,Contencioso Administrativo,3,2do Juzgado de Trabajo
00518-2024-0-2301-JR-LA-02,518,2024,PENDIENTE EN TRÁMITE,TOTAL PENDIENTES AL MES ANTERIOR,CONTINUA EN TRAMITE (POR SENTENCIAR) (INV.202501),02/01/2025 08:14,ORDINARIO,DECLARACIÓN DE NULIDAD DE ACTOS ADMINISTRATIVOS,Contencioso Administrativo,3,2do Juzgado de Trabajo
00585-2024-0-2301-JR-LA-02,585,2024,PENDIENTE EN TRÁMITE,TOTAL PENDIENTES AL MES ANTERIOR,CONTINUA EN TRAMITE (POR SENTENCIAR) (INV.202501),13/03/2025 08:16,ORDINARIO,DECLARACIÓN DE NULIDAD DE ACTOS ADMINISTRATIVOS,Contencioso Administrativo,3,2do Juzgado de Trabajo
00135-2026-0-2301-JR-LA-02,135,2026,PENDIENTE EN TRÁMITE,TOTAL PENDIENTES AL MES ANTERIOR,AUTO DE SANEAMIENTO QUE NO CONCLUYE EL PROCESO,20/02/2026 16:36,ORDINARIO,CUMPLIMIENTO DE ACTUACIONES DISPUESTA POR ACTO ADMINISTRATIVO,Contencioso Administrativo,3,2do Juzgado de Trabajo
00574-2024-0-2301-JR-LA-02,574,2024,PENDIENTE EN TRÁMITE,TOTAL PENDIENTES AL MES ANTERIOR,CONTINUA EN TRAMITE (POR SENTENCIAR) (INV.202501),11/12/2024 08:48,ORDINARIO,DECLARACIÓN DE INEFICACIA DE ACTOS ADMINISTRATIVOS,Contencioso Administrativo,3,2do Juzgado de Trabajo
01752-2025-0-2301-JR-LA-02,1752,2025,PENDIENTE EN TRÁMITE,TOTAL PENDIENTES AL MES ANTERIOR,CONTINUA EN TRAMITE (POR SENTENCIAR) (INV.202501),19/12/2025 13:07,ORDINARIO,RECONOCIMIENTO DEL DERECHO TUTELADO,Contencioso Administrativo,3,2do Juzgado de Trabajo
01507-2025-0-2301-JR-LA-02,1507,2025,PENDIENTE EN TRÁMITE,TOTAL PENDIENTES AL MES ANTERIOR,CONTINUA EN TRAMITE (POR SENTENCIAR) (INV.202501),23/12/2025 15:45,ORDINARIO,DECLARACIÓN DE NULIDAD DE ACTOS ADMINISTRATIVOS,Contencioso Administrativo,3,2do Juzgado de Trabajo
01864-2025-0-2301-JR-LA-01,1864,2025,PENDIENTE EN TRÁMITE,TOTAL PENDIENTES AL MES ANTERIOR,AUTO DE SANEAMIENTO QUE NO CONCLUYE EL PROCESO,06/02/2026 08:35,ORDINARIO,RECONOCIMIENTO DEL DERECHO TUTELADO,Contencioso Administrativo,3,2do Juzgado de Trabajo
01409-2024-0-2301-JR-LA-02,1409,2024,PENDIENTE EN TRÁMITE,TOTAL PENDIENTES AL MES ANTERIOR,CONTINUA EN TRAMITE (POR SENTENCIAR) (INV.202501),05/11/2025 15:56,ORDINARIO,DECLARACIÓN DE NULIDAD DE ACTOS ADMINISTRATIVOS,Contencioso Administrativo,3,2do Juzgado de Trabajo
01725-2025-0-2301-JR-LA-02,1725,2025,PENDIENTE EN TRÁMITE,TOTAL PENDIENTES AL MES ANTERIOR,CONTINUA EN TRAMITE (POR SENTENCIAR) (INV.202501),30/12/2025 08:30,ORDINARIO,CUMPLIMIENTO DE ACTUACIONES DISPUESTA POR ACTO ADMINISTRATIVO,Contencioso Administrativo,3,2do Juzgado de Trabajo
00014-2026-0-2301-JR-LA-02,14,2026,PENDIENTE EN TRÁMITE,TOTAL PENDIENTES AL MES ANTERIOR,AUTO DE SANEAMIENTO QUE NO CONCLUYE EL PROCESO,24/02/2026 16:33,ORDINARIO,RECONOCIMIENTO DEL DERECHO TUTELADO,Contencioso Administrativo,3,2do Juzgado de Trabajo
01915-2025-0-2301-JR-LA-02,1915,2025,PENDIENTE EN TRÁMITE,TOTAL PENDIENTES AL MES ANTERIOR,AUTO DE SANEAMIENTO QUE NO CONCLUYE EL PROCESO (INV.202501),03/02/2026 16:23,ORDINARIO,DECLARACIÓN DE NULIDAD DE ACTOS ADMINISTRATIVOS,Contencioso Administrativo,3,2do Juzgado de Trabajo
01376-2025-0-2301-JR-LA-02,1376,2025,PENDIENTE EN TRÁMITE,TOTAL PENDIENTES AL MES ANTERIOR,CONTINUA EN TRAMITE (POR SENTENCIAR) (INV.202501),20/11/2025 08:09,ORDINARIO,DECLARACIÓN DE NULIDAD DE ACTOS ADMINISTRATIVOS,Contencioso Administrativo,3,2do Juzgado de Trabajo
02188-2024-0-2301-JR-CI-03,2188,2024,PENDIENTE EN TRÁMITE,TOTAL PENDIENTES AL MES ANTERIOR,CONTINUA EN TRAMITE (POR SENTENCIAR) (INV.202501),19/02/2025 08:02,ORDINARIO,DECLARACIÓN DE NULIDAD DE ACTOS ADMINISTRATIVOS,Contencioso Administrativo,3,2do Juzgado de Trabajo
01699-2025-0-2301-JR-LA-02,1699,2025,PENDIENTE EN TRÁMITE,TOTAL PENDIENTES AL MES ANTERIOR,AUTO DE SANEAMIENTO QUE NO CONCLUYE EL PROCESO (INV.202501),08/01/2026 08:06,ORDINARIO,RECONOCIMIENTO DEL DERECHO TUTELADO,Contencioso Administrativo,3,2do Juzgado de Trabajo
01736-2025-0-2301-JR-LA-02,1736,2025,PENDIENTE EN TRÁMITE,TOTAL PENDIENTES AL MES ANTERIOR,CONTINUA EN TRAMITE (POR SENTENCIAR) (INV.202501),29/12/2025 17:54,ORDINARIO,DECLARACIÓN DE NULIDAD DE ACTOS ADMINISTRATIVOS,Contencioso Administrativo,3,2do Juzgado de Trabajo
01649-2025-0-2301-JR-LA-02,1649,2025,PENDIENTE EN TRÁMITE,TOTAL PENDIENTES AL MES ANTERIOR,DECRETO PUESTO A DESPACHO PARA SENTENCIAR(ULTIMA SENTENCIA) (INV.202501),26/01/2026 08:52,ORDINARIO,RECONOCIMIENTO DEL DERECHO TUTELADO,Contencioso Administrativo,3,2do Juzgado de Trabajo
01184-2025-0-2301-JR-LA-01,1184,2025,PENDIENTE EN TRÁMITE,TOTAL PENDIENTES AL MES ANTERIOR,CONTINUA EN TRAMITE (POR SENTENCIAR) (INV.202501),30/09/2025 10:50,ORDINARIO,RECONOCIMIENTO DEL DERECHO TUTELADO,Contencioso Administrativo,3,2do Juzgado de Trabajo
00674-2024-0-2301-JR-LA-02,674,2024,PENDIENTE EN TRÁMITE,TOTAL PENDIENTES AL MES ANTERIOR,CONTINUA EN TRAMITE (POR SENTENCIAR) (INV.202501),04/02/2025 11:03,ORDINARIO,DECLARACIÓN DE INEFICACIA DE ACTOS ADMINISTRATIVOS,Contencioso Administrativo,3,2do Juzgado de Trabajo
01385-2024-0-2301-JR-LA-02,1385,2024,PENDIENTE EN TRÁMITE,TOTAL PENDIENTES AL MES ANTERIOR,CONTINUA EN TRAMITE (POR SENTENCIAR) (INV.202501),18/03/2025 17:44,ORDINARIO,DECLARACIÓN DE NULIDAD DE ACTOS ADMINISTRATIVOS,Contencioso Administrativo,3,2do Juzgado de Trabajo
01030-2025-0-2301-JR-LA-02,1030,2025,PENDIENTE EN TRÁMITE,TOTAL PENDIENTES AL MES ANTERIOR,CONTINUA EN TRAMITE (POR SENTENCIAR) (INV.202501),12/08/2025 16:06,ORDINARIO,DECLARACIÓN DE NULIDAD DE ACTOS ADMINISTRATIVOS,Contencioso Administrativo,3,2do Juzgado de Trabajo
00855-2025-0-2301-JR-LA-02,855,2025,PENDIENTE EN TRÁMITE,TOTAL PENDIENTES AL MES ANTERIOR,CONTINUA EN TRAMITE (POR SENTENCIAR) (INV.202501),22/08/2025 11:57,ORDINARIO,DECLARACIÓN DE NULIDAD DE ACTOS ADMINISTRATIVOS,Contencioso Administrativo,3,2do Juzgado de Trabajo
01214-2025-0-2301-JR-LA-02,1214,2025,PENDIENTE EN TRÁMITE,TOTAL PENDIENTES AL MES ANTERIOR,CONTINUA EN TRAMITE (POR SENTENCIAR) (INV.202501),20/10/2025 16:26,ORDINARIO,RESTABLECIMIENTO DEL DERECHO TUTELADO,Contencioso Administrativo,3,2do Juzgado de Trabajo
01917-2025-0-2301-JR-LA-02,1917,2025,PENDIENTE EN TRÁMITE,TOTAL PENDIENTES AL MES ANTERIOR,AUTO DE SANEAMIENTO QUE NO CONCLUYE EL PROCESO (INV.202501),24/02/2026 08:24,ORDINARIO,RECONOCIMIENTO DEL DERECHO TUTELADO,Contencioso Administrativo,3,2do Juzgado de Trabajo
01467-2025-0-2301-JR-LA-03,1467,2025,PENDIENTE EN TRÁMITE,TOTAL PENDIENTES AL MES ANTERIOR,AUTO DE SANEAMIENTO QUE NO CONCLUYE EL PROCESO (INV.202501),19/02/2026 16:41,ORDINARIO,RECONOCIMIENTO DEL DERECHO TUTELADO,Contencioso Administrativo,3,2do Juzgado de Trabajo
01564-2025-0-2301-JR-LA-03,1564,2025,PENDIENTE EN TRÁMITE,TOTAL PENDIENTES AL MES ANTERIOR,AUTO DE SANEAMIENTO QUE NO CONCLUYE EL PROCESO (INV.202501),06/01/2026 15:49,ORDINARIO,RECONOCIMIENTO DEL DERECHO TUTELADO,Contencioso Administrativo,3,2do Juzgado de Trabajo
01378-2017-0-2301-JR-LA-02,1378,2017,PENDIENTE EN TRÁMITE,TOTAL PENDIENTES AL MES ANTERIOR,CONTINUA EN TRAMITE (POR SENTENCIAR) (INV.202501),26/06/2025 08:58,ORDINARIO,DECLARACIÓN DE NULIDAD DE ACTOS ADMINISTRATIVOS,Contencioso Administrativo,3,2do Juzgado de Trabajo
00839-2025-0-2301-JR-LA-04,839,2025,PENDIENTE EN TRÁMITE,TOTAL PENDIENTES AL MES ANTERIOR,CONTINUA EN TRAMITE (POR SENTENCIAR) (INV.202501),31/07/2025 14:24,URGENTE,DECLARACIÓN DE NULIDAD DE ACTOS ADMINISTRATIVOS,Contencioso Administrativo,3,2do Juzgado de Trabajo
01847-2025-0-2301-JR-LA-02,1847,2025,PENDIENTE EN TRÁMITE,TOTAL PENDIENTES AL MES ANTERIOR,AUTO DE SANEAMIENTO QUE NO CONCLUYE EL PROCESO (INV.202501),16/01/2026 08:05,ORDINARIO,DECLARACIÓN DE NULIDAD DE ACTOS ADMINISTRATIVOS,Contencioso Administrativo,3,2do Juzgado de Trabajo
01727-2025-0-2301-JR-LA-02,1727,2025,PENDIENTE EN TRÁMITE,TOTAL PENDIENTES AL MES ANTERIOR,AUTO DE SANEAMIENTO QUE NO CONCLUYE EL PROCESO (INV.202501),08/01/2026 08:03,ORDINARIO,DECLARACIÓN DE NULIDAD DE ACTOS ADMINISTRATIVOS,Contencioso Administrativo,3,2do Juzgado de Trabajo
01532-2023-0-2301-JR-LA-02,1532,2023,PENDIENTE EN TRÁMITE,TOTAL PENDIENTES AL MES ANTERIOR,CONTINUA EN TRAMITE (POR SENTENCIAR) (INV.202501),05/06/2025 12:31,ORDINARIO,RESTABLECIMIENTO DEL DERECHO TUTELADO,Contencioso Administrativo,3,2do Juzgado de Trabajo
01233-2024-0-2301-JR-LA-02,1233,2024,PENDIENTE EN TRÁMITE,TOTAL PENDIENTES AL MES ANTERIOR,CONTINUA EN TRAMITE (POR SENTENCIAR) (INV.202501),15/01/2025 17:05,ORDINARIO,DECLARACIÓN DE NULIDAD DE ACTOS ADMINISTRATIVOS,Contencioso Administrativo,3,2do Juzgado de Trabajo
01350-2025-0-2301-JR-LA-02,1350,2025,PENDIENTE EN TRÁMITE,TOTAL PENDIENTES AL MES ANTERIOR,AUTO DE SANEAMIENTO QUE NO CONCLUYE EL PROCESO (INV.202501),22/01/2026 16:51,ORDINARIO,DECLARACIÓN DE NULIDAD DE ACTOS ADMINISTRATIVOS,Contencioso Administrativo,3,2do Juzgado de Trabajo
01233-2025-0-2301-JR-LA-03,1233,2025,PENDIENTE EN TRÁMITE,TOTAL PENDIENTES AL MES ANTERIOR,CONTINUA EN TRAMITE (POR SENTENCIAR) (INV.202501),21/10/2025 16:09,ORDINARIO,RECONOCIMIENTO DEL DERECHO TUTELADO,Contencioso Administrativo,3,2do Juzgado de Trabajo
01171-2025-0-2301-JR-LA-02,1171,2025,PENDIENTE EN TRÁMITE,TOTAL PENDIENTES AL MES ANTERIOR,CONTINUA EN TRAMITE (POR SENTENCIAR) (INV.202501),04/11/2025 11:29,ORDINARIO,DECLARACIÓN DE NULIDAD DE ACTOS ADMINISTRATIVOS,Contencioso Administrativo,3,2do Juzgado de Trabajo
01902-2025-0-2301-JR-LA-02,1902,2025,PENDIENTE EN TRÁMITE,TOTAL PENDIENTES AL MES ANTERIOR,AUTO DE SANEAMIENTO QUE NO CONCLUYE EL PROCESO (INV.202501),22/01/2026 11:27,ORDINARIO,DECLARACIÓN DE NULIDAD DE ACTOS ADMINISTRATIVOS,Contencioso Administrativo,3,2do Juzgado de Trabajo
01499-2025-0-2301-JR-LA-03,1499,2025,PENDIENTE EN TRÁMITE,TOTAL PENDIENTES AL MES ANTERIOR,CONTINUA EN TRAMITE (POR SENTENCIAR) (INV.202501),02/12/2025 17:02,ORDINARIO,RECONOCIMIENTO DEL DERECHO TUTELADO,Contencioso Administrativo,3,2do Juzgado de Trabajo
00787-2025-0-2301-JR-LA-02,787,2025,PENDIENTE EN TRÁMITE,TOTAL PENDIENTES AL MES ANTERIOR,CONTINUA EN TRAMITE (POR SENTENCIAR) (INV.202501),13/06/2025 16:06,URGENTE,RESTABLECIMIENTO DEL DERECHO TUTELADO,Contencioso Administrativo,3,2do Juzgado de Trabajo
01161-2024-0-2301-JR-LA-02,1161,2024,PENDIENTE EN TRÁMITE,TOTAL PENDIENTES AL MES ANTERIOR,CONTINUA EN TRAMITE (POR SENTENCIAR) (INV.202501),29/10/2024 08:46,ORDINARIO,DECLARACIÓN DE NULIDAD DE ACTOS ADMINISTRATIVOS,Contencioso Administrativo,3,2do Juzgado de Trabajo
00082-2025-0-2301-JR-LA-02,82,2025,PENDIENTE EN TRÁMITE,TOTAL PENDIENTES AL MES ANTERIOR,CONTINUA EN TRAMITE (POR SENTENCIAR) (INV.202501),20/05/2025 08:15,ORDINARIO,DECLARACIÓN DE NULIDAD DE ACTOS ADMINISTRATIVOS,Contencioso Administrativo,3,2do Juzgado de Trabajo
01634-2025-0-2301-JR-LA-02,1634,2025,PENDIENTE EN TRÁMITE,TOTAL PENDIENTES AL MES ANTERIOR,CONTINUA EN TRAMITE (POR SENTENCIAR) (INV.202501),30/12/2025 16:09,ORDINARIO,DECLARACIÓN DE INEFICACIA DE ACTOS ADMINISTRATIVOS,Contencioso Administrativo,3,2do Juzgado de Trabajo
00119-2026-0-2301-JR-LA-02,119,2026,PENDIENTE EN TRÁMITE,TOTAL PENDIENTES AL MES ANTERIOR,AUTO DE SANEAMIENTO QUE NO CONCLUYE EL PROCESO,27/02/2026 08:10,ORDINARIO,DECLARACIÓN DE NULIDAD DE ACTOS ADMINISTRATIVOS,Contencioso Administrativo,3,2do Juzgado de Trabajo
01493-2025-0-2301-JR-LA-02,1493,2025,PENDIENTE EN TRÁMITE,TOTAL PENDIENTES AL MES ANTERIOR,DECRETO PUESTO A DESPACHO PARA SENTENCIAR(ULTIMA SENTENCIA) (INV.202501),29/01/2026 15:23,ORDINARIO,DECLARACIÓN DE NULIDAD DE ACTOS ADMINISTRATIVOS,Contencioso Administrativo,3,2do Juzgado de Trabajo
00963-2025-0-2301-JR-LA-02,963,2025,PENDIENTE EN TRÁMITE,TOTAL PENDIENTES AL MES ANTERIOR,CONTINUA EN TRAMITE (POR SENTENCIAR) (INV.202501),18/09/2025 15:49,ORDINARIO,DECLARACIÓN DE NULIDAD DE ACTOS ADMINISTRATIVOS,Contencioso Administrativo,3,2do Juzgado de Trabajo
01053-2025-0-2301-JR-LA-02,1053,2025,PENDIENTE EN TRÁMITE,TOTAL PENDIENTES AL MES ANTERIOR,CONTINUA EN TRAMITE (POR SENTENCIAR) (INV.202501),13/08/2025 11:48,ORDINARIO,DECLARACIÓN DE NULIDAD DE ACTOS ADMINISTRATIVOS,Contencioso Administrativo,3,2do Juzgado de Trabajo
00051-2026-0-2301-JR-LA-02,51,2026,PENDIENTE EN TRÁMITE,TOTAL PENDIENTES AL MES ANTERIOR,AUTO DE SANEAMIENTO QUE NO CONCLUYE EL PROCESO,12/02/2026 17:05,ORDINARIO,RECONOCIMIENTO DEL DERECHO TUTELADO,Contencioso Administrativo,3,2do Juzgado de Trabajo
00781-2025-0-2301-JR-LA-02,781,2025,PENDIENTE EN TRÁMITE,TOTAL PENDIENTES AL MES ANTERIOR,CONTINUA EN TRAMITE (POR SENTENCIAR) (INV.202501),30/07/2025 11:28,ORDINARIO,DECLARACIÓN DE NULIDAD DE ACTOS ADMINISTRATIVOS,Contencioso Administrativo,3,2do Juzgado de Trabajo
01717-2025-0-2301-JR-LA-01,1717,2025,PENDIENTE EN TRÁMITE,TOTAL PENDIENTES AL MES ANTERIOR,AUTO DE SANEAMIENTO QUE NO CONCLUYE EL PROCESO (INV.202501),12/01/2026 17:46,ORDINARIO,RECONOCIMIENTO DEL DERECHO TUTELADO,Contencioso Administrativo,3,2do Juzgado de Trabajo
00640-2023-0-2301-JR-LA-02,640,2023,PENDIENTE EN TRÁMITE,TOTAL PENDIENTES AL MES ANTERIOR,CONTINUA EN TRAMITE (POR SENTENCIAR) (INV.202501),14/08/2025 12:28,ORDINARIO,DECLARACIÓN DE NULIDAD DE ACTOS ADMINISTRATIVOS,Contencioso Administrativo,3,2do Juzgado de Trabajo
01429-2025-0-2301-JR-LA-02,1429,2025,PENDIENTE EN TRÁMITE,TOTAL PENDIENTES AL MES ANTERIOR,CONTINUA EN TRAMITE (POR SENTENCIAR) (INV.202501),06/11/2025 15:32,ORDINARIO,DECLARACIÓN DE INEFICACIA DE ACTOS ADMINISTRATIVOS,Contencioso Administrativo,3,2do Juzgado de Trabajo
01645-2025-0-2301-JR-LA-02,1645,2025,PENDIENTE EN TRÁMITE,TOTAL PENDIENTES AL MES ANTERIOR,AUTO DE SANEAMIENTO QUE NO CONCLUYE EL PROCESO (INV.202501),08/01/2026 17:27,ORDINARIO,DECLARACIÓN DE NULIDAD DE ACTOS ADMINISTRATIVOS,Contencioso Administrativo,3,2do Juzgado de Trabajo
00745-2024-0-2301-JR-LA-02,745,2024,PENDIENTE EN TRÁMITE,TOTAL PENDIENTES AL MES ANTERIOR,CONTINUA EN TRAMITE (POR SENTENCIAR) (INV.202501),15/07/2025 09:26,ORDINARIO,DECLARACIÓN DE NULIDAD DE ACTOS ADMINISTRATIVOS,Contencioso Administrativo,3,2do Juzgado de Trabajo
01721-2025-0-2301-JR-LA-02,1721,2025,PENDIENTE EN TRÁMITE,TOTAL PENDIENTES AL MES ANTERIOR,CONTINUA EN TRAMITE (POR SENTENCIAR) (INV.202501),22/12/2025 16:47,ORDINARIO,DECLARACIÓN DE NULIDAD DE ACTOS ADMINISTRATIVOS,Contencioso Administrativo,3,2do Juzgado de Trabajo
01365-2025-0-2301-JR-LA-02,1365,2025,PENDIENTE EN TRÁMITE,TOTAL PENDIENTES AL MES ANTERIOR,CONTINUA EN TRAMITE (POR SENTENCIAR) (INV.202501),22/10/2025 11:52,ORDINARIO,DECLARACIÓN DE NULIDAD DE ACTOS ADMINISTRATIVOS,Contencioso Administrativo,3,2do Juzgado de Trabajo
00097-2025-0-2301-JR-LA-02,97,2025,PENDIENTE EN TRÁMITE,TOTAL PENDIENTES AL MES ANTERIOR,CONTINUA EN TRAMITE (POR SENTENCIAR) (INV.202501),09/05/2025 10:00,ORDINARIO,DECLARACIÓN DE NULIDAD DE ACTOS ADMINISTRATIVOS,Contencioso Administrativo,3,2do Juzgado de Trabajo
00916-2025-0-2301-JR-LA-02,916,2025,PENDIENTE EN TRÁMITE,TOTAL PENDIENTES AL MES ANTERIOR,CONTINUA EN TRAMITE (POR SENTENCIAR) (INV.202501),16/07/2025 12:37,ORDINARIO,CUMPLIMIENTO DE ACTUACIONES DISPUESTA POR ACTO ADMINISTRATIVO,Contencioso Administrativo,3,2do Juzgado de Trabajo
00137-2026-0-2301-JR-LA-02,137,2026,PENDIENTE EN TRÁMITE,TOTAL PENDIENTES AL MES ANTERIOR,AUTO DE SANEAMIENTO QUE NO CONCLUYE EL PROCESO,24/02/2026 16:36,ORDINARIO,CUMPLIMIENTO DE ACTUACIONES DISPUESTA POR ACTO ADMINISTRATIVO,Contencioso Administrativo,3,2do Juzgado de Trabajo
00092-2026-0-2301-JR-LA-02,92,2026,PENDIENTE EN TRÁMITE,TOTAL PENDIENTES AL MES ANTERIOR,AUTO DE SANEAMIENTO QUE NO CONCLUYE EL PROCESO,20/02/2026 16:37,ORDINARIO,RECONOCIMIENTO DEL DERECHO TUTELADO,Contencioso Administrativo,3,2do Juzgado de Trabajo
01257-2025-0-2301-JR-LA-02,1257,2025,PENDIENTE EN TRÁMITE,TOTAL PENDIENTES AL MES ANTERIOR,CONTINUA EN TRAMITE (POR SENTENCIAR) (INV.202501),25/09/2025 11:27,ORDINARIO,RECONOCIMIENTO DEL DERECHO TUTELADO,Contencioso Administrativo,3,2do Juzgado de Trabajo
01518-2025-0-2301-JR-LA-02,1518,2025,PENDIENTE EN TRÁMITE,TOTAL PENDIENTES AL MES ANTERIOR,CONTINUA EN TRAMITE (POR SENTENCIAR) (INV.202501),17/12/2025 15:37,ORDINARIO,DECLARACIÓN DE NULIDAD DE ACTOS ADMINISTRATIVOS,Contencioso Administrativo,3,2do Juzgado de Trabajo
01734-2023-0-2301-JR-LA-02,1734,2023,PENDIENTE EN TRÁMITE,TOTAL PENDIENTES AL MES ANTERIOR,CONTINUA EN TRAMITE (POR SENTENCIAR) (INV.202501),16/01/2024 15:34,ORDINARIO,DECLARACIÓN DE INEFICACIA DE ACTOS ADMINISTRATIVOS,Contencioso Administrativo,3,2do Juzgado de Trabajo
01161-2025-0-2301-JR-LA-02,1161,2025,PENDIENTE EN TRÁMITE,TOTAL PENDIENTES AL MES ANTERIOR,CONTINUA EN TRAMITE (POR SENTENCIAR) (INV.202501),20/10/2025 16:25,ORDINARIO,DECLARACIÓN DE NULIDAD DE ACTOS ADMINISTRATIVOS,Contencioso Administrativo,3,2do Juzgado de Trabajo
01612-2025-0-2301-JR-LA-02,1612,2025,PENDIENTE EN TRÁMITE,TOTAL PENDIENTES AL MES ANTERIOR,AUTO DE SANEAMIENTO QUE NO CONCLUYE EL PROCESO (INV.202501),06/01/2026 15:49,ORDINARIO,DECLARACIÓN DE NULIDAD DE ACTOS ADMINISTRATIVOS,Contencioso Administrativo,3,2do Juzgado de Trabajo
00243-2025-0-2301-JR-LA-02,243,2025,PENDIENTE EN TRÁMITE,TOTAL PENDIENTES AL MES ANTERIOR,CONTINUA EN TRAMITE (POR SENTENCIAR) (INV.202501),08/05/2025 10:00,ORDINARIO,DECLARACIÓN DE NULIDAD DE ACTOS ADMINISTRATIVOS,Contencioso Administrativo,3,2do Juzgado de Trabajo
01562-2025-0-2301-JR-LA-02,1562,2025,PENDIENTE EN TRÁMITE,TOTAL PENDIENTES AL MES ANTERIOR,CONTINUA EN TRAMITE (POR SENTENCIAR) (INV.202501),25/11/2025 13:08,ORDINARIO,DECLARACIÓN DE NULIDAD DE ACTOS ADMINISTRATIVOS,Contencioso Administrativo,3,2do Juzgado de Trabajo
01651-2025-0-2301-JR-LA-02,1651,2025,PENDIENTE EN TRÁMITE,TOTAL PENDIENTES AL MES ANTERIOR,AUTO DE SANEAMIENTO QUE NO CONCLUYE EL PROCESO (INV.202501),19/02/2026 16:42,ORDINARIO,RESTABLECIMIENTO DEL DERECHO TUTELADO,Contencioso Administrativo,3,2do Juzgado de Trabajo
00557-2023-0-2301-JR-LA-02,557,2023,PENDIENTE EN TRÁMITE,TOTAL PENDIENTES AL MES ANTERIOR,CONTINUA EN TRAMITE (POR SENTENCIAR) (INV.202501),15/07/2025 08:57,ORDINARIO,RESTABLECIMIENTO DEL DERECHO TUTELADO,Contencioso Administrativo,3,2do Juzgado de Trabajo
00759-2024-0-2301-JR-LA-03,759,2024,PENDIENTE EN TRÁMITE,TOTAL PENDIENTES AL MES ANTERIOR,CONTINUA EN TRAMITE (POR SENTENCIAR) (INV.202501),15/10/2024 11:39,ORDINARIO,DECLARACIÓN DE INEFICACIA DE ACTOS ADMINISTRATIVOS,Contencioso Administrativo,3,2do Juzgado de Trabajo
01601-2025-0-2301-JR-CI-03,1601,2025,PENDIENTE EN TRÁMITE,TOTAL PENDIENTES AL MES ANTERIOR,CONTINUA EN TRAMITE (POR SENTENCIAR) (INV.202501),12/12/2025 17:39,ORDINARIO,DECLARACIÓN DE NULIDAD DE ACTOS ADMINISTRATIVOS,Contencioso Administrativo,3,2do Juzgado de Trabajo
00971-2024-0-2301-JR-LA-02,971,2024,PENDIENTE EN TRÁMITE,TOTAL PENDIENTES AL MES ANTERIOR,CONTINUA EN TRAMITE (POR SENTENCIAR) (INV.202501),15/07/2025 09:23,ORDINARIO,DECLARACIÓN DE NULIDAD DE ACTOS ADMINISTRATIVOS,Contencioso Administrativo,3,2do Juzgado de Trabajo
00846-2025-0-2301-JR-LA-02,846,2025,PENDIENTE EN TRÁMITE,TOTAL PENDIENTES AL MES ANTERIOR,CONTINUA EN TRAMITE (POR SENTENCIAR) (INV.202501),10/09/2025 07:54,ORDINARIO,DECLARACIÓN DE INEFICACIA DE ACTOS ADMINISTRATIVOS,Contencioso Administrativo,3,2do Juzgado de Trabajo
00692-2024-0-2301-JR-LA-02,692,2024,PENDIENTE EN TRÁMITE,TOTAL PENDIENTES AL MES ANTERIOR,CONTINUA EN TRAMITE (POR SENTENCIAR) (INV.202501),05/11/2024 10:17,ORDINARIO,DECLARACIÓN DE NULIDAD DE ACTOS ADMINISTRATIVOS,Contencioso Administrativo,3,2do Juzgado de Trabajo
01431-2024-0-2301-JR-LA-02,1431,2024,PENDIENTE EN TRÁMITE,TOTAL PENDIENTES AL MES ANTERIOR,CONTINUA EN TRAMITE (POR SENTENCIAR) (INV.202501),06/10/2025 08:57,ORDINARIO,RECONOCIMIENTO DEL DERECHO TUTELADO,Contencioso Administrativo,3,2do Juzgado de Trabajo
01599-2025-0-2301-JR-LA-02,1599,2025,PENDIENTE EN TRÁMITE,TOTAL PENDIENTES AL MES ANTERIOR,AUTO DE SANEAMIENTO QUE NO CONCLUYE EL PROCESO (INV.202501),08/01/2026 08:05,ORDINARIO,DECLARACIÓN DE NULIDAD DE ACTOS ADMINISTRATIVOS,Contencioso Administrativo,3,2do Juzgado de Trabajo
01138-2024-0-2301-JR-LA-02,1138,2024,PENDIENTE EN TRÁMITE,TOTAL PENDIENTES AL MES ANTERIOR,CONTINUA EN TRAMITE (POR SENTENCIAR) (INV.202501),15/07/2025 09:36,ORDINARIO,DECLARACIÓN DE NULIDAD DE ACTOS ADMINISTRATIVOS,Contencioso Administrativo,3,2do Juzgado de Trabajo
00053-2026-0-2301-JR-LA-02,53,2026,PENDIENTE EN TRÁMITE,TOTAL PENDIENTES AL MES ANTERIOR,AUTO DE SANEAMIENTO QUE NO CONCLUYE EL PROCESO,03/02/2026 16:24,ORDINARIO,RECONOCIMIENTO DEL DERECHO TUTELADO,Contencioso Administrativo,3,2do Juzgado de Trabajo
00148-2021-0-2301-JR-LA-03,148,2021,PENDIENTE EN TRÁMITE,TOTAL PENDIENTES AL MES ANTERIOR,CONTINUA EN TRAMITE (POR SENTENCIAR) (INV.202501),09/03/2023 16:50,ORDINARIO,DECLARACIÓN DE INEFICACIA DE ACTOS ADMINISTRATIVOS,Contencioso Administrativo,3,2do Juzgado de Trabajo
01001-2025-0-2301-JR-LA-02,1001,2025,PENDIENTE EN TRÁMITE,TOTAL PENDIENTES AL MES ANTERIOR,CONTINUA EN TRAMITE (POR SENTENCIAR) (INV.202501),07/08/2025 10:12,ORDINARIO,CUMPLIMIENTO DE ACTUACIONES DISPUESTA POR ACTO ADMINISTRATIVO,Contencioso Administrativo,3,2do Juzgado de Trabajo
00982-2025-0-2301-JR-LA-02,982,2025,PENDIENTE EN TRÁMITE,TOTAL PENDIENTES AL MES ANTERIOR,CONTINUA EN TRAMITE (POR SENTENCIAR) (INV.202501),06/10/2025 12:12,ORDINARIO,DECLARACIÓN DE NULIDAD DE ACTOS ADMINISTRATIVOS,Contencioso Administrativo,3,2do Juzgado de Trabajo
01229-2025-0-2301-JR-LA-02,1229,2025,PENDIENTE EN TRÁMITE,TOTAL PENDIENTES AL MES ANTERIOR,AUTO DE SANEAMIENTO QUE NO CONCLUYE EL PROCESO (INV.202501),13/01/2026 15:44,ORDINARIO,RESTABLECIMIENTO DEL DERECHO TUTELADO,Contencioso Administrativo,3,2do Juzgado de Trabajo
01906-2025-0-2301-JR-LA-02,1906,2025,PENDIENTE EN TRÁMITE,TOTAL PENDIENTES AL MES ANTERIOR,AUTO DE SANEAMIENTO QUE NO CONCLUYE EL PROCESO (INV.202501),04/02/2026 08:01,ORDINARIO,RECONOCIMIENTO DEL DERECHO TUTELADO,Contencioso Administrativo,3,2do Juzgado de Trabajo
01563-2025-0-2301-JR-LA-01,1563,2025,PENDIENTE EN TRÁMITE,TOTAL PENDIENTES AL MES ANTERIOR,CONTINUA EN TRAMITE (POR SENTENCIAR) (INV.202501),10/12/2025 15:26,ORDINARIO,RECONOCIMIENTO DEL DERECHO TUTELADO,Contencioso Administrativo,3,2do Juzgado de Trabajo
01242-2024-0-2301-JR-LA-02,1242,2024,PENDIENTE EN TRÁMITE,TOTAL PENDIENTES AL MES ANTERIOR,CONTINUA EN TRAMITE (POR SENTENCIAR) (INV.202501),19/03/2025 16:02,ORDINARIO,DECLARACIÓN DE NULIDAD DE ACTOS ADMINISTRATIVOS,Contencioso Administrativo,3,2do Juzgado de Trabajo
01766-2025-0-2301-JR-LA-01,1766,2025,PENDIENTE EN TRÁMITE,TOTAL PENDIENTES AL MES ANTERIOR,AUTO DE SANEAMIENTO QUE NO CONCLUYE EL PROCESO (INV.202501),12/02/2026 17:04,ORDINARIO,DECLARACIÓN DE INEFICACIA DE ACTOS ADMINISTRATIVOS,Contencioso Administrativo,3,2do Juzgado de Trabajo
00918-2025-0-2301-JR-LA-02,918,2025,PENDIENTE EN TRÁMITE,TOTAL PENDIENTES AL MES ANTERIOR,CONTINUA EN TRAMITE (POR SENTENCIAR) (INV.202501),04/09/2025 17:04,ORDINARIO,DECLARACIÓN DE NULIDAD DE ACTOS ADMINISTRATIVOS,Contencioso Administrativo,3,2do Juzgado de Trabajo
01734-2025-0-2301-JR-LA-02,1734,2025,PENDIENTE EN TRÁMITE,TOTAL PENDIENTES AL MES ANTERIOR,AUTO DE SANEAMIENTO QUE NO CONCLUYE EL PROCESO (INV.202501),06/01/2026 15:52,ORDINARIO,DECLARACIÓN DE NULIDAD DE ACTOS ADMINISTRATIVOS,Contencioso Administrativo,3,2do Juzgado de Trabajo
01556-2025-0-2301-JR-LA-02,1556,2025,PENDIENTE EN TRÁMITE,TOTAL PENDIENTES AL MES ANTERIOR,CONTINUA EN TRAMITE (POR SENTENCIAR) (INV.202501),05/12/2025 15:46,ORDINARIO,DECLARACIÓN DE NULIDAD DE ACTOS ADMINISTRATIVOS,Contencioso Administrativo,3,2do Juzgado de Trabajo
01406-2025-0-2301-JR-LA-02,1406,2025,PENDIENTE EN TRÁMITE,TOTAL PENDIENTES AL MES ANTERIOR,CONTINUA EN TRAMITE (POR SENTENCIAR) (INV.202501),23/10/2025 16:04,ORDINARIO,DECLARACIÓN DE NULIDAD DE ACTOS ADMINISTRATIVOS,Contencioso Administrativo,3,2do Juzgado de Trabajo
00727-2024-0-2301-JR-LA-02,727,2024,PENDIENTE EN TRÁMITE,TOTAL PENDIENTES AL MES ANTERIOR,CONTINUA EN TRAMITE (POR SENTENCIAR) (INV.202501),20/01/2025 13:30,ORDINARIO,DECLARACIÓN DE INEFICACIA DE ACTOS ADMINISTRATIVOS,Contencioso Administrativo,3,2do Juzgado de Trabajo
01888-2025-0-2301-JR-LA-02,1888,2025,PENDIENTE EN TRÁMITE,TOTAL PENDIENTES AL MES ANTERIOR,AUTO DE SANEAMIENTO QUE NO CONCLUYE EL PROCESO (INV.202501),04/02/2026 08:01,ORDINARIO,DECLARACIÓN DE NULIDAD DE ACTOS ADMINISTRATIVOS,Contencioso Administrativo,3,2do Juzgado de Trabajo
00807-2024-0-2301-JR-LA-02,807,2024,PENDIENTE EN TRÁMITE,TOTAL PENDIENTES AL MES ANTERIOR,CONTINUA EN TRAMITE (POR SENTENCIAR) (INV.202501),15/07/2025 09:15,URGENTE,CUMPLIMIENTO DE ACTUACIONES DISPUESTA POR LEY,Contencioso Administrativo,3,2do Juzgado de Trabajo
01401-2025-0-2301-JR-LA-02,1401,2025,PENDIENTE EN TRÁMITE,TOTAL PENDIENTES AL MES ANTERIOR,CONTINUA EN TRAMITE (POR SENTENCIAR) (INV.202501),17/12/2025 13:44,ORDINARIO,DECLARACIÓN DE NULIDAD DE ACTOS ADMINISTRATIVOS,Contencioso Administrativo,3,2do Juzgado de Trabajo
01211-2025-0-2301-JR-LA-02,1211,2025,PENDIENTE EN TRÁMITE,TOTAL PENDIENTES AL MES ANTERIOR,CONTINUA EN TRAMITE (POR SENTENCIAR) (INV.202501),16/09/2025 12:56,ORDINARIO,DECLARACIÓN DE NULIDAD DE ACTOS ADMINISTRATIVOS,Contencioso Administrativo,3,2do Juzgado de Trabajo
00998-2024-0-2301-JR-LA-02,998,2024,PENDIENTE EN TRÁMITE,TOTAL PENDIENTES AL MES ANTERIOR,CONTINUA EN TRAMITE (POR SENTENCIAR) (INV.202501),02/10/2024 08:10,ORDINARIO,DECLARACIÓN DE NULIDAD DE ACTOS ADMINISTRATIVOS,Contencioso Administrativo,3,2do Juzgado de Trabajo
01222-2024-0-2301-JR-LA-04,1222,2024,PENDIENTE EN TRÁMITE,TOTAL PENDIENTES AL MES ANTERIOR,CONTINUA EN TRAMITE (POR SENTENCIAR) (INV.202501),31/10/2024 08:37,URGENTE,DECLARACIÓN DE NULIDAD DE ACTOS ADMINISTRATIVOS,Contencioso Administrativo,3,2do Juzgado de Trabajo
01278-2025-0-2301-JR-LA-02,1278,2025,PENDIENTE EN TRÁMITE,TOTAL PENDIENTES AL MES ANTERIOR,CONTINUA EN TRAMITE (POR SENTENCIAR) (INV.202501),10/11/2025 13:18,ORDINARIO,RECONOCIMIENTO DEL DERECHO TUTELADO,Contencioso Administrativo,3,2do Juzgado de Trabajo
01432-2025-0-2301-JR-LA-01,1432,2025,PENDIENTE EN TRÁMITE,TOTAL PENDIENTES AL MES ANTERIOR,CONTINUA EN TRAMITE (POR SENTENCIAR) (INV.202501),27/11/2025 16:54,ORDINARIO,RECONOCIMIENTO DEL DERECHO TUTELADO,Contencioso Administrativo,3,2do Juzgado de Trabajo
01589-2024-0-2301-JR-LA-02,1589,2024,PENDIENTE EN TRÁMITE,TOTAL PENDIENTES AL MES ANTERIOR,CONTINUA EN TRAMITE (POR SENTENCIAR) (INV.202501),29/05/2025 12:11,ORDINARIO,DECLARACIÓN DE INEFICACIA DE ACTOS ADMINISTRATIVOS,Contencioso Administrativo,3,2do Juzgado de Trabajo
01818-2025-0-2301-JR-LA-02,1818,2025,PENDIENTE EN TRÁMITE,TOTAL PENDIENTES AL MES ANTERIOR,AUTO DE SANEAMIENTO QUE NO CONCLUYE EL PROCESO (INV.202501),12/01/2026 17:45,ORDINARIO,RECONOCIMIENTO DEL DERECHO TUTELADO,Contencioso Administrativo,3,2do Juzgado de Trabajo
01899-2025-0-2301-JR-LA-02,1899,2025,PENDIENTE EN TRÁMITE,TOTAL PENDIENTES AL MES ANTERIOR,AUTO DE SANEAMIENTO QUE NO CONCLUYE EL PROCESO (INV.202501),19/01/2026 14:53,ORDINARIO,DECLARACIÓN DE NULIDAD DE ACTOS ADMINISTRATIVOS,Contencioso Administrativo,3,2do Juzgado de Trabajo
00471-2024-0-2301-JR-LA-02,471,2024,PENDIENTE EN TRÁMITE,TOTAL PENDIENTES AL MES ANTERIOR,CONTINUA EN TRAMITE (POR SENTENCIAR) (INV.202501),27/05/2024 11:03,ORDINARIO,DECLARACIÓN DE NULIDAD DE ACTOS ADMINISTRATIVOS,Contencioso Administrativo,3,2do Juzgado de Trabajo
01086-2024-0-2301-JR-LA-02,1086,2024,PENDIENTE EN TRÁMITE,TOTAL PENDIENTES AL MES ANTERIOR,CONTINUA EN TRAMITE (POR SENTENCIAR) (INV.202501),19/09/2024 08:46,ORDINARIO,DECLARACIÓN DE NULIDAD DE ACTOS ADMINISTRATIVOS,Contencioso Administrativo,3,2do Juzgado de Trabajo
01169-2025-0-2301-JR-LA-02,1169,2025,PENDIENTE EN TRÁMITE,TOTAL PENDIENTES AL MES ANTERIOR,CONTINUA EN TRAMITE (POR SENTENCIAR) (INV.202501),24/10/2025 17:01,ORDINARIO,RESTABLECIMIENTO DEL DERECHO TUTELADO,Contencioso Administrativo,3,2do Juzgado de Trabajo
01366-2024-0-2301-JR-LA-02,1366,2024,PENDIENTE EN TRÁMITE,TOTAL PENDIENTES AL MES ANTERIOR,CONTINUA EN TRAMITE (POR SENTENCIAR) (INV.202501),15/07/2025 09:16,ORDINARIO,DECLARACIÓN DE NULIDAD DE ACTOS ADMINISTRATIVOS,Contencioso Administrativo,3,2do Juzgado de Trabajo
00807-2025-0-2301-JR-LA-02,807,2025,PENDIENTE EN TRÁMITE,TOTAL PENDIENTES AL MES ANTERIOR,CONTINUA EN TRAMITE (POR SENTENCIAR) (INV.202501),20/06/2025 11:06,ORDINARIO,DECLARACIÓN DE NULIDAD DE ACTOS ADMINISTRATIVOS,Contencioso Administrativo,3,2do Juzgado de Trabajo
01399-2025-0-2301-JR-LA-02,1399,2025,PENDIENTE EN TRÁMITE,TOTAL PENDIENTES AL MES ANTERIOR,CONTINUA EN TRAMITE (POR SENTENCIAR) (INV.202501),29/12/2025 17:44,ORDINARIO,DECLARACIÓN DE INEFICACIA DE ACTOS ADMINISTRATIVOS,Contencioso Administrativo,3,2do Juzgado de Trabajo
01398-2025-0-2301-JR-CI-03,1398,2025,PENDIENTE EN TRÁMITE,TOTAL PENDIENTES AL MES ANTERIOR,CONTINUA EN TRAMITE (POR SENTENCIAR) (INV.202501),18/12/2025 17:25,ORDINARIO,RECONOCIMIENTO DEL DERECHO TUTELADO,Contencioso Administrativo,3,2do Juzgado de Trabajo
00550-2024-0-2301-JR-LA-02,550,2024,PENDIENTE EN TRÁMITE,TOTAL PENDIENTES AL MES ANTERIOR,CONTINUA EN TRAMITE (POR SENTENCIAR) (INV.202501),21/03/2025 17:48,ORDINARIO,DECLARACIÓN DE NULIDAD DE ACTOS ADMINISTRATIVOS,Contencioso Administrativo,3,2do Juzgado de Trabajo
01458-2025-0-2301-JR-LA-02,1458,2025,PENDIENTE EN TRÁMITE,TOTAL PENDIENTES AL MES ANTERIOR,CONTINUA EN TRAMITE (POR SENTENCIAR) (INV.202501),25/11/2025 15:12,ORDINARIO,DECLARACIÓN DE NULIDAD DE ACTOS ADMINISTRATIVOS,Contencioso Administrativo,3,2do Juzgado de Trabajo
01552-2025-0-2301-JR-LA-02,1552,2025,PENDIENTE EN TRÁMITE,TOTAL PENDIENTES AL MES ANTERIOR,AUTO DE SANEAMIENTO QUE NO CONCLUYE EL PROCESO (INV.202501),23/01/2026 15:23,ORDINARIO,DECLARACIÓN DE NULIDAD DE ACTOS ADMINISTRATIVOS,Contencioso Administrativo,3,2do Juzgado de Trabajo
00034-2026-0-2301-JR-LA-02,34,2026,PENDIENTE EN TRÁMITE,TOTAL PENDIENTES AL MES ANTERIOR,AUTO DE SANEAMIENTO QUE NO CONCLUYE EL PROCESO,24/02/2026 08:23,ORDINARIO,RECONOCIMIENTO DEL DERECHO TUTELADO,Contencioso Administrativo,3,2do Juzgado de Trabajo
00661-2024-0-2301-JR-LA-02,661,2024,PENDIENTE EN TRÁMITE,TOTAL PENDIENTES AL MES ANTERIOR,CONTINUA EN TRAMITE (POR SENTENCIAR) (INV.202501),15/07/2025 09:37,ORDINARIO,DECLARACIÓN DE NULIDAD DE ACTOS ADMINISTRATIVOS,Contencioso Administrativo,3,2do Juzgado de Trabajo
00267-2025-0-2301-JR-LA-02,267,2025,PENDIENTE EN TRÁMITE,TOTAL PENDIENTES AL MES ANTERIOR,CONTINUA EN TRAMITE (POR SENTENCIAR) (INV.202501),06/06/2025 08:49,ORDINARIO,RESTABLECIMIENTO DEL DERECHO TUTELADO,Contencioso Administrativo,3,2do Juzgado de Trabajo
00303-2026-0-2301-JR-LA-02,303,2026,NUEVOS ADMITIDOS,TOTAL INGRESOS A TRÁMITE,AUTO ADMISORIO,25/03/2026 15:40,ORDINARIO,RECONOCIMIENTO DEL DERECHO TUTELADO,Contencioso Administrativo,3,2do Juzgado de Trabajo
00383-2026-0-2301-JR-LA-02,383,2026,NUEVOS ADMITIDOS,TOTAL INGRESOS A TRÁMITE,AUTO ADMISORIO,24/03/2026 12:13,ORDINARIO,CUMPLIMIENTO DE ACTUACIONES DISPUESTA POR LEY,Contencioso Administrativo,3,2do Juzgado de Trabajo
00230-2026-0-2301-JR-LA-02,230,2026,NUEVOS ADMITIDOS,TOTAL INGRESOS A TRÁMITE,AUTO ADMISORIO,17/03/2026 13:10,ORDINARIO,DECLARACIÓN DE NULIDAD DE ACTOS ADMINISTRATIVOS,Contencioso Administrativo,3,2do Juzgado de Trabajo
00412-2026-0-2301-JR-LA-02,412,2026,NUEVOS ADMITIDOS,TOTAL INGRESOS A TRÁMITE,AUTO ADMISORIO,24/03/2026 16:18,ORDINARIO,RECONOCIMIENTO DEL DERECHO TUTELADO,Contencioso Administrativo,3,2do Juzgado de Trabajo
00201-2026-0-2301-JR-LA-02,201,2026,NUEVOS ADMITIDOS,TOTAL INGRESOS A TRÁMITE,AUTO ADMISORIO,17/03/2026 13:11,ORDINARIO,DECLARACIÓN DE NULIDAD DE ACTOS ADMINISTRATIVOS,Contencioso Administrativo,3,2do Juzgado de Trabajo
00309-2026-0-2301-JR-LA-02,309,2026,NUEVOS ADMITIDOS,TOTAL INGRESOS A TRÁMITE,AUTO ADMISORIO,04/03/2026 16:43,ORDINARIO,DECLARACIÓN DE NULIDAD DE ACTOS ADMINISTRATIVOS,Contencioso Administrativo,3,2do Juzgado de Trabajo
00458-2026-0-2301-JR-LA-02,458,2026,NUEVOS ADMITIDOS,TOTAL INGRESOS A TRÁMITE,AUTO ADMISORIO,25/03/2026 15:41,ORDINARIO,RECONOCIMIENTO DEL DERECHO TUTELADO,Contencioso Administrativo,3,2do Juzgado de Trabajo
00281-2026-0-2301-JR-LA-02,281,2026,NUEVOS ADMITIDOS,TOTAL INGRESOS A TRÁMITE,AUTO ADMISORIO,02/03/2026 09:09,URGENTE,CUMPLIMIENTO DE ACTUACIONES DISPUESTA POR ACTO ADMINISTRATIVO,Contencioso Administrativo,3,2do Juzgado de Trabajo
00366-2026-0-2301-JR-LA-02,366,2026,NUEVOS ADMITIDOS,TOTAL INGRESOS A TRÁMITE,AUTO ADMISORIO,10/03/2026 12:45,ORDINARIO,RECONOCIMIENTO DEL DERECHO TUTELADO,Contencioso Administrativo,3,2do Juzgado de Trabajo
00338-2026-0-2301-JR-LA-02,338,2026,NUEVOS ADMITIDOS,TOTAL INGRESOS A TRÁMITE,AUTO ADMISORIO,09/03/2026 16:50,URGENTE,CUMPLIMIENTO DE ACTUACIONES DISPUESTA POR LEY,Contencioso Administrativo,3,2do Juzgado de Trabajo
00359-2026-0-2301-JR-LA-02,359,2026,NUEVOS ADMITIDOS,TOTAL INGRESOS A TRÁMITE,AUTO ADMISORIO,17/03/2026 13:09,ORDINARIO,RECONOCIMIENTO DEL DERECHO TUTELADO,Contencioso Administrativo,3,2do Juzgado de Trabajo
00351-2026-0-2301-JR-LA-02,351,2026,NUEVOS ADMITIDOS,TOTAL INGRESOS A TRÁMITE,AUTO ADMISORIO,10/03/2026 12:44,URGENTE,CUMPLIMIENTO DE ACTUACIONES DISPUESTA POR LEY,Contencioso Administrativo,3,2do Juzgado de Trabajo
00246-2026-0-2301-JR-LA-02,246,2026,NUEVOS ADMITIDOS,TOTAL INGRESOS A TRÁMITE,AUTO ADMISORIO,02/03/2026 09:08,URGENTE,CUMPLIMIENTO DE ACTUACIONES DISPUESTA POR ACTO ADMINISTRATIVO,Contencioso Administrativo,3,2do Juzgado de Trabajo
00368-2026-0-2301-JR-LA-02,368,2026,NUEVOS ADMITIDOS,TOTAL INGRESOS A TRÁMITE,AUTO ADMISORIO,10/03/2026 13:20,ORDINARIO,RECONOCIMIENTO DEL DERECHO TUTELADO,Contencioso Administrativo,3,2do Juzgado de Trabajo
00318-2026-0-2301-JR-LA-02,318,2026,NUEVOS ADMITIDOS,TOTAL INGRESOS A TRÁMITE,AUTO ADMISORIO,17/03/2026 13:10,ORDINARIO,DECLARACIÓN DE NULIDAD DE ACTOS ADMINISTRATIVOS,Contencioso Administrativo,3,2do Juzgado de Trabajo
00404-2026-0-2301-JR-LA-02,404,2026,NUEVOS ADMITIDOS,TOTAL INGRESOS A TRÁMITE,AUTO ADMISORIO,31/03/2026 10:56,ORDINARIO,RECONOCIMIENTO DEL DERECHO TUTELADO,Contencioso Administrativo,3,2do Juzgado de Trabajo
00197-2026-0-2301-JR-LA-02,197,2026,NUEVOS ADMITIDOS,TOTAL INGRESOS A TRÁMITE,AUTO ADMISORIO,03/03/2026 13:03,ORDINARIO,RECONOCIMIENTO DEL DERECHO TUTELADO,Contencioso Administrativo,3,2do Juzgado de Trabajo
00259-2026-0-2301-JR-LA-02,259,2026,NUEVOS ADMITIDOS,TOTAL INGRESOS A TRÁMITE,AUTO ADMISORIO,13/03/2026 08:41,ORDINARIO,DECLARACIÓN DE NULIDAD DE ACTOS ADMINISTRATIVOS,Contencioso Administrativo,3,2do Juzgado de Trabajo
00168-2026-0-2301-JR-LA-02,168,2026,NUEVOS ADMITIDOS,TOTAL INGRESOS A TRÁMITE,AUTO ADMISORIO,03/03/2026 10:11,ORDINARIO,DECLARACIÓN DE NULIDAD DE ACTOS ADMINISTRATIVOS,Contencioso Administrativo,3,2do Juzgado de Trabajo
00253-2026-0-2301-JR-LA-02,253,2026,NUEVOS ADMITIDOS,TOTAL INGRESOS A TRÁMITE,AUTO ADMISORIO,04/03/2026 16:44,ORDINARIO,RESTABLECIMIENTO DEL DERECHO TUTELADO,Contencioso Administrativo,3,2do Juzgado de Trabajo
00330-2026-0-2301-JR-LA-02,330,2026,NUEVOS ADMITIDOS,TOTAL INGRESOS A TRÁMITE,AUTO ADMISORIO,10/03/2026 15:15,ORDINARIO,DECLARACIÓN DE NULIDAD DE ACTOS ADMINISTRATIVOS,Contencioso Administrativo,3,2do Juzgado de Trabajo
00389-2026-0-2301-JR-LA-02,389,2026,NUEVOS ADMITIDOS,TOTAL INGRESOS A TRÁMITE,AUTO ADMISORIO,16/03/2026 08:09,URGENTE,CUMPLIMIENTO DE ACTUACIONES DISPUESTA POR ACTO ADMINISTRATIVO,Contencioso Administrativo,3,2do Juzgado de Trabajo
00271-2026-0-2301-JR-LA-02,271,2026,NUEVOS ADMITIDOS,TOTAL INGRESOS A TRÁMITE,AUTO ADMISORIO,02/03/2026 09:09,URGENTE,CUMPLIMIENTO DE ACTUACIONES DISPUESTA POR ACTO ADMINISTRATIVO,Contencioso Administrativo,3,2do Juzgado de Trabajo
00279-2026-0-2301-JR-LA-02,279,2026,NUEVOS ADMITIDOS,TOTAL INGRESOS A TRÁMITE,AUTO ADMISORIO,02/03/2026 09:10,URGENTE,CUMPLIMIENTO DE ACTUACIONES DISPUESTA POR ACTO ADMINISTRATIVO,Contencioso Administrativo,3,2do Juzgado de Trabajo
00426-2026-0-2301-JR-LA-02,426,2026,NUEVOS ADMITIDOS,TOTAL INGRESOS A TRÁMITE,AUTO ADMISORIO,25/03/2026 15:41,ORDINARIO,RECONOCIMIENTO DEL DERECHO TUTELADO,Contencioso Administrativo,3,2do Juzgado de Trabajo
00394-2026-0-2301-JR-LA-02,394,2026,NUEVOS ADMITIDOS,TOTAL INGRESOS A TRÁMITE,AUTO ADMISORIO,24/03/2026 12:13,ORDINARIO,DECLARACIÓN DE NULIDAD DE ACTOS ADMINISTRATIVOS,Contencioso Administrativo,3,2do Juzgado de Trabajo
00241-2026-0-2301-JR-LA-02,241,2026,NUEVOS ADMITIDOS,TOTAL INGRESOS A TRÁMITE,AUTO ADMISORIO,02/03/2026 09:05,ORDINARIO,DECLARACIÓN DE NULIDAD DE ACTOS ADMINISTRATIVOS,Contencioso Administrativo,3,2do Juzgado de Trabajo
00342-2026-0-2301-JR-LA-02,342,2026,NUEVOS ADMITIDOS,TOTAL INGRESOS A TRÁMITE,AUTO ADMISORIO,13/03/2026 14:47,ORDINARIO,DECLARACIÓN DE NULIDAD DE ACTOS ADMINISTRATIVOS,Contencioso Administrativo,3,2do Juzgado de Trabajo
00217-2026-0-2301-JR-LA-02,217,2026,NUEVOS ADMITIDOS,TOTAL INGRESOS A TRÁMITE,AUTO ADMISORIO,17/03/2026 13:11,ORDINARIO,RECONOCIMIENTO DEL DERECHO TUTELADO,Contencioso Administrativo,3,2do Juzgado de Trabajo
00111-2026-0-2301-JR-LA-03,111,2026,NUEVOS ADMITIDOS,TOTAL INGRESOS A TRÁMITE,AUTO ADMISORIO,09/03/2026 16:50,ORDINARIO,RECONOCIMIENTO DEL DERECHO TUTELADO,Contencioso Administrativo,3,2do Juzgado de Trabajo
00255-2026-0-2301-JR-LA-02,255,2026,NUEVOS ADMITIDOS,TOTAL INGRESOS A TRÁMITE,AUTO ADMISORIO,02/03/2026 09:08,ORDINARIO,DECLARACIÓN DE NULIDAD DE ACTOS ADMINISTRATIVOS,Contencioso Administrativo,3,2do Juzgado de Trabajo
00346-2026-0-2301-JR-LA-02,346,2026,NUEVOS ADMITIDOS,TOTAL INGRESOS A TRÁMITE,AUTO ADMISORIO,09/03/2026 16:50,ORDINARIO,RECONOCIMIENTO DEL DERECHO TUTELADO,Contencioso Administrativo,3,2do Juzgado de Trabajo
00324-2026-0-2301-JR-LA-02,324,2026,NUEVOS ADMITIDOS,TOTAL INGRESOS A TRÁMITE,AUTO ADMISORIO,17/03/2026 13:09,ORDINARIO,DECLARACIÓN DE NULIDAD DE ACTOS ADMINISTRATIVOS,Contencioso Administrativo,3,2do Juzgado de Trabajo
00462-2026-0-2301-JR-LA-02,462,2026,NUEVOS ADMITIDOS,TOTAL INGRESOS A TRÁMITE,AUTO ADMISORIO,31/03/2026 10:56,URGENTE,CUMPLIMIENTO DE ACTUACIONES DISPUESTA POR ACTO ADMINISTRATIVO,Contencioso Administrativo,3,2do Juzgado de Trabajo
00361-2026-0-2301-JR-LA-02,361,2026,NUEVOS ADMITIDOS,TOTAL INGRESOS A TRÁMITE,AUTO ADMISORIO,10/03/2026 12:43,ORDINARIO,CUMPLIMIENTO DE ACTUACIONES DISPUESTA POR LEY,Contencioso Administrativo,3,2do Juzgado de Trabajo
00163-2026-0-2301-JR-LA-02,163,2026,NUEVOS ADMITIDOS,TOTAL INGRESOS A TRÁMITE,AUTO ADMISORIO,25/03/2026 15:39,ORDINARIO,RECONOCIMIENTO DEL DERECHO TUTELADO,Contencioso Administrativo,3,2do Juzgado de Trabajo
00402-2026-0-2301-JR-LA-02,402,2026,NUEVOS ADMITIDOS,TOTAL INGRESOS A TRÁMITE,AUTO ADMISORIO,24/03/2026 16:18,ORDINARIO,RECONOCIMIENTO DEL DERECHO TUTELADO,Contencioso Administrativo,3,2do Juzgado de Trabajo
00419-2026-0-2301-JR-LA-02,419,2026,NUEVOS ADMITIDOS,TOTAL INGRESOS A TRÁMITE,AUTO ADMISORIO,25/03/2026 15:40,ORDINARIO,RECONOCIMIENTO DEL DERECHO TUTELADO,Contencioso Administrativo,3,2do Juzgado de Trabajo
00385-2026-0-2301-JR-LA-02,385,2026,NUEVOS ADMITIDOS,TOTAL INGRESOS A TRÁMITE,AUTO ADMISORIO,24/03/2026 16:17,URGENTE,CUMPLIMIENTO DE ACTUACIONES DISPUESTA POR LEY,Contencioso Administrativo,3,2do Juzgado de Trabajo
00428-2026-0-2301-JR-LA-02,428,2026,NUEVOS ADMITIDOS,TOTAL INGRESOS A TRÁMITE,AUTO ADMISORIO,25/03/2026 11:03,URGENTE,CUMPLIMIENTO DE ACTUACIONES DISPUESTA POR LEY,Contencioso Administrativo,3,2do Juzgado de Trabajo
00213-2026-0-2301-JR-LA-02,213,2026,NUEVOS ADMITIDOS,TOTAL INGRESOS A TRÁMITE,AUTO ADMISORIO,31/03/2026 10:56,ORDINARIO,RECONOCIMIENTO DEL DERECHO TUTELADO,Contencioso Administrativo,3,2do Juzgado de Trabajo
00332-2026-0-2301-JR-LA-02,332,2026,NUEVOS ADMITIDOS,TOTAL INGRESOS A TRÁMITE,AUTO ADMISORIO,10/03/2026 12:43,URGENTE,CUMPLIMIENTO DE ACTUACIONES DISPUESTA POR LEY,Contencioso Administrativo,3,2do Juzgado de Trabajo
01913-2025-0-2301-JR-LA-02,1913,2025,NUEVOS ADMITIDOS,TOTAL INGRESOS A TRÁMITE,AUTO ADMISORIO (INV.202501),16/03/2026 22:05,ORDINARIO,DECLARACIÓN DE NULIDAD DE ACTOS ADMINISTRATIVOS,Contencioso Administrativo,3,2do Juzgado de Trabajo
00307-2026-0-2301-JR-LA-02,307,2026,NUEVOS ADMITIDOS,TOTAL INGRESOS A TRÁMITE,AUTO ADMISORIO,31/03/2026 11:27,ORDINARIO,DECLARACIÓN DE NULIDAD DE ACTOS ADMINISTRATIVOS,Contencioso Administrativo,3,2do Juzgado de Trabajo
00363-2026-0-2301-JR-LA-02,363,2026,NUEVOS ADMITIDOS,TOTAL INGRESOS A TRÁMITE,AUTO ADMISORIO,10/03/2026 12:45,ORDINARIO,RECONOCIMIENTO DEL DERECHO TUTELADO,Contencioso Administrativo,3,2do Juzgado de Trabajo
00221-2026-0-2301-JR-LA-02,221,2026,NUEVOS ADMITIDOS,TOTAL INGRESOS A TRÁMITE,AUTO ADMISORIO,03/03/2026 14:33,ORDINARIO,DECLARACIÓN DE NULIDAD DE ACTOS ADMINISTRATIVOS,Contencioso Administrativo,3,2do Juzgado de Trabajo
00175-2026-0-2301-JR-LA-02,175,2026,NUEVOS ADMITIDOS,TOTAL INGRESOS A TRÁMITE,AUTO ADMISORIO,03/03/2026 11:38,ORDINARIO,DECLARACIÓN DE NULIDAD DE ACTOS ADMINISTRATIVOS,Contencioso Administrativo,3,2do Juzgado de Trabajo
00334-2026-0-2301-JR-LA-02,334,2026,NUEVOS ADMITIDOS,TOTAL INGRESOS A TRÁMITE,AUTO ADMISORIO,10/03/2026 09:06,URGENTE,CUMPLIMIENTO DE ACTUACIONES DISPUESTA POR ACTO ADMINISTRATIVO,Contencioso Administrativo,3,2do Juzgado de Trabajo
00211-2026-0-2301-JR-LA-02,211,2026,NUEVOS ADMITIDOS,TOTAL INGRESOS A TRÁMITE,AUTO ADMISORIO,03/03/2026 12:36,ORDINARIO,DECLARACIÓN DE NULIDAD DE ACTOS ADMINISTRATIVOS,Contencioso Administrativo,3,2do Juzgado de Trabajo
00269-2026-0-2301-JR-LA-02,269,2026,NUEVOS ADMITIDOS,TOTAL INGRESOS A TRÁMITE,AUTO ADMISORIO,02/03/2026 09:08,ORDINARIO,DECLARACIÓN DE NULIDAD DE ACTOS ADMINISTRATIVOS,Contencioso Administrativo,3,2do Juzgado de Trabajo
00464-2026-0-2301-JR-LA-02,464,2026,NUEVOS ADMITIDOS,TOTAL INGRESOS A TRÁMITE,AUTO ADMISORIO,26/03/2026 08:12,ORDINARIO,DECLARACIÓN DE NULIDAD DE ACTOS ADMINISTRATIVOS,Contencioso Administrativo,3,2do Juzgado de Trabajo
00354-2026-0-2301-JR-LA-02,354,2026,NUEVOS ADMITIDOS,TOTAL INGRESOS A TRÁMITE,AUTO ADMISORIO,10/03/2026 12:44,ORDINARIO,RECONOCIMIENTO DEL DERECHO TUTELADO,Contencioso Administrativo,3,2do Juzgado de Trabajo
00344-2026-0-2301-JR-LA-02,344,2026,NUEVOS ADMITIDOS,TOTAL INGRESOS A TRÁMITE,AUTO ADMISORIO,10/03/2026 08:22,ORDINARIO,DECLARACIÓN DE NULIDAD DE ACTOS ADMINISTRATIVOS,Contencioso Administrativo,3,2do Juzgado de Trabajo
00400-2026-0-2301-JR-LA-02,400,2026,NUEVOS ADMITIDOS,TOTAL INGRESOS A TRÁMITE,AUTO ADMISORIO,24/03/2026 12:13,ORDINARIO,DECLARACIÓN DE NULIDAD DE ACTOS ADMINISTRATIVOS,Contencioso Administrativo,3,2do Juzgado de Trabajo
00283-2026-0-2301-JR-LA-02,283,2026,NUEVOS ADMITIDOS,TOTAL INGRESOS A TRÁMITE,AUTO ADMISORIO,17/03/2026 13:10,ORDINARIO,DECLARACIÓN DE NULIDAD DE ACTOS ADMINISTRATIVOS,Contencioso Administrativo,3,2do Juzgado de Trabajo
00340-2026-0-2301-JR-LA-02,340,2026,NUEVOS ADMITIDOS,TOTAL INGRESOS A TRÁMITE,AUTO ADMISORIO,10/03/2026 09:06,URGENTE,CUMPLIMIENTO DE ACTUACIONES DISPUESTA POR ACTO ADMINISTRATIVO,Contencioso Administrativo,3,2do Juzgado de Trabajo
00444-2026-0-2301-JR-LA-02,444,2026,NUEVOS ADMITIDOS,TOTAL INGRESOS A TRÁMITE,AUTO ADMISORIO,25/03/2026 11:12,ORDINARIO,RECONOCIMIENTO DEL DERECHO TUTELADO,Contencioso Administrativo,3,2do Juzgado de Trabajo
00114-2026-0-2301-JR-LA-01,114,2026,NUEVOS ADMITIDOS,TOTAL INGRESOS A TRÁMITE,AUTO ADMISORIO,10/03/2026 12:44,ORDINARIO,RECONOCIMIENTO DEL DERECHO TUTELADO,Contencioso Administrativo,3,2do Juzgado de Trabajo
00432-2026-0-2301-JR-LA-02,432,2026,NUEVOS ADMITIDOS,TOTAL INGRESOS A TRÁMITE,AUTO ADMISORIO,25/03/2026 11:03,ORDINARIO,RECONOCIMIENTO DEL DERECHO TUTELADO,Contencioso Administrativo,3,2do Juzgado de Trabajo
00397-2026-0-2301-JR-LA-02,397,2026,NUEVOS ADMITIDOS,TOTAL INGRESOS A TRÁMITE,AUTO ADMISORIO,24/03/2026 12:14,ORDINARIO,DECLARACIÓN DE NULIDAD DE ACTOS ADMINISTRATIVOS,Contencioso Administrativo,3,2do Juzgado de Trabajo
00357-2026-0-2301-JR-LA-02,357,2026,NUEVOS ADMITIDOS,TOTAL INGRESOS A TRÁMITE,AUTO ADMISORIO,17/03/2026 13:09,ORDINARIO,RECONOCIMIENTO DEL DERECHO TUTELADO,Contencioso Administrativo,3,2do Juzgado de Trabajo
00227-2026-0-2301-JR-LA-02,227,2026,NUEVOS ADMITIDOS,TOTAL INGRESOS A TRÁMITE,AUTO ADMISORIO,03/03/2026 12:26,ORDINARIO,DECLARACIÓN DE NULIDAD DE ACTOS ADMINISTRATIVOS,Contencioso Administrativo,3,2do Juzgado de Trabajo
00235-2026-0-2301-JR-LA-02,235,2026,NUEVOS ADMITIDOS,TOTAL INGRESOS A TRÁMITE,AUTO ADMISORIO,05/03/2026 08:03,URGENTE,CUMPLIMIENTO DE ACTUACIONES DISPUESTA POR ACTO ADMINISTRATIVO,Contencioso Administrativo,3,2do Juzgado de Trabajo
00277-2026-0-2301-JR-LA-02,277,2026,NUEVOS ADMITIDOS,TOTAL INGRESOS A TRÁMITE,AUTO ADMISORIO,03/03/2026 16:56,ORDINARIO,DECLARACIÓN DE NULIDAD DE ACTOS ADMINISTRATIVOS,Contencioso Administrativo,3,2do Juzgado de Trabajo
00188-2026-0-2301-JR-LA-02,188,2026,NUEVOS ADMITIDOS,TOTAL INGRESOS A TRÁMITE,AUTO ADMISORIO,13/03/2026 12:34,ORDINARIO,DECLARACIÓN DE NULIDAD DE ACTOS ADMINISTRATIVOS,Contencioso Administrativo,3,2do Juzgado de Trabajo
00442-2026-0-2301-JR-LA-02,442,2026,NUEVOS ADMITIDOS,TOTAL INGRESOS A TRÁMITE,AUTO ADMISORIO,31/03/2026 10:56,ORDINARIO,RECONOCIMIENTO DEL DERECHO TUTELADO,Contencioso Administrativo,3,2do Juzgado de Trabajo
00291-2026-0-2301-JR-LA-02,291,2026,NUEVOS ADMITIDOS,TOTAL INGRESOS A TRÁMITE,AUTO ADMISORIO,25/03/2026 15:40,ORDINARIO,DECLARACIÓN DE NULIDAD DE ACTOS ADMINISTRATIVOS,Contencioso Administrativo,3,2do Juzgado de Trabajo
00336-2026-0-2301-JR-LA-02,336,2026,NUEVOS ADMITIDOS,TOTAL INGRESOS A TRÁMITE,AUTO ADMISORIO,13/03/2026 16:11,ORDINARIO,CUMPLIMIENTO DE ACTUACIONES DISPUESTA POR ACTO ADMINISTRATIVO,Contencioso Administrativo,3,2do Juzgado de Trabajo
00434-2026-0-2301-JR-LA-02,434,2026,NUEVOS ADMITIDOS,TOTAL INGRESOS A TRÁMITE,AUTO ADMISORIO,25/03/2026 11:03,URGENTE,CUMPLIMIENTO DE ACTUACIONES DISPUESTA POR ACTO ADMINISTRATIVO,Contencioso Administrativo,3,2do Juzgado de Trabajo
00320-2026-0-2301-JR-LA-02,320,2026,NUEVOS ADMITIDOS,TOTAL INGRESOS A TRÁMITE,AUTO ADMISORIO,04/03/2026 16:42,ORDINARIO,RECONOCIMIENTO DEL DERECHO TUTELADO,Contencioso Administrativo,3,2do Juzgado de Trabajo
00285-2026-0-2301-JR-LA-02,285,2026,NUEVOS ADMITIDOS,TOTAL INGRESOS A TRÁMITE,AUTO ADMISORIO,04/03/2026 16:44,ORDINARIO,RECONOCIMIENTO DEL DERECHO TUTELADO,Contencioso Administrativo,3,2do Juzgado de Trabajo
00381-2026-0-2301-JR-LA-02,381,2026,NUEVOS ADMITIDOS,TOTAL INGRESOS A TRÁMITE,AUTO ADMISORIO,24/03/2026 12:13,ORDINARIO,RECONOCIMIENTO DEL DERECHO TUTELADO,Contencioso Administrativo,3,2do Juzgado de Trabajo
00239-2026-0-2301-JR-LA-02,239,2026,NUEVOS ADMITIDOS,TOTAL INGRESOS A TRÁMITE,AUTO ADMISORIO,02/03/2026 09:07,URGENTE,DECLARACIÓN DE NULIDAD DE ACTOS ADMINISTRATIVOS,Contencioso Administrativo,3,2do Juzgado de Trabajo
00233-2026-0-2301-JR-LA-02,233,2026,NUEVOS ADMITIDOS,TOTAL INGRESOS A TRÁMITE,AUTO ADMISORIO,02/03/2026 09:06,ORDINARIO,CUMPLIMIENTO DE ACTUACIONES DISPUESTA POR ACTO ADMINISTRATIVO,Contencioso Administrativo,3,2do Juzgado de Trabajo
00237-2026-0-2301-JR-LA-02,237,2026,NUEVOS ADMITIDOS,TOTAL INGRESOS A TRÁMITE,AUTO ADMISORIO,02/03/2026 09:07,ORDINARIO,DECLARACIÓN DE NULIDAD DE ACTOS ADMINISTRATIVOS,Contencioso Administrativo,3,2do Juzgado de Trabajo
00261-2026-0-2301-JR-LA-02,261,2026,NUEVOS ADMITIDOS,TOTAL INGRESOS A TRÁMITE,AUTO ADMISORIO,25/03/2026 15:40,ORDINARIO,DECLARACIÓN DE NULIDAD DE ACTOS ADMINISTRATIVOS,Contencioso Administrativo,3,2do Juzgado de Trabajo
00372-2026-0-2301-JR-LA-02,372,2026,NUEVOS ADMITIDOS,TOTAL INGRESOS A TRÁMITE,AUTO ADMISORIO,16/03/2026 08:08,ORDINARIO,DECLARACIÓN DE NULIDAD DE ACTOS ADMINISTRATIVOS,Contencioso Administrativo,3,2do Juzgado de Trabajo
00301-2026-0-2301-JR-LA-03,301,2026,NUEVOS ADMITIDOS,TOTAL INGRESOS A TRÁMITE,AUTO ADMISORIO,24/03/2026 16:18,ORDINARIO,CUMPLIMIENTO DE ACTUACIONES DISPUESTA POR ACTO ADMINISTRATIVO,Contencioso Administrativo,3,2do Juzgado de Trabajo
00207-2026-0-2301-JR-LA-02,207,2026,NUEVOS ADMITIDOS,TOTAL INGRESOS A TRÁMITE,AUTO ADMISORIO,05/03/2026 15:02,ORDINARIO,RECONOCIMIENTO DEL DERECHO TUTELADO,Contencioso Administrativo,3,2do Juzgado de Trabajo
00151-2026-0-2301-JR-LA-02,151,2026,NUEVOS ADMITIDOS,TOTAL INGRESOS A TRÁMITE,AUTO ADMISORIO,04/03/2026 08:59,ORDINARIO,RECONOCIMIENTO DEL DERECHO TUTELADO,Contencioso Administrativo,3,2do Juzgado de Trabajo
00215-2026-0-2301-JR-LA-02,215,2026,NUEVOS ADMITIDOS,TOTAL INGRESOS A TRÁMITE,AUTO ADMISORIO,04/03/2026 22:03,ORDINARIO,DECLARACIÓN DE NULIDAD DE ACTOS ADMINISTRATIVOS,Contencioso Administrativo,3,2do Juzgado de Trabajo
00289-2026-0-2301-JR-LA-03,289,2026,NUEVOS ADMITIDOS,TOTAL INGRESOS A TRÁMITE,AUTO ADMISORIO,24/03/2026 08:52,URGENTE,CUMPLIMIENTO DE ACTUACIONES DISPUESTA POR ACTO ADMINISTRATIVO,Contencioso Administrativo,3,2do Juzgado de Trabajo
00248-2026-0-2301-JR-LA-02,248,2026,NUEVOS ADMITIDOS,TOTAL INGRESOS A TRÁMITE,AUTO ADMISORIO,02/03/2026 09:08,URGENTE,CUMPLIMIENTO DE ACTUACIONES DISPUESTA POR ACTO ADMINISTRATIVO,Contencioso Administrativo,3,2do Juzgado de Trabajo
00177-2026-0-2301-JR-LA-02,177,2026,NUEVOS ADMITIDOS,TOTAL INGRESOS A TRÁMITE,AUTO ADMISORIO,03/03/2026 13:03,ORDINARIO,DECLARACIÓN DE NULIDAD DE ACTOS ADMINISTRATIVOS,Contencioso Administrativo,3,2do Juzgado de Trabajo
00327-2026-0-2301-JR-LA-02,327,2026,NUEVOS ADMITIDOS,TOTAL INGRESOS A TRÁMITE,AUTO ADMISORIO,25/03/2026 15:40,ORDINARIO,DECLARACIÓN DE NULIDAD DE ACTOS ADMINISTRATIVOS,Contencioso Administrativo,3,2do Juzgado de Trabajo
00294-2026-0-2301-JR-LA-02,294,2026,NUEVOS ADMITIDOS,TOTAL INGRESOS A TRÁMITE,AUTO ADMISORIO,17/03/2026 13:10,ORDINARIO,DECLARACIÓN DE NULIDAD DE ACTOS ADMINISTRATIVOS,Contencioso Administrativo,3,2do Juzgado de Trabajo
00257-2026-0-2301-JR-LA-02,257,2026,NUEVOS ADMITIDOS,TOTAL INGRESOS A TRÁMITE,AUTO ADMISORIO,17/03/2026 13:11,ORDINARIO,DECLARACIÓN DE NULIDAD DE ACTOS ADMINISTRATIVOS,Contencioso Administrativo,3,2do Juzgado de Trabajo
00170-2026-0-2301-JR-LA-02,170,2026,NUEVOS ADMITIDOS,TOTAL INGRESOS A TRÁMITE,AUTO ADMISORIO,26/03/2026 12:05,URGENTE,CUMPLIMIENTO DE ACTUACIONES DISPUESTA POR ACTO ADMINISTRATIVO,Contencioso Administrativo,3,2do Juzgado de Trabajo
00097-2026-0-2301-JR-LA-02,97,2026,NUEVOS ADMITIDOS,TOTAL INGRESOS A TRÁMITE,AUTO ADMISORIO,17/03/2026 13:09,ORDINARIO,DECLARACIÓN DE NULIDAD DE ACTOS ADMINISTRATIVOS,Contencioso Administrativo,3,2do Juzgado de Trabajo
00315-2026-0-2301-JR-LA-02,315,2026,INGRESO DE DEMANDA IMPROCEDENTE/DENUNCIA NO HA LUGAR,TOTAL INGRESOS A TRÁMITE,AUTO IMPROCEDENTE (INGRESA Y RESUELVE),04/03/2026 13:23,URGENTE,CUMPLIMIENTO DE ACTUACIONES DISPUESTA POR LEY,Contencioso Administrativo,3,2do Juzgado de Trabajo
00436-2026-0-2301-JR-LA-02,436,2026,INGRESO DE DEMANDA IMPROCEDENTE/DENUNCIA NO HA LUGAR,TOTAL INGRESOS A TRÁMITE,AUTO IMPROCEDENTE (INGRESA Y RESUELVE),25/03/2026 11:02,ORDINARIO,DECLARACIÓN DE NULIDAD DE ACTOS ADMINISTRATIVOS,Contencioso Administrativo,3,2do Juzgado de Trabajo
00305-2026-0-2301-JR-LA-02,305,2026,INGRESO DE DEMANDA IMPROCEDENTE/DENUNCIA NO HA LUGAR,TOTAL INGRESOS A TRÁMITE,AUTO IMPROCEDENTE (INGRESA Y RESUELVE),04/03/2026 13:23,URGENTE,CUMPLIMIENTO DE ACTUACIONES DISPUESTA POR ACTO ADMINISTRATIVO,Contencioso Administrativo,3,2do Juzgado de Trabajo
01263-2024-0-2301-JR-LA-02,1263,2024,ANULADA A TRÁMITE / HABER NULIDAD,TOTAL INGRESOS A TRÁMITE,RECEPCION  EN DEPENDENCIA POR APELACION - DEVOLUCION,16/03/2026 17:16,ORDINARIO,DECLARACIÓN DE NULIDAD DE ACTOS ADMINISTRATIVOS,Contencioso Administrativo,3,2do Juzgado de Trabajo
01101-2025-0-2301-JR-LA-01,1101,2025,PENDIENTE EN TRÁMITE,TOTAL PENDIENTES AL MES ANTERIOR,RECEPCION  EN DEPENDENCIA POR APELACION - DEVOLUCION,27/01/2026 20:04,ORDINARIO,RESTABLECIMIENTO DEL DERECHO TUTELADO,Previsional,3,2do Juzgado de Trabajo
00199-2026-0-2301-JR-LA-02,199,2026,PENDIENTE EN TRÁMITE,TOTAL PENDIENTES AL MES ANTERIOR,AUTO ADMISORIO,13/02/2026 08:26,ORDINARIO,DECLARACIÓN DE NULIDAD DE ACTOS ADMINISTRATIVOS,Previsional,3,2do Juzgado de Trabajo
00193-2026-0-2301-JR-LA-02,193,2026,PENDIENTE EN TRÁMITE,TOTAL PENDIENTES AL MES ANTERIOR,AUTO ADMISORIO,12/02/2026 08:35,ORDINARIO,DECLARACIÓN DE NULIDAD DE ACTOS ADMINISTRATIVOS,Previsional,3,2do Juzgado de Trabajo
00063-2026-0-2301-JR-LA-02,63,2026,PENDIENTE EN TRÁMITE,TOTAL PENDIENTES AL MES ANTERIOR,AUTO ADMISORIO,19/01/2026 13:30,ORDINARIO,RESTABLECIMIENTO DEL DERECHO TUTELADO,Previsional,3,2do Juzgado de Trabajo
00084-2026-0-2301-JR-LA-02,84,2026,PENDIENTE EN TRÁMITE,TOTAL PENDIENTES AL MES ANTERIOR,AUTO ADMISORIO,26/01/2026 08:07,ORDINARIO,DECLARACIÓN DE NULIDAD DE ACTOS ADMINISTRATIVOS,Previsional,3,2do Juzgado de Trabajo
01214-2024-0-2301-JR-LA-03,1214,2024,PENDIENTE EN TRÁMITE,TOTAL PENDIENTES AL MES ANTERIOR,CONTINUA EN TRAMITE (2DA INSTANCIA) (INV.202501),19/12/2025 16:42,ORDINARIO,DECLARACIÓN DE NULIDAD DE ACTOS ADMINISTRATIVOS,Previsional,3,2do Juzgado de Trabajo
01849-2025-0-2301-JR-LA-03,1849,2025,PENDIENTE EN TRÁMITE,TOTAL PENDIENTES AL MES ANTERIOR,AUTO DE SANEAMIENTO QUE NO CONCLUYE EL PROCESO,13/02/2026 16:33,ORDINARIO,RESTABLECIMIENTO DEL DERECHO TUTELADO,Previsional,3,2do Juzgado de Trabajo
00031-2026-0-2301-JR-LA-02,31,2026,PENDIENTE EN TRÁMITE,TOTAL PENDIENTES AL MES ANTERIOR,AUTO DE SANEAMIENTO QUE NO CONCLUYE EL PROCESO,13/02/2026 08:04,ORDINARIO,DECLARACIÓN DE NULIDAD DE ACTOS ADMINISTRATIVOS,Previsional,3,2do Juzgado de Trabajo
00298-2026-0-2301-JR-LA-01,298,2026,NUEVOS ADMITIDOS,TOTAL INGRESOS A TRÁMITE,AUTO ADMISORIO,24/03/2026 13:15,ORDINARIO,RESTABLECIMIENTO DEL DERECHO TUTELADO,Previsional,3,2do Juzgado de Trabajo
00312-2026-0-2301-JR-LA-02,312,2026,NUEVOS ADMITIDOS,TOTAL INGRESOS A TRÁMITE,AUTO ADMISORIO,04/03/2026 23:10,ORDINARIO,RESTABLECIMIENTO DEL DERECHO TUTELADO,Previsional,3,2do Juzgado de Trabajo
00416-2026-0-2301-JR-LA-02,416,2026,NUEVOS ADMITIDOS,TOTAL INGRESOS A TRÁMITE,AUTO ADMISORIO,24/03/2026 16:19,ORDINARIO,RESTABLECIMIENTO DEL DERECHO TUTELADO,Previsional,3,2do Juzgado de Trabajo
00100-2026-0-2301-JR-LA-02,100,2026,NUEVOS ADMITIDOS,TOTAL INGRESOS A TRÁMITE,AUTO ADMISORIO,17/03/2026 13:11,ORDINARIO,DECLARACIÓN DE NULIDAD DE ACTOS ADMINISTRATIVOS,Previsional,3,2do Juzgado de Trabajo
00414-2026-0-2301-JR-LA-02,414,2026,NUEVOS ADMITIDOS,TOTAL INGRESOS A TRÁMITE,AUTO ADMISORIO,25/03/2026 11:12,ORDINARIO,DECLARACIÓN DE NULIDAD DE ACTOS ADMINISTRATIVOS,Previsional,3,2do Juzgado de Trabajo
00466-2026-0-2301-JR-LA-02,466,2026,NUEVOS ADMITIDOS,TOTAL INGRESOS A TRÁMITE,AUTO ADMISORIO,26/03/2026 08:13,ORDINARIO,RESTABLECIMIENTO DEL DERECHO TUTELADO,Previsional,3,2do Juzgado de Trabajo
00424-2026-0-2301-JR-LA-02,424,2026,NUEVOS ADMITIDOS,TOTAL INGRESOS A TRÁMITE,AUTO ADMISORIO,25/03/2026 15:15,ORDINARIO,DECLARACIÓN DE NULIDAD DE ACTOS ADMINISTRATIVOS,Previsional,3,2do Juzgado de Trabajo
00116-2026-0-2301-JR-LA-01,116,2026,NUEVOS ADMITIDOS,TOTAL INGRESOS A TRÁMITE,AUTO ADMISORIO,25/03/2026 15:42,ORDINARIO,RESTABLECIMIENTO DEL DERECHO TUTELADO,Previsional,3,2do Juzgado de Trabajo
00115-2026-0-2301-JR-LA-03,115,2026,NUEVOS ADMITIDOS,TOTAL INGRESOS A TRÁMITE,AUTO ADMISORIO,10/03/2026 12:45,ORDINARIO,RESTABLECIMIENTO DEL DERECHO TUTELADO,Previsional,3,2do Juzgado de Trabajo
00198-2026-0-2301-JR-LA-04,198,2026,PENDIENTE EN TRÁMITE,TOTAL PENDIENTES AL MES ANTERIOR,AUTO ADMISORIO,24/02/2026 16:12,ORDINARIO,RECONOCIMIENTO DEL DERECHO TUTELADO,Contencioso Administrativo,3,4to Juzgado de Trabajo
00251-2026-0-2301-JR-LA-04,251,2026,PENDIENTE EN TRÁMITE,TOTAL PENDIENTES AL MES ANTERIOR,AUTO ADMISORIO,27/02/2026 16:27,ORDINARIO,DECLARACIÓN DE NULIDAD DE ACTOS ADMINISTRATIVOS,Contencioso Administrativo,3,4to Juzgado de Trabajo
00120-2026-0-2301-JR-LA-04,120,2026,PENDIENTE EN TRÁMITE,TOTAL PENDIENTES AL MES ANTERIOR,AUTO ADMISORIO,30/01/2026 14:55,ORDINARIO,RESTABLECIMIENTO DEL DERECHO TUTELADO,Contencioso Administrativo,3,4to Juzgado de Trabajo
01474-2025-0-2301-JR-LA-03,1474,2025,PENDIENTE EN TRÁMITE,TOTAL PENDIENTES AL MES ANTERIOR,CONTINUA EN TRAMITE (1RA INSTANCIA) (INV.202501),20/11/2025 15:53,ORDINARIO,RECONOCIMIENTO DEL DERECHO TUTELADO,Contencioso Administrativo,3,4to Juzgado de Trabajo
00256-2026-0-2301-JR-LA-04,256,2026,PENDIENTE EN TRÁMITE,TOTAL PENDIENTES AL MES ANTERIOR,AUTO ADMISORIO,27/02/2026 16:27,ORDINARIO,DECLARACIÓN DE NULIDAD DE ACTOS ADMINISTRATIVOS,Contencioso Administrativo,3,4to Juzgado de Trabajo
00258-2026-0-2301-JR-LA-04,258,2026,PENDIENTE EN TRÁMITE,TOTAL PENDIENTES AL MES ANTERIOR,AUTO ADMISORIO,27/02/2026 16:28,ORDINARIO,DECLARACIÓN DE NULIDAD DE ACTOS ADMINISTRATIVOS,Contencioso Administrativo,3,4to Juzgado de Trabajo
01210-2025-0-2301-JR-LA-04,1210,2025,PENDIENTE EN TRÁMITE,TOTAL PENDIENTES AL MES ANTERIOR,CONTINUA EN TRAMITE (1RA INSTANCIA) (INV.202501),22/08/2025 17:08,ORDINARIO,RECONOCIMIENTO DEL DERECHO TUTELADO,Contencioso Administrativo,3,4to Juzgado de Trabajo
00200-2026-0-2301-JR-LA-04,200,2026,PENDIENTE EN TRÁMITE,TOTAL PENDIENTES AL MES ANTERIOR,AUTO ADMISORIO,13/02/2026 08:29,ORDINARIO,DECLARACIÓN DE NULIDAD DE ACTOS ADMINISTRATIVOS,Contencioso Administrativo,3,4to Juzgado de Trabajo
00065-2026-0-2301-JR-LA-04,65,2026,PENDIENTE EN TRÁMITE,TOTAL PENDIENTES AL MES ANTERIOR,AUTO ADMISORIO,29/01/2026 08:41,ORDINARIO,RECONOCIMIENTO DEL DERECHO TUTELADO,Contencioso Administrativo,3,4to Juzgado de Trabajo
01430-2025-0-2301-JR-LA-04,1430,2025,PENDIENTE EN TRÁMITE,TOTAL PENDIENTES AL MES ANTERIOR,CONTINUA EN TRAMITE (1RA INSTANCIA) (INV.202501),04/12/2025 17:01,ORDINARIO,DECLARACIÓN DE NULIDAD DE ACTOS ADMINISTRATIVOS,Contencioso Administrativo,3,4to Juzgado de Trabajo
01833-2025-0-2301-JR-LA-04,1833,2025,PENDIENTE EN TRÁMITE,TOTAL PENDIENTES AL MES ANTERIOR,AUTO ADMISORIO (INV.202501),20/01/2026 15:03,ORDINARIO,DECLARACIÓN DE NULIDAD DE ACTOS ADMINISTRATIVOS,Contencioso Administrativo,3,4to Juzgado de Trabajo
00081-2026-0-2301-JR-LA-04,81,2026,PENDIENTE EN TRÁMITE,TOTAL PENDIENTES AL MES ANTERIOR,AUTO ADMISORIO,29/01/2026 08:42,ORDINARIO,RECONOCIMIENTO DEL DERECHO TUTELADO,Contencioso Administrativo,3,4to Juzgado de Trabajo
00759-2025-0-2301-JR-LA-04,759,2025,PENDIENTE EN TRÁMITE,TOTAL PENDIENTES AL MES ANTERIOR,CONTINUA EN TRAMITE (1RA INSTANCIA) (INV.202501),12/12/2025 16:36,ORDINARIO,DECLARACIÓN DE NULIDAD DE ACTOS ADMINISTRATIVOS,Contencioso Administrativo,3,4to Juzgado de Trabajo
00272-2026-0-2301-JR-LA-04,272,2026,PENDIENTE EN TRÁMITE,TOTAL PENDIENTES AL MES ANTERIOR,AUTO ADMISORIO,27/02/2026 09:12,ORDINARIO,CUMPLIMIENTO DE ACTUACIONES DISPUESTA POR ACTO ADMINISTRATIVO,Contencioso Administrativo,3,4to Juzgado de Trabajo
02380-2025-0-2301-JR-CI-01,2380,2025,PENDIENTE EN TRÁMITE,TOTAL PENDIENTES AL MES ANTERIOR,AUTO ADMISORIO (INV.202501),22/01/2026 08:14,ORDINARIO,RECONOCIMIENTO DEL DERECHO TUTELADO,Contencioso Administrativo,3,4to Juzgado de Trabajo
01675-2025-0-2301-JR-LA-04,1675,2025,PENDIENTE EN TRÁMITE,TOTAL PENDIENTES AL MES ANTERIOR,CONTINUA EN TRAMITE (1RA INSTANCIA) (INV.202501),23/12/2025 08:30,ORDINARIO,RECONOCIMIENTO DEL DERECHO TUTELADO,Contencioso Administrativo,3,4to Juzgado de Trabajo
00110-2026-0-2301-JR-LA-04,110,2026,PENDIENTE EN TRÁMITE,TOTAL PENDIENTES AL MES ANTERIOR,AUTO ADMISORIO,28/01/2026 09:50,ORDINARIO,DECLARACIÓN DE NULIDAD DE ACTOS ADMINISTRATIVOS,Contencioso Administrativo,3,4to Juzgado de Trabajo
00164-2026-0-2301-JR-LA-04,164,2026,PENDIENTE EN TRÁMITE,TOTAL PENDIENTES AL MES ANTERIOR,AUTO ADMISORIO,12/02/2026 08:45,URGENTE,CUMPLIMIENTO DE ACTUACIONES DISPUESTA POR ACTO ADMINISTRATIVO,Contencioso Administrativo,3,4to Juzgado de Trabajo
01213-2025-0-2301-JR-LA-04,1213,2025,PENDIENTE EN TRÁMITE,TOTAL PENDIENTES AL MES ANTERIOR,CONTINUA EN TRAMITE (1RA INSTANCIA) (INV.202501),22/09/2025 17:07,ORDINARIO,RESTABLECIMIENTO DEL DERECHO TUTELADO,Contencioso Administrativo,3,4to Juzgado de Trabajo
00238-2026-0-2301-JR-LA-04,238,2026,PENDIENTE EN TRÁMITE,TOTAL PENDIENTES AL MES ANTERIOR,AUTO ADMISORIO,26/02/2026 10:07,ORDINARIO,CUMPLIMIENTO DE ACTUACIONES DISPUESTA POR ACTO ADMINISTRATIVO,Contencioso Administrativo,3,4to Juzgado de Trabajo
00087-2026-0-2301-JR-LA-04,87,2026,PENDIENTE EN TRÁMITE,TOTAL PENDIENTES AL MES ANTERIOR,AUTO ADMISORIO,22/01/2026 12:52,URGENTE,CUMPLIMIENTO DE ACTUACIONES DISPUESTA POR LEY,Contencioso Administrativo,3,4to Juzgado de Trabajo
01490-2025-0-2301-JR-LA-03,1490,2025,PENDIENTE EN TRÁMITE,TOTAL PENDIENTES AL MES ANTERIOR,AUTO ADMISORIO (INV.202501),19/01/2026 09:46,ORDINARIO,DECLARACIÓN DE INEFICACIA DE ACTOS ADMINISTRATIVOS,Contencioso Administrativo,3,4to Juzgado de Trabajo
01749-2025-0-2301-JR-LA-04,1749,2025,PENDIENTE EN TRÁMITE,TOTAL PENDIENTES AL MES ANTERIOR,CONTINUA EN TRAMITE (1RA INSTANCIA) (INV.202501),23/12/2025 08:30,ORDINARIO,RECONOCIMIENTO DEL DERECHO TUTELADO,Contencioso Administrativo,3,4to Juzgado de Trabajo
00578-2025-0-2301-JR-LA-04,578,2025,PENDIENTE EN TRÁMITE,TOTAL PENDIENTES AL MES ANTERIOR,RECEPCION  DE SENTENCIA DE VISTA QUE ANULA A TRAMITE (INV.202501),16/01/2026 11:03,ORDINARIO,DECLARACIÓN DE NULIDAD DE ACTOS ADMINISTRATIVOS,Contencioso Administrativo,3,4to Juzgado de Trabajo
00010-2026-0-2301-JR-LA-04,10,2026,PENDIENTE EN TRÁMITE,TOTAL PENDIENTES AL MES ANTERIOR,AUTO ADMISORIO,12/01/2026 13:03,ORDINARIO,RECONOCIMIENTO DEL DERECHO TUTELADO,Contencioso Administrativo,3,4to Juzgado de Trabajo
00094-2026-0-2301-JR-LA-04,94,2026,PENDIENTE EN TRÁMITE,TOTAL PENDIENTES AL MES ANTERIOR,AUTO ADMISORIO,22/01/2026 12:52,ORDINARIO,RECONOCIMIENTO DEL DERECHO TUTELADO,Contencioso Administrativo,3,4to Juzgado de Trabajo
00625-2025-0-2301-JR-LA-04,625,2025,PENDIENTE EN TRÁMITE,TOTAL PENDIENTES AL MES ANTERIOR,RECEPCION  EN DEPENDENCIA POR APELACION - DEVOLUCION,07/01/2026 12:44,ORDINARIO,DECLARACIÓN DE NULIDAD DE ACTOS ADMINISTRATIVOS,Contencioso Administrativo,3,4to Juzgado de Trabajo
00208-2026-0-2301-JR-LA-04,208,2026,PENDIENTE EN TRÁMITE,TOTAL PENDIENTES AL MES ANTERIOR,AUTO ADMISORIO,26/02/2026 10:08,ORDINARIO,CUMPLIMIENTO DE ACTUACIONES DISPUESTA POR ACTO ADMINISTRATIVO,Contencioso Administrativo,3,4to Juzgado de Trabajo
00158-2026-0-2301-JR-LA-04,158,2026,PENDIENTE EN TRÁMITE,TOTAL PENDIENTES AL MES ANTERIOR,AUTO ADMISORIO,09/02/2026 08:30,ORDINARIO,RECONOCIMIENTO DEL DERECHO TUTELADO,Contencioso Administrativo,3,4to Juzgado de Trabajo
00003-2026-0-2301-JR-LA-04,3,2026,PENDIENTE EN TRÁMITE,TOTAL PENDIENTES AL MES ANTERIOR,AUTO ADMISORIO,27/01/2026 13:00,ORDINARIO,RECONOCIMIENTO DEL DERECHO TUTELADO,Contencioso Administrativo,3,4to Juzgado de Trabajo
00264-2026-0-2301-JR-LA-04,264,2026,PENDIENTE EN TRÁMITE,TOTAL PENDIENTES AL MES ANTERIOR,AUTO ADMISORIO,27/02/2026 09:14,URGENTE,CUMPLIMIENTO DE ACTUACIONES DISPUESTA POR ACTO ADMINISTRATIVO,Contencioso Administrativo,3,4to Juzgado de Trabajo
00052-2026-0-2301-JR-LA-04,52,2026,PENDIENTE EN TRÁMITE,TOTAL PENDIENTES AL MES ANTERIOR,AUTO ADMISORIO,20/01/2026 15:03,ORDINARIO,RECONOCIMIENTO DEL DERECHO TUTELADO,Contencioso Administrativo,3,4to Juzgado de Trabajo
00187-2026-0-2301-JR-LA-04,187,2026,PENDIENTE EN TRÁMITE,TOTAL PENDIENTES AL MES ANTERIOR,AUTO ADMISORIO,13/02/2026 08:30,ORDINARIO,RECONOCIMIENTO DEL DERECHO TUTELADO,Contencioso Administrativo,3,4to Juzgado de Trabajo
01158-2025-0-2301-JR-LA-04,1158,2025,PENDIENTE EN TRÁMITE,TOTAL PENDIENTES AL MES ANTERIOR,CONTINUA EN TRAMITE (1RA INSTANCIA) (INV.202501),13/08/2025 16:26,ORDINARIO,DECLARACIÓN DE NULIDAD DE ACTOS ADMINISTRATIVOS,Contencioso Administrativo,3,4to Juzgado de Trabajo
00172-2025-0-2301-JR-LA-04,172,2025,PENDIENTE EN TRÁMITE,TOTAL PENDIENTES AL MES ANTERIOR,CONTINUA EN TRAMITE (1RA INSTANCIA) (INV.202501),30/12/2025 10:44,ORDINARIO,DECLARACIÓN DE NULIDAD DE ACTOS ADMINISTRATIVOS,Contencioso Administrativo,3,4to Juzgado de Trabajo
00194-2026-0-2301-JR-LA-04,194,2026,PENDIENTE EN TRÁMITE,TOTAL PENDIENTES AL MES ANTERIOR,AUTO ADMISORIO,13/02/2026 08:29,URGENTE,CUMPLIMIENTO DE ACTUACIONES DISPUESTA POR ACTO ADMINISTRATIVO,Contencioso Administrativo,3,4to Juzgado de Trabajo
01842-2025-0-2301-JR-LA-04,1842,2025,PENDIENTE EN TRÁMITE,TOTAL PENDIENTES AL MES ANTERIOR,CONTINUA EN TRAMITE (1RA INSTANCIA) (INV.202501),24/12/2025 14:52,ORDINARIO,RELATIVAS A MATERIA PREVISIONAL,Contencioso Administrativo,3,4to Juzgado de Trabajo
01576-2024-0-2301-JR-LA-01,1576,2024,PENDIENTE EN TRÁMITE,TOTAL PENDIENTES AL MES ANTERIOR,RECEPCION  DE SENTENCIA DE VISTA QUE ANULA A TRAMITE (INV.202501),13/01/2026 15:40,ORDINARIO,DECLARACIÓN DE NULIDAD DE ACTOS ADMINISTRATIVOS,Contencioso Administrativo,3,4to Juzgado de Trabajo
00176-2026-0-2301-JR-LA-04,176,2026,PENDIENTE EN TRÁMITE,TOTAL PENDIENTES AL MES ANTERIOR,AUTO ADMISORIO,12/02/2026 08:44,ORDINARIO,DECLARACIÓN DE NULIDAD DE ACTOS ADMINISTRATIVOS,Contencioso Administrativo,3,4to Juzgado de Trabajo
00203-2026-0-2301-JR-LA-04,203,2026,PENDIENTE EN TRÁMITE,TOTAL PENDIENTES AL MES ANTERIOR,AUTO ADMISORIO,13/02/2026 16:28,ORDINARIO,DECLARACIÓN DE NULIDAD DE ACTOS ADMINISTRATIVOS,Contencioso Administrativo,3,4to Juzgado de Trabajo
01276-2025-0-2301-JR-LA-01,1276,2025,PENDIENTE EN TRÁMITE,TOTAL PENDIENTES AL MES ANTERIOR,CONTINUA EN TRAMITE (1RA INSTANCIA) (INV.202501),16/12/2025 17:22,ORDINARIO,DECLARACIÓN DE INEFICACIA DE ACTOS ADMINISTRATIVOS,Contencioso Administrativo,3,4to Juzgado de Trabajo
00867-2025-0-2301-JR-LA-04,867,2025,PENDIENTE EN TRÁMITE,TOTAL PENDIENTES AL MES ANTERIOR,CONTINUA EN TRAMITE (1RA INSTANCIA) (INV.202501),30/12/2025 10:53,ORDINARIO,DECLARACIÓN DE NULIDAD DE ACTOS ADMINISTRATIVOS,Contencioso Administrativo,3,4to Juzgado de Trabajo
00242-2026-0-2301-JR-LA-04,242,2026,PENDIENTE EN TRÁMITE,TOTAL PENDIENTES AL MES ANTERIOR,AUTO ADMISORIO,24/02/2026 08:14,ORDINARIO,DECLARACIÓN DE NULIDAD DE ACTOS ADMINISTRATIVOS,Contencioso Administrativo,3,4to Juzgado de Trabajo
00240-2026-0-2301-JR-LA-04,240,2026,PENDIENTE EN TRÁMITE,TOTAL PENDIENTES AL MES ANTERIOR,AUTO ADMISORIO,27/02/2026 16:29,ORDINARIO,DECLARACIÓN DE NULIDAD DE ACTOS ADMINISTRATIVOS,Contencioso Administrativo,3,4to Juzgado de Trabajo
00224-2026-0-2301-JR-LA-04,224,2026,PENDIENTE EN TRÁMITE,TOTAL PENDIENTES AL MES ANTERIOR,AUTO ADMISORIO,24/02/2026 16:38,ORDINARIO,RECONOCIMIENTO DEL DERECHO TUTELADO,Contencioso Administrativo,3,4to Juzgado de Trabajo
00136-2026-0-2301-JR-LA-04,136,2026,PENDIENTE EN TRÁMITE,TOTAL PENDIENTES AL MES ANTERIOR,AUTO ADMISORIO,30/01/2026 11:33,URGENTE,CUMPLIMIENTO DE ACTUACIONES DISPUESTA POR LEY,Contencioso Administrativo,3,4to Juzgado de Trabajo
00180-2026-0-2301-JR-LA-04,180,2026,PENDIENTE EN TRÁMITE,TOTAL PENDIENTES AL MES ANTERIOR,AUTO ADMISORIO,12/02/2026 08:44,ORDINARIO,DECLARACIÓN DE NULIDAD DE ACTOS ADMINISTRATIVOS,Contencioso Administrativo,3,4to Juzgado de Trabajo
00035-2026-0-2301-JR-LA-04,35,2026,PENDIENTE EN TRÁMITE,TOTAL PENDIENTES AL MES ANTERIOR,AUTO ADMISORIO,12/01/2026 13:04,ORDINARIO,RECONOCIMIENTO DEL DERECHO TUTELADO,Contencioso Administrativo,3,4to Juzgado de Trabajo
00124-2026-0-2301-JR-LA-04,124,2026,PENDIENTE EN TRÁMITE,TOTAL PENDIENTES AL MES ANTERIOR,AUTO ADMISORIO,29/01/2026 10:39,URGENTE,CUMPLIMIENTO DE ACTUACIONES DISPUESTA POR LEY,Contencioso Administrativo,3,4to Juzgado de Trabajo
01851-2025-0-2301-JR-LA-03,1851,2025,PENDIENTE EN TRÁMITE,TOTAL PENDIENTES AL MES ANTERIOR,AUTO ADMISORIO,12/01/2026 16:17,ORDINARIO,RECONOCIMIENTO DEL DERECHO TUTELADO,Contencioso Administrativo,3,4to Juzgado de Trabajo
00154-2026-0-2301-JR-LA-04,154,2026,PENDIENTE EN TRÁMITE,TOTAL PENDIENTES AL MES ANTERIOR,AUTO ADMISORIO,24/02/2026 16:14,ORDINARIO,CUMPLIMIENTO DE ACTUACIONES DISPUESTA POR ACTO ADMINISTRATIVO,Contencioso Administrativo,3,4to Juzgado de Trabajo
00276-2026-0-2301-JR-LA-04,276,2026,PENDIENTE EN TRÁMITE,TOTAL PENDIENTES AL MES ANTERIOR,AUTO ADMISORIO,27/02/2026 16:28,ORDINARIO,DECLARACIÓN DE NULIDAD DE ACTOS ADMINISTRATIVOS,Contencioso Administrativo,3,4to Juzgado de Trabajo
00532-2025-0-2301-JR-LA-04,532,2025,PENDIENTE EN TRÁMITE,TOTAL PENDIENTES AL MES ANTERIOR,CONTINUA EN TRAMITE (1RA INSTANCIA) (INV.202501),28/04/2025 09:58,ORDINARIO,DECLARACIÓN DE NULIDAD DE ACTOS ADMINISTRATIVOS,Contencioso Administrativo,3,4to Juzgado de Trabajo
00077-2026-0-2301-JR-LA-04,77,2026,PENDIENTE EN TRÁMITE,TOTAL PENDIENTES AL MES ANTERIOR,AUTO ADMISORIO,21/01/2026 15:24,ORDINARIO,DECLARACIÓN DE INEFICACIA DE ACTOS ADMINISTRATIVOS,Contencioso Administrativo,3,4to Juzgado de Trabajo
00005-2026-0-2301-JR-LA-04,5,2026,PENDIENTE EN TRÁMITE,TOTAL PENDIENTES AL MES ANTERIOR,AUTO ADMISORIO,12/01/2026 16:17,ORDINARIO,DECLARACIÓN DE NULIDAD DE ACTOS ADMINISTRATIVOS,Contencioso Administrativo,3,4to Juzgado de Trabajo
00091-2026-0-2301-JR-LA-04,91,2026,PENDIENTE EN TRÁMITE,TOTAL PENDIENTES AL MES ANTERIOR,AUTO ADMISORIO,26/02/2026 10:10,ORDINARIO,RECONOCIMIENTO DEL DERECHO TUTELADO,Contencioso Administrativo,3,4to Juzgado de Trabajo
01638-2025-0-2301-JR-LA-04,1638,2025,PENDIENTE EN TRÁMITE,TOTAL PENDIENTES AL MES ANTERIOR,CONTINUA EN TRAMITE (1RA INSTANCIA) (INV.202501),20/11/2025 15:53,ORDINARIO,DECLARACIÓN DE NULIDAD DE ACTOS ADMINISTRATIVOS,Contencioso Administrativo,3,4to Juzgado de Trabajo
00166-2026-0-2301-JR-LA-04,166,2026,PENDIENTE EN TRÁMITE,TOTAL PENDIENTES AL MES ANTERIOR,AUTO ADMISORIO,10/02/2026 09:05,ORDINARIO,DECLARACIÓN DE INEFICACIA DE ACTOS ADMINISTRATIVOS,Contencioso Administrativo,3,4to Juzgado de Trabajo
00114-2025-0-2301-JR-LA-03,114,2025,PENDIENTE EN TRÁMITE,TOTAL PENDIENTES AL MES ANTERIOR,CONTINUA EN TRAMITE (1RA INSTANCIA) (INV.202501),31/12/2025 10:14,ORDINARIO,RECONOCIMIENTO DEL DERECHO TUTELADO,Contencioso Administrativo,3,4to Juzgado de Trabajo
01825-2025-0-2301-JR-LA-04,1825,2025,PENDIENTE EN TRÁMITE,TOTAL PENDIENTES AL MES ANTERIOR,AUTO ADMISORIO (INV.202501),20/01/2026 15:03,ORDINARIO,DECLARACIÓN DE NULIDAD DE ACTOS ADMINISTRATIVOS,Contencioso Administrativo,3,4to Juzgado de Trabajo
00189-2026-0-2301-JR-LA-04,189,2026,PENDIENTE EN TRÁMITE,TOTAL PENDIENTES AL MES ANTERIOR,AUTO ADMISORIO,24/02/2026 16:08,ORDINARIO,RECONOCIMIENTO DEL DERECHO TUTELADO,Contencioso Administrativo,3,4to Juzgado de Trabajo
01894-2025-0-2301-JR-LA-04,1894,2025,PENDIENTE EN TRÁMITE,TOTAL PENDIENTES AL MES ANTERIOR,AUTO ADMISORIO (INV.202501),13/01/2026 09:07,ORDINARIO,RECONOCIMIENTO DEL DERECHO TUTELADO,Contencioso Administrativo,3,4to Juzgado de Trabajo
00978-2025-0-2301-JR-LA-04,978,2025,PENDIENTE EN TRÁMITE,TOTAL PENDIENTES AL MES ANTERIOR,RECEPCION  EN DEPENDENCIA POR APELACION - DEVOLUCION,15/01/2026 15:50,ORDINARIO,DECLARACIÓN DE NULIDAD DE ACTOS ADMINISTRATIVOS,Contencioso Administrativo,3,4to Juzgado de Trabajo
01868-2025-0-2301-JR-LA-04,1868,2025,PENDIENTE EN TRÁMITE,TOTAL PENDIENTES AL MES ANTERIOR,CONTINUA EN TRAMITE (1RA INSTANCIA) (INV.202501),24/12/2025 14:52,ORDINARIO,RECONOCIMIENTO DEL DERECHO TUTELADO,Contencioso Administrativo,3,4to Juzgado de Trabajo
00783-2016-0-2301-JR-LA-02,783,2016,PENDIENTE EN TRÁMITE,TOTAL PENDIENTES AL MES ANTERIOR,RECEPCION  EN DEPENDENCIA POR APELACION - DEVOLUCION,13/01/2026 12:43,ORDINARIO,RECONOCIMIENTO DEL DERECHO TUTELADO,Contencioso Administrativo,3,4to Juzgado de Trabajo
01773-2025-0-2301-JR-LA-04,1773,2025,PENDIENTE EN TRÁMITE,TOTAL PENDIENTES AL MES ANTERIOR,CONTINUA EN TRAMITE (1RA INSTANCIA) (INV.202501),30/12/2025 09:44,ORDINARIO,DECLARACIÓN DE NULIDAD DE ACTOS ADMINISTRATIVOS,Contencioso Administrativo,3,4to Juzgado de Trabajo
00013-2026-0-2301-JR-LA-04,13,2026,PENDIENTE EN TRÁMITE,TOTAL PENDIENTES AL MES ANTERIOR,AUTO ADMISORIO,23/01/2026 12:39,ORDINARIO,RECONOCIMIENTO DEL DERECHO TUTELADO,Contencioso Administrativo,3,4to Juzgado de Trabajo
00024-2026-0-2301-JR-LA-04,24,2026,PENDIENTE EN TRÁMITE,TOTAL PENDIENTES AL MES ANTERIOR,AUTO ADMISORIO,12/01/2026 13:03,ORDINARIO,RECONOCIMIENTO DEL DERECHO TUTELADO,Contencioso Administrativo,3,4to Juzgado de Trabajo
01916-2025-0-2301-JR-LA-04,1916,2025,PENDIENTE EN TRÁMITE,TOTAL PENDIENTES AL MES ANTERIOR,AUTO ADMISORIO (INV.202501),13/01/2026 09:07,ORDINARIO,DECLARACIÓN DE NULIDAD DE ACTOS ADMINISTRATIVOS,Contencioso Administrativo,3,4to Juzgado de Trabajo
00174-2026-0-2301-JR-LA-04,174,2026,PENDIENTE EN TRÁMITE,TOTAL PENDIENTES AL MES ANTERIOR,AUTO ADMISORIO,13/02/2026 08:31,ORDINARIO,RECONOCIMIENTO DEL DERECHO TUTELADO,Contencioso Administrativo,3,4to Juzgado de Trabajo
02386-2025-0-2301-JR-CI-02,2386,2025,PENDIENTE EN TRÁMITE,TOTAL PENDIENTES AL MES ANTERIOR,AUTO ADMISORIO,26/01/2026 16:03,ORDINARIO,DECLARACIÓN DE NULIDAD DE ACTOS ADMINISTRATIVOS,Contencioso Administrativo,3,4to Juzgado de Trabajo
00098-2026-0-2301-JR-LA-04,98,2026,PENDIENTE EN TRÁMITE,TOTAL PENDIENTES AL MES ANTERIOR,AUTO ADMISORIO,30/01/2026 12:14,ORDINARIO,RECONOCIMIENTO DEL DERECHO TUTELADO,Contencioso Administrativo,3,4to Juzgado de Trabajo
00067-2026-0-2301-JR-LA-04,67,2026,PENDIENTE EN TRÁMITE,TOTAL PENDIENTES AL MES ANTERIOR,AUTO ADMISORIO,19/01/2026 17:48,ORDINARIO,RECONOCIMIENTO DEL DERECHO TUTELADO,Contencioso Administrativo,3,4to Juzgado de Trabajo
00083-2026-0-2301-JR-LA-04,83,2026,PENDIENTE EN TRÁMITE,TOTAL PENDIENTES AL MES ANTERIOR,AUTO ADMISORIO,22/01/2026 12:52,ORDINARIO,RECONOCIMIENTO DEL DERECHO TUTELADO,Contencioso Administrativo,3,4to Juzgado de Trabajo
01806-2025-0-2301-JR-LA-04,1806,2025,PENDIENTE EN TRÁMITE,TOTAL PENDIENTES AL MES ANTERIOR,CONTINUA EN TRAMITE (1RA INSTANCIA) (INV.202501),23/12/2025 08:31,ORDINARIO,DECLARACIÓN DE NULIDAD DE ACTOS ADMINISTRATIVOS,Contencioso Administrativo,3,4to Juzgado de Trabajo
01553-2025-0-2301-JR-LA-04,1553,2025,PENDIENTE EN TRÁMITE,TOTAL PENDIENTES AL MES ANTERIOR,AUTO DE SANEAMIENTO QUE NO CONCLUYE EL PROCESO (INV.202501),23/01/2026 12:22,ORDINARIO,DECLARACIÓN DE NULIDAD DE ACTOS ADMINISTRATIVOS,Contencioso Administrativo,3,4to Juzgado de Trabajo
01633-2025-0-2301-JR-LA-04,1633,2025,PENDIENTE EN TRÁMITE,TOTAL PENDIENTES AL MES ANTERIOR,AUTO DE SANEAMIENTO QUE NO CONCLUYE EL PROCESO (INV.202501),26/01/2026 17:54,ORDINARIO,RECONOCIMIENTO DEL DERECHO TUTELADO,Contencioso Administrativo,3,4to Juzgado de Trabajo
01566-2025-0-2301-JR-LA-01,1566,2025,PENDIENTE EN TRÁMITE,TOTAL PENDIENTES AL MES ANTERIOR,CONTINUA EN TRAMITE (POR SENTENCIAR) (INV.202501),11/12/2025 13:21,ORDINARIO,RECONOCIMIENTO DEL DERECHO TUTELADO,Contencioso Administrativo,3,4to Juzgado de Trabajo
00073-2026-0-2301-JR-LA-04,73,2026,PENDIENTE EN TRÁMITE,TOTAL PENDIENTES AL MES ANTERIOR,AUTO DE SANEAMIENTO QUE NO CONCLUYE EL PROCESO,06/02/2026 08:46,ORDINARIO,RECONOCIMIENTO DEL DERECHO TUTELADO,Contencioso Administrativo,3,4to Juzgado de Trabajo
00015-2026-0-2301-JR-LA-04,15,2026,PENDIENTE EN TRÁMITE,TOTAL PENDIENTES AL MES ANTERIOR,AUTO DE SANEAMIENTO QUE NO CONCLUYE EL PROCESO,29/01/2026 14:55,ORDINARIO,DECLARACIÓN DE NULIDAD DE ACTOS ADMINISTRATIVOS,Contencioso Administrativo,3,4to Juzgado de Trabajo
01737-2025-0-2301-JR-LA-04,1737,2025,PENDIENTE EN TRÁMITE,TOTAL PENDIENTES AL MES ANTERIOR,AUTO DE SANEAMIENTO QUE NO CONCLUYE EL PROCESO (INV.202501),22/01/2026 17:31,ORDINARIO,DECLARACIÓN DE NULIDAD DE ACTOS ADMINISTRATIVOS,Contencioso Administrativo,3,4to Juzgado de Trabajo
00834-2024-0-2301-JR-LA-01,834,2024,PENDIENTE EN TRÁMITE,TOTAL PENDIENTES AL MES ANTERIOR,CONTINUA EN TRAMITE (POR SENTENCIAR) (INV.202501),11/11/2025 15:49,ORDINARIO,DECLARACIÓN DE INEFICACIA DE ACTOS ADMINISTRATIVOS,Contencioso Administrativo,3,4to Juzgado de Trabajo
01517-2025-0-2301-JR-LA-04,1517,2025,PENDIENTE EN TRÁMITE,TOTAL PENDIENTES AL MES ANTERIOR,AUTO DE SANEAMIENTO QUE NO CONCLUYE EL PROCESO (INV.202501),06/01/2026 16:21,ORDINARIO,DECLARACIÓN DE NULIDAD DE ACTOS ADMINISTRATIVOS,Contencioso Administrativo,3,4to Juzgado de Trabajo
01809-2025-0-2301-JR-LA-04,1809,2025,PENDIENTE EN TRÁMITE,TOTAL PENDIENTES AL MES ANTERIOR,DECRETO PUESTO A DESPACHO PARA SENTENCIAR(ULTIMA SENTENCIA) (INV.202501),22/01/2026 11:51,ORDINARIO,DECLARACIÓN DE NULIDAD DE ACTOS ADMINISTRATIVOS,Contencioso Administrativo,3,4to Juzgado de Trabajo
00027-2026-0-2301-JR-LA-04,27,2026,PENDIENTE EN TRÁMITE,TOTAL PENDIENTES AL MES ANTERIOR,AUTO DE SANEAMIENTO QUE NO CONCLUYE EL PROCESO,05/02/2026 16:48,ORDINARIO,DECLARACIÓN DE NULIDAD DE ACTOS ADMINISTRATIVOS,Contencioso Administrativo,3,4to Juzgado de Trabajo
00156-2026-0-2301-JR-LA-04,156,2026,PENDIENTE EN TRÁMITE,TOTAL PENDIENTES AL MES ANTERIOR,AUTO DE SANEAMIENTO QUE NO CONCLUYE EL PROCESO,27/02/2026 08:17,ORDINARIO,DECLARACIÓN DE NULIDAD DE ACTOS ADMINISTRATIVOS,Contencioso Administrativo,3,4to Juzgado de Trabajo
01151-2024-0-2301-JR-LA-04,1151,2024,PENDIENTE EN TRÁMITE,TOTAL PENDIENTES AL MES ANTERIOR,CONTINUA EN TRAMITE (POR SENTENCIAR) (INV.202501),28/10/2025 16:12,ORDINARIO,RECONOCIMIENTO DEL DERECHO TUTELADO,Contencioso Administrativo,3,4to Juzgado de Trabajo
00727-2025-0-2301-JR-LA-04,727,2025,PENDIENTE EN TRÁMITE,TOTAL PENDIENTES AL MES ANTERIOR,CONTINUA EN TRAMITE (POR SENTENCIAR) (INV.202501),12/09/2025 16:58,ORDINARIO,DECLARACIÓN DE NULIDAD DE ACTOS ADMINISTRATIVOS,Contencioso Administrativo,3,4to Juzgado de Trabajo
01735-2025-0-2301-JR-LA-04,1735,2025,PENDIENTE EN TRÁMITE,TOTAL PENDIENTES AL MES ANTERIOR,CONTINUA EN TRAMITE (POR SENTENCIAR) (INV.202501),30/12/2025 09:45,ORDINARIO,DECLARACIÓN DE NULIDAD DE ACTOS ADMINISTRATIVOS,Contencioso Administrativo,3,4to Juzgado de Trabajo
01914-2025-0-2301-JR-LA-04,1914,2025,PENDIENTE EN TRÁMITE,TOTAL PENDIENTES AL MES ANTERIOR,AUTO DE SANEAMIENTO QUE NO CONCLUYE EL PROCESO (INV.202501),10/02/2026 16:33,ORDINARIO,DECLARACIÓN DE NULIDAD DE ACTOS ADMINISTRATIVOS,Contencioso Administrativo,3,4to Juzgado de Trabajo
01683-2025-0-2301-JR-LA-04,1683,2025,PENDIENTE EN TRÁMITE,TOTAL PENDIENTES AL MES ANTERIOR,AUTO DE SANEAMIENTO QUE NO CONCLUYE EL PROCESO (INV.202501),13/01/2026 17:56,ORDINARIO,DECLARACIÓN DE NULIDAD DE ACTOS ADMINISTRATIVOS,Contencioso Administrativo,3,4to Juzgado de Trabajo
01732-2025-0-2301-JR-LA-04,1732,2025,PENDIENTE EN TRÁMITE,TOTAL PENDIENTES AL MES ANTERIOR,AUTO DE SANEAMIENTO QUE NO CONCLUYE EL PROCESO (INV.202501),19/02/2026 16:47,ORDINARIO,DECLARACIÓN DE NULIDAD DE ACTOS ADMINISTRATIVOS,Contencioso Administrativo,3,4to Juzgado de Trabajo
01087-2025-0-2301-JR-LA-04,1087,2025,PENDIENTE EN TRÁMITE,TOTAL PENDIENTES AL MES ANTERIOR,CONTINUA EN TRAMITE (POR SENTENCIAR) (INV.202501),07/11/2025 11:07,ORDINARIO,DECLARACIÓN DE NULIDAD DE ACTOS ADMINISTRATIVOS,Contencioso Administrativo,3,4to Juzgado de Trabajo
01871-2025-0-2301-JR-LA-04,1871,2025,PENDIENTE EN TRÁMITE,TOTAL PENDIENTES AL MES ANTERIOR,AUTO DE SANEAMIENTO QUE NO CONCLUYE EL PROCESO (INV.202501),19/02/2026 16:44,ORDINARIO,RECONOCIMIENTO DEL DERECHO TUTELADO,Contencioso Administrativo,3,4to Juzgado de Trabajo
01896-2025-0-2301-JR-LA-04,1896,2025,PENDIENTE EN TRÁMITE,TOTAL PENDIENTES AL MES ANTERIOR,AUTO DE SANEAMIENTO QUE NO CONCLUYE EL PROCESO (INV.202501),30/01/2026 16:14,ORDINARIO,RECONOCIMIENTO DEL DERECHO TUTELADO,Contencioso Administrativo,3,4to Juzgado de Trabajo
00569-2025-0-2301-JR-LA-04,569,2025,PENDIENTE EN TRÁMITE,TOTAL PENDIENTES AL MES ANTERIOR,CONTINUA EN TRAMITE (POR SENTENCIAR) (INV.202501),11/09/2025 13:15,ORDINARIO,DECLARACIÓN DE NULIDAD DE ACTOS ADMINISTRATIVOS,Contencioso Administrativo,3,4to Juzgado de Trabajo
01561-2025-0-2301-JR-LA-03,1561,2025,PENDIENTE EN TRÁMITE,TOTAL PENDIENTES AL MES ANTERIOR,CONTINUA EN TRAMITE (POR SENTENCIAR) (INV.202501),05/12/2025 16:54,ORDINARIO,RECONOCIMIENTO DEL DERECHO TUTELADO,Contencioso Administrativo,3,4to Juzgado de Trabajo
01692-2025-0-2301-JR-LA-04,1692,2025,PENDIENTE EN TRÁMITE,TOTAL PENDIENTES AL MES ANTERIOR,CONTINUA EN TRAMITE (POR SENTENCIAR) (INV.202501),17/12/2025 15:51,ORDINARIO,DECLARACIÓN DE NULIDAD DE ACTOS ADMINISTRATIVOS,Contencioso Administrativo,3,4to Juzgado de Trabajo
01446-2025-0-2301-JR-LA-04,1446,2025,PENDIENTE EN TRÁMITE,TOTAL PENDIENTES AL MES ANTERIOR,CONTINUA EN TRAMITE (POR SENTENCIAR) (INV.202501),18/11/2025 15:39,ORDINARIO,DECLARACIÓN DE NULIDAD DE ACTOS ADMINISTRATIVOS,Contencioso Administrativo,3,4to Juzgado de Trabajo
01999-2025-0-2301-JR-CI-03,1999,2025,PENDIENTE EN TRÁMITE,TOTAL PENDIENTES AL MES ANTERIOR,AUTO DE SANEAMIENTO QUE NO CONCLUYE EL PROCESO (INV.202501),27/02/2026 08:01,ORDINARIO,DECLARACIÓN DE NULIDAD DE ACTOS ADMINISTRATIVOS,Contencioso Administrativo,3,4to Juzgado de Trabajo
00551-2025-0-2301-JR-LA-04,551,2025,PENDIENTE EN TRÁMITE,TOTAL PENDIENTES AL MES ANTERIOR,CONTINUA EN TRAMITE (POR SENTENCIAR) (INV.202501),04/11/2025 09:50,ORDINARIO,DECLARACIÓN DE NULIDAD DE ACTOS ADMINISTRATIVOS,Contencioso Administrativo,3,4to Juzgado de Trabajo
00001-2026-0-2301-JR-LA-04,1,2026,PENDIENTE EN TRÁMITE,TOTAL PENDIENTES AL MES ANTERIOR,AUTO DE SANEAMIENTO QUE NO CONCLUYE EL PROCESO,20/02/2026 16:17,ORDINARIO,DECLARACIÓN DE NULIDAD DE ACTOS ADMINISTRATIVOS,Contencioso Administrativo,3,4to Juzgado de Trabajo
01845-2025-0-2301-JR-LA-04,1845,2025,PENDIENTE EN TRÁMITE,TOTAL PENDIENTES AL MES ANTERIOR,AUTO DE SANEAMIENTO QUE NO CONCLUYE EL PROCESO (INV.202501),28/01/2026 16:01,ORDINARIO,DECLARACIÓN DE NULIDAD DE ACTOS ADMINISTRATIVOS,Contencioso Administrativo,3,4to Juzgado de Trabajo
01823-2025-0-2301-JR-LA-04,1823,2025,PENDIENTE EN TRÁMITE,TOTAL PENDIENTES AL MES ANTERIOR,AUTO DE SANEAMIENTO QUE NO CONCLUYE EL PROCESO (INV.202501),28/01/2026 10:09,ORDINARIO,RECONOCIMIENTO DEL DERECHO TUTELADO,Contencioso Administrativo,3,4to Juzgado de Trabajo
01183-2025-0-2301-JR-LA-04,1183,2025,PENDIENTE EN TRÁMITE,TOTAL PENDIENTES AL MES ANTERIOR,CONTINUA EN TRAMITE (POR SENTENCIAR) (INV.202501),15/12/2025 15:34,ORDINARIO,CUMPLIMIENTO DE ACTUACIONES DISPUESTA POR ACTO ADMINISTRATIVO,Contencioso Administrativo,3,4to Juzgado de Trabajo
00731-2025-0-2301-JR-CI-04,731,2025,PENDIENTE EN TRÁMITE,TOTAL PENDIENTES AL MES ANTERIOR,CONTINUA EN TRAMITE (POR SENTENCIAR) (INV.202501),19/09/2025 16:55,ORDINARIO,DECLARACIÓN DE NULIDAD DE ACTOS ADMINISTRATIVOS,Contencioso Administrativo,3,4to Juzgado de Trabajo
01678-2025-0-2301-JR-LA-04,1678,2025,PENDIENTE EN TRÁMITE,TOTAL PENDIENTES AL MES ANTERIOR,CONTINUA EN TRAMITE (POR SENTENCIAR) (INV.202501),17/12/2025 16:46,ORDINARIO,RECONOCIMIENTO DEL DERECHO TUTELADO,Contencioso Administrativo,3,4to Juzgado de Trabajo
01459-2025-0-2301-JR-LA-04,1459,2025,PENDIENTE EN TRÁMITE,TOTAL PENDIENTES AL MES ANTERIOR,CONTINUA EN TRAMITE (POR SENTENCIAR) (INV.202501),23/12/2025 16:59,ORDINARIO,DECLARACIÓN DE NULIDAD DE ACTOS ADMINISTRATIVOS,Contencioso Administrativo,3,4to Juzgado de Trabajo
00134-2026-0-2301-JR-LA-04,134,2026,PENDIENTE EN TRÁMITE,TOTAL PENDIENTES AL MES ANTERIOR,AUTO DE SANEAMIENTO QUE NO CONCLUYE EL PROCESO,19/02/2026 16:53,ORDINARIO,CUMPLIMIENTO DE ACTUACIONES DISPUESTA POR ACTO ADMINISTRATIVO,Contencioso Administrativo,3,4to Juzgado de Trabajo
01907-2025-0-2301-JR-LA-04,1907,2025,PENDIENTE EN TRÁMITE,TOTAL PENDIENTES AL MES ANTERIOR,AUTO DE SANEAMIENTO QUE NO CONCLUYE EL PROCESO (INV.202501),27/01/2026 15:38,ORDINARIO,CUMPLIMIENTO DE ACTUACIONES DISPUESTA POR ACTO ADMINISTRATIVO,Contencioso Administrativo,3,4to Juzgado de Trabajo
01661-2025-0-2301-JR-LA-04,1661,2025,PENDIENTE EN TRÁMITE,TOTAL PENDIENTES AL MES ANTERIOR,AUTO DE SANEAMIENTO QUE NO CONCLUYE EL PROCESO (INV.202501),22/01/2026 17:33,ORDINARIO,RECONOCIMIENTO DEL DERECHO TUTELADO,Contencioso Administrativo,3,4to Juzgado de Trabajo
00085-2026-0-2301-JR-LA-04,85,2026,PENDIENTE EN TRÁMITE,TOTAL PENDIENTES AL MES ANTERIOR,AUTO DE SANEAMIENTO QUE NO CONCLUYE EL PROCESO,11/02/2026 16:49,ORDINARIO,RECONOCIMIENTO DEL DERECHO TUTELADO,Contencioso Administrativo,3,4to Juzgado de Trabajo
01304-2025-0-2301-JR-LA-04,1304,2025,PENDIENTE EN TRÁMITE,TOTAL PENDIENTES AL MES ANTERIOR,AUTO DE SANEAMIENTO QUE NO CONCLUYE EL PROCESO (INV.202501),28/01/2026 16:46,ORDINARIO,DECLARACIÓN DE NULIDAD DE ACTOS ADMINISTRATIVOS,Contencioso Administrativo,3,4to Juzgado de Trabajo
01600-2025-0-2301-JR-LA-04,1600,2025,PENDIENTE EN TRÁMITE,TOTAL PENDIENTES AL MES ANTERIOR,CONTINUA EN TRAMITE (POR SENTENCIAR) (INV.202501),04/12/2025 17:00,ORDINARIO,DECLARACIÓN DE NULIDAD DE ACTOS ADMINISTRATIVOS,Contencioso Administrativo,3,4to Juzgado de Trabajo
01852-2025-0-2301-JR-LA-01,1852,2025,PENDIENTE EN TRÁMITE,TOTAL PENDIENTES AL MES ANTERIOR,AUTO DE SANEAMIENTO QUE NO CONCLUYE EL PROCESO,11/02/2026 16:48,ORDINARIO,RECONOCIMIENTO DEL DERECHO TUTELADO,Contencioso Administrativo,3,4to Juzgado de Trabajo
01503-2025-0-2301-JR-LA-04,1503,2025,PENDIENTE EN TRÁMITE,TOTAL PENDIENTES AL MES ANTERIOR,CONTINUA EN TRAMITE (POR SENTENCIAR) (INV.202501),24/11/2025 16:48,ORDINARIO,DECLARACIÓN DE NULIDAD DE ACTOS ADMINISTRATIVOS,Contencioso Administrativo,3,4to Juzgado de Trabajo
01866-2025-0-2301-JR-LA-01,1866,2025,PENDIENTE EN TRÁMITE,TOTAL PENDIENTES AL MES ANTERIOR,AUTO DE SANEAMIENTO QUE NO CONCLUYE EL PROCESO,29/01/2026 11:39,ORDINARIO,RECONOCIMIENTO DEL DERECHO TUTELADO,Contencioso Administrativo,3,4to Juzgado de Trabajo
01753-2025-0-2301-JR-LA-04,1753,2025,PENDIENTE EN TRÁMITE,TOTAL PENDIENTES AL MES ANTERIOR,AUTO DE SANEAMIENTO QUE NO CONCLUYE EL PROCESO (INV.202501),26/01/2026 17:55,ORDINARIO,RECONOCIMIENTO DEL DERECHO TUTELADO,Contencioso Administrativo,3,4to Juzgado de Trabajo
01513-2025-0-2301-JR-LA-04,1513,2025,PENDIENTE EN TRÁMITE,TOTAL PENDIENTES AL MES ANTERIOR,CONTINUA EN TRAMITE (POR SENTENCIAR) (INV.202501),23/12/2025 16:58,ORDINARIO,DECLARACIÓN DE NULIDAD DE ACTOS ADMINISTRATIVOS,Contencioso Administrativo,3,4to Juzgado de Trabajo
01038-2025-0-2301-JR-LA-04,1038,2025,PENDIENTE EN TRÁMITE,TOTAL PENDIENTES AL MES ANTERIOR,CONTINUA EN TRAMITE (POR SENTENCIAR) (INV.202501),16/10/2025 16:42,ORDINARIO,RESTABLECIMIENTO DEL DERECHO TUTELADO,Contencioso Administrativo,3,4to Juzgado de Trabajo
01715-2025-0-2301-JR-LA-01,1715,2025,PENDIENTE EN TRÁMITE,TOTAL PENDIENTES AL MES ANTERIOR,CONTINUA EN TRAMITE (POR SENTENCIAR) (INV.202501),31/12/2025 11:50,ORDINARIO,RECONOCIMIENTO DEL DERECHO TUTELADO,Contencioso Administrativo,3,4to Juzgado de Trabajo
01652-2025-0-2301-JR-LA-04,1652,2025,PENDIENTE EN TRÁMITE,TOTAL PENDIENTES AL MES ANTERIOR,AUTO DE SANEAMIENTO QUE NO CONCLUYE EL PROCESO (INV.202501),19/02/2026 16:45,ORDINARIO,DECLARACIÓN DE NULIDAD DE ACTOS ADMINISTRATIVOS,Contencioso Administrativo,3,4to Juzgado de Trabajo
00501-2025-0-2301-JR-LA-04,501,2025,PENDIENTE EN TRÁMITE,TOTAL PENDIENTES AL MES ANTERIOR,CONTINUA EN TRAMITE (POR SENTENCIAR) (INV.202501),15/12/2025 16:32,ORDINARIO,DECLARACIÓN DE NULIDAD DE ACTOS ADMINISTRATIVOS,Contencioso Administrativo,3,4to Juzgado de Trabajo
01560-2025-0-2301-JR-LA-01,1560,2025,PENDIENTE EN TRÁMITE,TOTAL PENDIENTES AL MES ANTERIOR,CONTINUA EN TRAMITE (POR SENTENCIAR) (INV.202501),15/12/2025 15:36,ORDINARIO,RECONOCIMIENTO DEL DERECHO TUTELADO,Contencioso Administrativo,3,4to Juzgado de Trabajo
00122-2026-0-2301-JR-LA-04,122,2026,PENDIENTE EN TRÁMITE,TOTAL PENDIENTES AL MES ANTERIOR,AUTO DE SANEAMIENTO QUE NO CONCLUYE EL PROCESO,10/02/2026 16:31,ORDINARIO,RECONOCIMIENTO DEL DERECHO TUTELADO,Contencioso Administrativo,3,4to Juzgado de Trabajo
01351-2025-0-2301-JR-LA-04,1351,2025,PENDIENTE EN TRÁMITE,TOTAL PENDIENTES AL MES ANTERIOR,CONTINUA EN TRAMITE (POR SENTENCIAR) (INV.202501),12/12/2025 17:20,ORDINARIO,DECLARACIÓN DE NULIDAD DE ACTOS ADMINISTRATIVOS,Contencioso Administrativo,3,4to Juzgado de Trabajo
00138-2026-0-2301-JR-LA-04,138,2026,PENDIENTE EN TRÁMITE,TOTAL PENDIENTES AL MES ANTERIOR,AUTO DE SANEAMIENTO QUE NO CONCLUYE EL PROCESO,20/02/2026 16:19,ORDINARIO,CUMPLIMIENTO DE ACTUACIONES DISPUESTA POR ACTO ADMINISTRATIVO,Contencioso Administrativo,3,4to Juzgado de Trabajo
00871-2025-0-2301-JR-LA-01,871,2025,PENDIENTE EN TRÁMITE,TOTAL PENDIENTES AL MES ANTERIOR,CONTINUA EN TRAMITE (POR SENTENCIAR) (INV.202501),23/09/2025 16:24,ORDINARIO,RECONOCIMIENTO DEL DERECHO TUTELADO,Contencioso Administrativo,3,4to Juzgado de Trabajo
00050-2026-0-2301-JR-LA-04,50,2026,PENDIENTE EN TRÁMITE,TOTAL PENDIENTES AL MES ANTERIOR,AUTO DE SANEAMIENTO QUE NO CONCLUYE EL PROCESO,20/02/2026 16:20,ORDINARIO,RECONOCIMIENTO DEL DERECHO TUTELADO,Contencioso Administrativo,3,4to Juzgado de Trabajo
01778-2025-0-2301-JR-LA-04,1778,2025,PENDIENTE EN TRÁMITE,TOTAL PENDIENTES AL MES ANTERIOR,AUTO DE SANEAMIENTO QUE NO CONCLUYE EL PROCESO (INV.202501),29/01/2026 16:03,ORDINARIO,DECLARACIÓN DE NULIDAD DE ACTOS ADMINISTRATIVOS,Contencioso Administrativo,3,4to Juzgado de Trabajo
01581-2025-0-2301-JR-LA-04,1581,2025,PENDIENTE EN TRÁMITE,TOTAL PENDIENTES AL MES ANTERIOR,CONTINUA EN TRAMITE (POR SENTENCIAR) (INV.202501),31/12/2025 07:41,ORDINARIO,RESTABLECIMIENTO DEL DERECHO TUTELADO,Contencioso Administrativo,3,4to Juzgado de Trabajo
00234-2026-0-2301-JR-LA-04,234,2026,NUEVOS ADMITIDOS,TOTAL INGRESOS A TRÁMITE,AUTO ADMISORIO,24/03/2026 12:15,ORDINARIO,DECLARACIÓN DE NULIDAD DE ACTOS ADMINISTRATIVOS,Contencioso Administrativo,3,4to Juzgado de Trabajo
00367-2026-0-2301-JR-LA-04,367,2026,NUEVOS ADMITIDOS,TOTAL INGRESOS A TRÁMITE,AUTO ADMISORIO,23/03/2026 16:50,ORDINARIO,DECLARACIÓN DE NULIDAD DE ACTOS ADMINISTRATIVOS,Contencioso Administrativo,3,4to Juzgado de Trabajo
00216-2026-0-2301-JR-LA-04,216,2026,NUEVOS ADMITIDOS,TOTAL INGRESOS A TRÁMITE,AUTO ADMISORIO,23/03/2026 16:50,ORDINARIO,RECONOCIMIENTO DEL DERECHO TUTELADO,Contencioso Administrativo,3,4to Juzgado de Trabajo
00212-2026-0-2301-JR-LA-04,212,2026,NUEVOS ADMITIDOS,TOTAL INGRESOS A TRÁMITE,AUTO ADMISORIO,24/03/2026 12:15,ORDINARIO,RECONOCIMIENTO DEL DERECHO TUTELADO,Contencioso Administrativo,3,4to Juzgado de Trabajo
00384-2026-0-2301-JR-LA-04,384,2026,NUEVOS ADMITIDOS,TOTAL INGRESOS A TRÁMITE,AUTO ADMISORIO,31/03/2026 16:11,URGENTE,CUMPLIMIENTO DE ACTUACIONES DISPUESTA POR LEY,Contencioso Administrativo,3,4to Juzgado de Trabajo
00413-2026-0-2301-JR-LA-04,413,2026,NUEVOS ADMITIDOS,TOTAL INGRESOS A TRÁMITE,AUTO ADMISORIO,23/03/2026 15:37,ORDINARIO,RECONOCIMIENTO DEL DERECHO TUTELADO,Contencioso Administrativo,3,4to Juzgado de Trabajo
00296-2026-0-2301-JR-LA-04,296,2026,NUEVOS ADMITIDOS,TOTAL INGRESOS A TRÁMITE,AUTO ADMISORIO,05/03/2026 08:54,ORDINARIO,DECLARACIÓN DE NULIDAD DE ACTOS ADMINISTRATIVOS,Contencioso Administrativo,3,4to Juzgado de Trabajo
00169-2026-0-2301-JR-LA-04,169,2026,NUEVOS ADMITIDOS,TOTAL INGRESOS A TRÁMITE,AUTO ADMISORIO,05/03/2026 16:32,URGENTE,CUMPLIMIENTO DE ACTUACIONES DISPUESTA POR ACTO ADMINISTRATIVO,Contencioso Administrativo,3,4to Juzgado de Trabajo
00113-2026-0-2301-JR-LA-03,113,2026,NUEVOS ADMITIDOS,TOTAL INGRESOS A TRÁMITE,AUTO ADMISORIO,09/03/2026 11:45,ORDINARIO,RECONOCIMIENTO DEL DERECHO TUTELADO,Contencioso Administrativo,3,4to Juzgado de Trabajo
00145-2026-0-2301-JR-LA-04,145,2026,NUEVOS ADMITIDOS,TOTAL INGRESOS A TRÁMITE,AUTO ADMISORIO,05/03/2026 16:31,ORDINARIO,RESTABLECIMIENTO DEL DERECHO TUTELADO,Contencioso Administrativo,3,4to Juzgado de Trabajo
00373-2026-0-2301-JR-LA-04,373,2026,NUEVOS ADMITIDOS,TOTAL INGRESOS A TRÁMITE,AUTO ADMISORIO,20/03/2026 12:06,ORDINARIO,DECLARACIÓN DE NULIDAD DE ACTOS ADMINISTRATIVOS,Contencioso Administrativo,3,4to Juzgado de Trabajo
00274-2026-0-2301-JR-LA-04,274,2026,NUEVOS ADMITIDOS,TOTAL INGRESOS A TRÁMITE,AUTO ADMISORIO,05/03/2026 16:33,ORDINARIO,DECLARACIÓN DE NULIDAD DE ACTOS ADMINISTRATIVOS,Contencioso Administrativo,3,4to Juzgado de Trabajo
00268-2026-0-2301-JR-LA-04,268,2026,NUEVOS ADMITIDOS,TOTAL INGRESOS A TRÁMITE,AUTO ADMISORIO,24/03/2026 12:15,ORDINARIO,DECLARACIÓN DE NULIDAD DE ACTOS ADMINISTRATIVOS,Contencioso Administrativo,3,4to Juzgado de Trabajo
00386-2026-0-2301-JR-LA-04,386,2026,NUEVOS ADMITIDOS,TOTAL INGRESOS A TRÁMITE,AUTO ADMISORIO,31/03/2026 16:11,ORDINARIO,RECONOCIMIENTO DEL DERECHO TUTELADO,Contencioso Administrativo,3,4to Juzgado de Trabajo
00459-2026-0-2301-JR-LA-04,459,2026,NUEVOS ADMITIDOS,TOTAL INGRESOS A TRÁMITE,AUTO ADMISORIO,27/03/2026 17:00,ORDINARIO,RECONOCIMIENTO DEL DERECHO TUTELADO,Contencioso Administrativo,3,4to Juzgado de Trabajo
00341-2026-0-2301-JR-LA-04,341,2026,NUEVOS ADMITIDOS,TOTAL INGRESOS A TRÁMITE,AUTO ADMISORIO,09/03/2026 11:46,URGENTE,CUMPLIMIENTO DE ACTUACIONES DISPUESTA POR ACTO ADMINISTRATIVO,Contencioso Administrativo,3,4to Juzgado de Trabajo
00245-2026-0-2301-JR-LA-04,245,2026,NUEVOS ADMITIDOS,TOTAL INGRESOS A TRÁMITE,AUTO ADMISORIO,06/03/2026 12:46,ORDINARIO,RECONOCIMIENTO DEL DERECHO TUTELADO,Contencioso Administrativo,3,4to Juzgado de Trabajo
00425-2026-0-2301-JR-LA-04,425,2026,NUEVOS ADMITIDOS,TOTAL INGRESOS A TRÁMITE,AUTO ADMISORIO,23/03/2026 15:39,ORDINARIO,DECLARACIÓN DE NULIDAD DE ACTOS ADMINISTRATIVOS,Contencioso Administrativo,3,4to Juzgado de Trabajo
00299-2026-0-2301-JR-LA-03,299,2026,NUEVOS ADMITIDOS,TOTAL INGRESOS A TRÁMITE,AUTO ADMISORIO,31/03/2026 12:10,ORDINARIO,RECONOCIMIENTO DEL DERECHO TUTELADO,Contencioso Administrativo,3,4to Juzgado de Trabajo
00401-2026-0-2301-JR-LA-04,401,2026,NUEVOS ADMITIDOS,TOTAL INGRESOS A TRÁMITE,AUTO ADMISORIO,20/03/2026 15:47,ORDINARIO,DECLARACIÓN DE NULIDAD DE ACTOS ADMINISTRATIVOS,Contencioso Administrativo,3,4to Juzgado de Trabajo
00333-2026-0-2301-JR-LA-04,333,2026,NUEVOS ADMITIDOS,TOTAL INGRESOS A TRÁMITE,AUTO ADMISORIO,09/03/2026 11:46,URGENTE,CUMPLIMIENTO DE ACTUACIONES DISPUESTA POR ACTO ADMINISTRATIVO,Contencioso Administrativo,3,4to Juzgado de Trabajo
00390-2026-0-2301-JR-LA-04,390,2026,NUEVOS ADMITIDOS,TOTAL INGRESOS A TRÁMITE,AUTO ADMISORIO,23/03/2026 15:37,ORDINARIO,DECLARACIÓN DE NULIDAD DE ACTOS ADMINISTRATIVOS,Contencioso Administrativo,3,4to Juzgado de Trabajo
00420-2026-0-2301-JR-LA-04,420,2026,NUEVOS ADMITIDOS,TOTAL INGRESOS A TRÁMITE,AUTO ADMISORIO,31/03/2026 12:11,ORDINARIO,RECONOCIMIENTO DEL DERECHO TUTELADO,Contencioso Administrativo,3,4to Juzgado de Trabajo
00429-2026-0-2301-JR-LA-04,429,2026,NUEVOS ADMITIDOS,TOTAL INGRESOS A TRÁMITE,AUTO ADMISORIO,23/03/2026 15:39,ORDINARIO,RECONOCIMIENTO DEL DERECHO TUTELADO,Contencioso Administrativo,3,4to Juzgado de Trabajo
00254-2026-0-2301-JR-LA-04,254,2026,NUEVOS ADMITIDOS,TOTAL INGRESOS A TRÁMITE,AUTO ADMISORIO,09/03/2026 16:51,ORDINARIO,DECLARACIÓN DE NULIDAD DE ACTOS ADMINISTRATIVOS,Contencioso Administrativo,3,4to Juzgado de Trabajo
00335-2026-0-2301-JR-LA-04,335,2026,NUEVOS ADMITIDOS,TOTAL INGRESOS A TRÁMITE,AUTO ADMISORIO,06/03/2026 12:45,URGENTE,CUMPLIMIENTO DE ACTUACIONES DISPUESTA POR ACTO ADMINISTRATIVO,Contencioso Administrativo,3,4to Juzgado de Trabajo
00362-2026-0-2301-JR-LA-04,362,2026,NUEVOS ADMITIDOS,TOTAL INGRESOS A TRÁMITE,AUTO ADMISORIO,11/03/2026 11:40,ORDINARIO,RECONOCIMIENTO DEL DERECHO TUTELADO,Contencioso Administrativo,3,4to Juzgado de Trabajo
00304-2026-0-2301-JR-LA-04,304,2026,NUEVOS ADMITIDOS,TOTAL INGRESOS A TRÁMITE,AUTO ADMISORIO,31/03/2026 16:12,ORDINARIO,DECLARACIÓN DE NULIDAD DE ACTOS ADMINISTRATIVOS,Contencioso Administrativo,3,4to Juzgado de Trabajo
00300-2026-0-2301-JR-LA-01,300,2026,NUEVOS ADMITIDOS,TOTAL INGRESOS A TRÁMITE,AUTO ADMISORIO,31/03/2026 11:27,ORDINARIO,RECONOCIMIENTO DEL DERECHO TUTELADO,Contencioso Administrativo,3,4to Juzgado de Trabajo
00360-2026-0-2301-JR-LA-04,360,2026,NUEVOS ADMITIDOS,TOTAL INGRESOS A TRÁMITE,AUTO ADMISORIO,11/03/2026 11:40,ORDINARIO,CUMPLIMIENTO DE ACTUACIONES DISPUESTA POR LEY,Contencioso Administrativo,3,4to Juzgado de Trabajo
00343-2026-0-2301-JR-LA-04,343,2026,NUEVOS ADMITIDOS,TOTAL INGRESOS A TRÁMITE,AUTO ADMISORIO,06/03/2026 08:45,ORDINARIO,DECLARACIÓN DE NULIDAD DE ACTOS ADMINISTRATIVOS,Contencioso Administrativo,3,4to Juzgado de Trabajo
00229-2026-0-2301-JR-LA-04,229,2026,NUEVOS ADMITIDOS,TOTAL INGRESOS A TRÁMITE,AUTO ADMISORIO,06/03/2026 12:46,ORDINARIO,DECLARACIÓN DE NULIDAD DE ACTOS ADMINISTRATIVOS,Contencioso Administrativo,3,4to Juzgado de Trabajo
00321-2026-0-2301-JR-LA-04,321,2026,NUEVOS ADMITIDOS,TOTAL INGRESOS A TRÁMITE,AUTO ADMISORIO,05/03/2026 08:54,ORDINARIO,RECONOCIMIENTO DEL DERECHO TUTELADO,Contencioso Administrativo,3,4to Juzgado de Trabajo
00099-2026-0-2301-JR-LA-03,99,2026,NUEVOS ADMITIDOS,TOTAL INGRESOS A TRÁMITE,AUTO ADMISORIO,06/03/2026 08:44,ORDINARIO,RECONOCIMIENTO DEL DERECHO TUTELADO,Contencioso Administrativo,3,4to Juzgado de Trabajo
00112-2026-0-2301-JR-LA-01,112,2026,NUEVOS ADMITIDOS,TOTAL INGRESOS A TRÁMITE,AUTO ADMISORIO,05/03/2026 16:33,ORDINARIO,RECONOCIMIENTO DEL DERECHO TUTELADO,Contencioso Administrativo,3,4to Juzgado de Trabajo
00191-2026-0-2301-JR-LA-04,191,2026,NUEVOS ADMITIDOS,TOTAL INGRESOS A TRÁMITE,AUTO ADMISORIO,18/03/2026 19:58,ORDINARIO,DECLARACIÓN DE NULIDAD DE ACTOS ADMINISTRATIVOS,Contencioso Administrativo,3,4to Juzgado de Trabajo
00288-2026-0-2301-JR-LA-01,288,2026,NUEVOS ADMITIDOS,TOTAL INGRESOS A TRÁMITE,AUTO ADMISORIO,18/03/2026 19:59,URGENTE,CUMPLIMIENTO DE ACTUACIONES DISPUESTA POR ACTO ADMINISTRATIVO,Contencioso Administrativo,3,4to Juzgado de Trabajo
00437-2026-0-2301-JR-LA-04,437,2026,NUEVOS ADMITIDOS,TOTAL INGRESOS A TRÁMITE,AUTO ADMISORIO,23/03/2026 15:40,ORDINARIO,RECONOCIMIENTO DEL DERECHO TUTELADO,Contencioso Administrativo,3,4to Juzgado de Trabajo
00236-2026-0-2301-JR-LA-04,236,2026,NUEVOS ADMITIDOS,TOTAL INGRESOS A TRÁMITE,AUTO ADMISORIO,06/03/2026 16:19,URGENTE,CUMPLIMIENTO DE ACTUACIONES DISPUESTA POR ACTO ADMINISTRATIVO,Contencioso Administrativo,3,4to Juzgado de Trabajo
00435-2026-0-2301-JR-LA-04,435,2026,NUEVOS ADMITIDOS,TOTAL INGRESOS A TRÁMITE,AUTO ADMISORIO,23/03/2026 15:40,ORDINARIO,RECONOCIMIENTO DEL DERECHO TUTELADO,Contencioso Administrativo,3,4to Juzgado de Trabajo
00356-2026-0-2301-JR-LA-04,356,2026,NUEVOS ADMITIDOS,TOTAL INGRESOS A TRÁMITE,AUTO ADMISORIO,23/03/2026 15:37,ORDINARIO,RECONOCIMIENTO DEL DERECHO TUTELADO,Contencioso Administrativo,3,4to Juzgado de Trabajo
00388-2026-0-2301-JR-LA-04,388,2026,NUEVOS ADMITIDOS,TOTAL INGRESOS A TRÁMITE,AUTO ADMISORIO,19/03/2026 15:22,URGENTE,CUMPLIMIENTO DE ACTUACIONES DISPUESTA POR ACTO ADMINISTRATIVO,Contencioso Administrativo,3,4to Juzgado de Trabajo
00380-2026-0-2301-JR-LA-04,380,2026,NUEVOS ADMITIDOS,TOTAL INGRESOS A TRÁMITE,AUTO ADMISORIO,19/03/2026 15:21,ORDINARIO,RECONOCIMIENTO DEL DERECHO TUTELADO,Contencioso Administrativo,3,4to Juzgado de Trabajo
00328-2026-0-2301-JR-LA-04,328,2026,NUEVOS ADMITIDOS,TOTAL INGRESOS A TRÁMITE,AUTO ADMISORIO,23/03/2026 15:36,ORDINARIO,DECLARACIÓN DE NULIDAD DE ACTOS ADMINISTRATIVOS,Contencioso Administrativo,3,4to Juzgado de Trabajo
00280-2026-0-2301-JR-LA-04,280,2026,NUEVOS ADMITIDOS,TOTAL INGRESOS A TRÁMITE,AUTO ADMISORIO,02/03/2026 09:04,URGENTE,CUMPLIMIENTO DE ACTUACIONES DISPUESTA POR ACTO ADMINISTRATIVO,Contencioso Administrativo,3,4to Juzgado de Trabajo
00331-2026-0-2301-JR-LA-04,331,2026,NUEVOS ADMITIDOS,TOTAL INGRESOS A TRÁMITE,AUTO ADMISORIO,05/03/2026 16:33,URGENTE,CUMPLIMIENTO DE ACTUACIONES DISPUESTA POR LEY,Contencioso Administrativo,3,4to Juzgado de Trabajo
00147-2026-0-2301-JR-LA-04,147,2026,NUEVOS ADMITIDOS,TOTAL INGRESOS A TRÁMITE,AUTO ADMISORIO,18/03/2026 19:58,URGENTE,CUMPLIMIENTO DE ACTUACIONES DISPUESTA POR ACTO ADMINISTRATIVO,Contencioso Administrativo,3,4to Juzgado de Trabajo
00365-2026-0-2301-JR-LA-04,365,2026,NUEVOS ADMITIDOS,TOTAL INGRESOS A TRÁMITE,AUTO ADMISORIO,18/03/2026 19:57,ORDINARIO,RECONOCIMIENTO DEL DERECHO TUTELADO,Contencioso Administrativo,3,4to Juzgado de Trabajo
00415-2026-0-2301-JR-LA-04,415,2026,NUEVOS ADMITIDOS,TOTAL INGRESOS A TRÁMITE,AUTO ADMISORIO,23/03/2026 15:37,URGENTE,CUMPLIMIENTO DE ACTUACIONES DISPUESTA POR ACTO ADMINISTRATIVO,Contencioso Administrativo,3,4to Juzgado de Trabajo
00422-2026-0-2301-JR-LA-04,422,2026,NUEVOS ADMITIDOS,TOTAL INGRESOS A TRÁMITE,AUTO ADMISORIO,23/03/2026 15:38,ORDINARIO,DECLARACIÓN DE NULIDAD DE ACTOS ADMINISTRATIVOS,Contencioso Administrativo,3,4to Juzgado de Trabajo
00418-2026-0-2301-JR-LA-04,418,2026,NUEVOS ADMITIDOS,TOTAL INGRESOS A TRÁMITE,AUTO ADMISORIO,23/03/2026 15:38,ORDINARIO,RECONOCIMIENTO DEL DERECHO TUTELADO,Contencioso Administrativo,3,4to Juzgado de Trabajo
00411-2026-0-2301-JR-LA-04,411,2026,NUEVOS ADMITIDOS,TOTAL INGRESOS A TRÁMITE,AUTO ADMISORIO,23/03/2026 15:37,ORDINARIO,RECONOCIMIENTO DEL DERECHO TUTELADO,Contencioso Administrativo,3,4to Juzgado de Trabajo
00206-2026-0-2301-JR-LA-04,206,2026,NUEVOS ADMITIDOS,TOTAL INGRESOS A TRÁMITE,AUTO ADMISORIO,05/03/2026 16:32,ORDINARIO,RECONOCIMIENTO DEL DERECHO TUTELADO,Contencioso Administrativo,3,4to Juzgado de Trabajo
00287-2026-0-2301-JR-LA-03,287,2026,NUEVOS ADMITIDOS,TOTAL INGRESOS A TRÁMITE,AUTO ADMISORIO,31/03/2026 12:11,ORDINARIO,RECONOCIMIENTO DEL DERECHO TUTELADO,Contencioso Administrativo,3,4to Juzgado de Trabajo
00319-2026-0-2301-JR-LA-04,319,2026,NUEVOS ADMITIDOS,TOTAL INGRESOS A TRÁMITE,AUTO ADMISORIO,05/03/2026 08:54,URGENTE,CUMPLIMIENTO DE ACTUACIONES DISPUESTA POR ACTO ADMINISTRATIVO,Contencioso Administrativo,3,4to Juzgado de Trabajo
00382-2026-0-2301-JR-LA-04,382,2026,NUEVOS ADMITIDOS,TOTAL INGRESOS A TRÁMITE,AUTO ADMISORIO,20/03/2026 12:07,URGENTE,CUMPLIMIENTO DE ACTUACIONES DISPUESTA POR LEY,Contencioso Administrativo,3,4to Juzgado de Trabajo
00226-2026-0-2301-JR-LA-04,226,2026,NUEVOS ADMITIDOS,TOTAL INGRESOS A TRÁMITE,AUTO ADMISORIO,13/03/2026 09:58,ORDINARIO,DECLARACIÓN DE NULIDAD DE ACTOS ADMINISTRATIVOS,Contencioso Administrativo,3,4to Juzgado de Trabajo
00326-2026-0-2301-JR-LA-04,326,2026,NUEVOS ADMITIDOS,TOTAL INGRESOS A TRÁMITE,AUTO ADMISORIO,23/03/2026 15:36,URGENTE,CUMPLIMIENTO DE ACTUACIONES DISPUESTA POR ACTO ADMINISTRATIVO,Contencioso Administrativo,3,4to Juzgado de Trabajo
00339-2026-0-2301-JR-LA-04,339,2026,NUEVOS ADMITIDOS,TOTAL INGRESOS A TRÁMITE,AUTO ADMISORIO,09/03/2026 11:46,ORDINARIO,CUMPLIMIENTO DE ACTUACIONES DISPUESTA POR ACTO ADMINISTRATIVO,Contencioso Administrativo,3,4to Juzgado de Trabajo
00403-2026-0-2301-JR-LA-04,403,2026,NUEVOS ADMITIDOS,TOTAL INGRESOS A TRÁMITE,AUTO ADMISORIO,23/03/2026 08:11,ORDINARIO,DECLARACIÓN DE NULIDAD DE ACTOS ADMINISTRATIVOS,Contencioso Administrativo,3,4to Juzgado de Trabajo
00284-2026-0-2301-JR-LA-04,284,2026,NUEVOS ADMITIDOS,TOTAL INGRESOS A TRÁMITE,AUTO ADMISORIO,05/03/2026 16:34,URGENTE,CUMPLIMIENTO DE ACTUACIONES DISPUESTA POR ACTO ADMINISTRATIVO,Contencioso Administrativo,3,4to Juzgado de Trabajo
00308-2026-0-2301-JR-LA-04,308,2026,NUEVOS ADMITIDOS,TOTAL INGRESOS A TRÁMITE,AUTO ADMISORIO,06/03/2026 12:45,ORDINARIO,RECONOCIMIENTO DEL DERECHO TUTELADO,Contencioso Administrativo,3,4to Juzgado de Trabajo
00463-2026-0-2301-JR-LA-04,463,2026,NUEVOS ADMITIDOS,TOTAL INGRESOS A TRÁMITE,AUTO ADMISORIO,27/03/2026 17:00,ORDINARIO,DECLARACIÓN DE NULIDAD DE ACTOS ADMINISTRATIVOS,Contencioso Administrativo,3,4to Juzgado de Trabajo
00350-2026-0-2301-JR-LA-04,350,2026,NUEVOS ADMITIDOS,TOTAL INGRESOS A TRÁMITE,AUTO ADMISORIO,18/03/2026 19:57,ORDINARIO,RECONOCIMIENTO DEL DERECHO TUTELADO,Contencioso Administrativo,3,4to Juzgado de Trabajo
00311-2026-0-2301-JR-LA-04,311,2026,NUEVOS ADMITIDOS,TOTAL INGRESOS A TRÁMITE,AUTO ADMISORIO,05/03/2026 08:54,ORDINARIO,DECLARACIÓN DE NULIDAD DE ACTOS ADMINISTRATIVOS,Contencioso Administrativo,3,4to Juzgado de Trabajo
00106-2026-0-2301-JR-LA-04,106,2026,NUEVOS ADMITIDOS,TOTAL INGRESOS A TRÁMITE,AUTO ADMISORIO,18/03/2026 19:59,ORDINARIO,DECLARACIÓN DE NULIDAD DE ACTOS ADMINISTRATIVOS,Contencioso Administrativo,3,4to Juzgado de Trabajo
00370-2026-0-2301-JR-LA-04,370,2026,NUEVOS ADMITIDOS,TOTAL INGRESOS A TRÁMITE,AUTO ADMISORIO,11/03/2026 11:40,ORDINARIO,DECLARACIÓN DE NULIDAD DE ACTOS ADMINISTRATIVOS,Contencioso Administrativo,3,4to Juzgado de Trabajo
00337-2026-0-2301-JR-LA-04,337,2026,NUEVOS ADMITIDOS,TOTAL INGRESOS A TRÁMITE,AUTO ADMISORIO,18/03/2026 19:58,URGENTE,CUMPLIMIENTO DE ACTUACIONES DISPUESTA POR LEY,Contencioso Administrativo,3,4to Juzgado de Trabajo
00358-2026-0-2301-JR-LA-04,358,2026,NUEVOS ADMITIDOS,TOTAL INGRESOS A TRÁMITE,AUTO ADMISORIO,12/03/2026 08:48,ORDINARIO,RECONOCIMIENTO DEL DERECHO TUTELADO,Contencioso Administrativo,3,4to Juzgado de Trabajo
00054-2026-0-2301-JR-LA-04,54,2026,NUEVOS ADMITIDOS,TOTAL INGRESOS A TRÁMITE,AUTO ADMISORIO,18/03/2026 19:59,ORDINARIO,DECLARACIÓN DE NULIDAD DE ACTOS ADMINISTRATIVOS,Contencioso Administrativo,3,4to Juzgado de Trabajo
00282-2026-0-2301-JR-LA-04,282,2026,NUEVOS ADMITIDOS,TOTAL INGRESOS A TRÁMITE,AUTO ADMISORIO,02/03/2026 09:03,URGENTE,CUMPLIMIENTO DE ACTUACIONES DISPUESTA POR ACTO ADMINISTRATIVO,Contencioso Administrativo,3,4to Juzgado de Trabajo
00270-2026-0-2301-JR-LA-04,270,2026,NUEVOS ADMITIDOS,TOTAL INGRESOS A TRÁMITE,AUTO ADMISORIO,02/03/2026 08:59,ORDINARIO,DECLARACIÓN DE NULIDAD DE ACTOS ADMINISTRATIVOS,Contencioso Administrativo,3,4to Juzgado de Trabajo
00162-2026-0-2301-JR-LA-04,162,2026,INGRESO DE DEMANDA IMPROCEDENTE/DENUNCIA NO HA LUGAR,TOTAL INGRESOS A TRÁMITE,AUTO IMPROCEDENTE (INGRESA Y RESUELVE),31/03/2026 11:26,ORDINARIO,DECLARACIÓN DE NULIDAD DE ACTOS ADMINISTRATIVOS,Contencioso Administrativo,3,4to Juzgado de Trabajo
00196-2026-0-2301-JR-LA-04,196,2026,INGRESO DE DEMANDA IMPROCEDENTE/DENUNCIA NO HA LUGAR,TOTAL INGRESOS A TRÁMITE,AUTO IMPROCEDENTE (INGRESA Y RESUELVE),06/03/2026 08:03,ORDINARIO,DECLARACIÓN DE NULIDAD DE ACTOS ADMINISTRATIVOS,Contencioso Administrativo,3,4to Juzgado de Trabajo
00408-2026-0-2301-JR-LA-04,408,2026,INGRESO DE DEMANDA IMPROCEDENTE/DENUNCIA NO HA LUGAR,TOTAL INGRESOS A TRÁMITE,AUTO IMPROCEDENTE (INGRESA Y RESUELVE),23/03/2026 08:52,URGENTE,CUMPLIMIENTO DE ACTUACIONES DISPUESTA POR ACTO ADMINISTRATIVO,Contencioso Administrativo,3,4to Juzgado de Trabajo
00345-2026-0-2301-JR-LA-04,345,2026,INGRESO DE DEMANDA IMPROCEDENTE/DENUNCIA NO HA LUGAR,TOTAL INGRESOS A TRÁMITE,AUTO IMPROCEDENTE (INGRESA Y RESUELVE),09/03/2026 11:47,URGENTE,CUMPLIMIENTO DE ACTUACIONES DISPUESTA POR ACTO ADMINISTRATIVO,Contencioso Administrativo,3,4to Juzgado de Trabajo
00247-2026-0-2301-JR-LA-04,247,2026,INGRESO DE DEMANDA IMPROCEDENTE/DENUNCIA NO HA LUGAR,TOTAL INGRESOS A TRÁMITE,AUTO IMPROCEDENTE (INGRESA Y RESUELVE),31/03/2026 11:26,URGENTE,CUMPLIMIENTO DE ACTUACIONES DISPUESTA POR ACTO ADMINISTRATIVO,Contencioso Administrativo,3,4to Juzgado de Trabajo
00140-2026-0-2301-JR-LA-04,140,2026,INGRESO DE DEMANDA IMPROCEDENTE/DENUNCIA NO HA LUGAR,TOTAL INGRESOS A TRÁMITE,AUTO IMPROCEDENTE (INGRESA Y RESUELVE),31/03/2026 11:26,URGENTE,CUMPLIMIENTO DE ACTUACIONES DISPUESTA POR ACTO ADMINISTRATIVO,Contencioso Administrativo,3,4to Juzgado de Trabajo
00316-2026-0-2301-JR-LA-04,316,2026,INGRESO DE DEMANDA IMPROCEDENTE/DENUNCIA NO HA LUGAR,TOTAL INGRESOS A TRÁMITE,AUTO IMPROCEDENTE (INGRESA Y RESUELVE),04/03/2026 14:40,URGENTE,CUMPLIMIENTO DE ACTUACIONES DISPUESTA POR LEY,Contencioso Administrativo,3,4to Juzgado de Trabajo
01628-2024-0-2301-JR-LA-04,1628,2024,ANULADA A TRÁMITE / HABER NULIDAD,TOTAL INGRESOS A TRÁMITE,RECEPCION  EN DEPENDENCIA POR APELACION - DEVOLUCION,10/03/2026 16:40,ORDINARIO,DECLARACIÓN DE NULIDAD DE ACTOS ADMINISTRATIVOS,Contencioso Administrativo,3,4to Juzgado de Trabajo
00495-2025-0-2301-JR-LA-04,495,2025,ANULADA A TRÁMITE / HABER NULIDAD,TOTAL INGRESOS A TRÁMITE,RECEPCION  EN DEPENDENCIA POR APELACION - DEVOLUCION,09/03/2026 09:46,ORDINARIO,DECLARACIÓN DE NULIDAD DE ACTOS ADMINISTRATIVOS,Contencioso Administrativo,3,4to Juzgado de Trabajo
01848-2025-0-2301-JR-LA-01,1848,2025,PENDIENTE EN TRÁMITE,TOTAL PENDIENTES AL MES ANTERIOR,AUTO ADMISORIO,13/01/2026 09:28,ORDINARIO,RECONOCIMIENTO DEL DERECHO TUTELADO,Previsional,3,4to Juzgado de Trabajo
00032-2026-0-2301-JR-LA-04,32,2026,PENDIENTE EN TRÁMITE,TOTAL PENDIENTES AL MES ANTERIOR,AUTO ADMISORIO,13/01/2026 09:26,ORDINARIO,DECLARACIÓN DE NULIDAD DE ACTOS ADMINISTRATIVOS,Previsional,3,4to Juzgado de Trabajo
00089-2026-0-2301-JR-LA-04,89,2026,PENDIENTE EN TRÁMITE,TOTAL PENDIENTES AL MES ANTERIOR,AUTO DE SANEAMIENTO QUE NO CONCLUYE EL PROCESO,13/02/2026 16:33,ORDINARIO,RESTABLECIMIENTO DEL DERECHO TUTELADO,Previsional,3,4to Juzgado de Trabajo
01329-2025-0-2301-JR-LA-04,1329,2025,PENDIENTE EN TRÁMITE,TOTAL PENDIENTES AL MES ANTERIOR,AUTO DE SANEAMIENTO QUE NO CONCLUYE EL PROCESO (INV.202501),13/01/2026 09:54,ORDINARIO,RESTABLECIMIENTO DEL DERECHO TUTELADO,Previsional,3,4to Juzgado de Trabajo
00433-2026-0-2301-JR-LA-04,433,2026,NUEVOS ADMITIDOS,TOTAL INGRESOS A TRÁMITE,AUTO ADMISORIO,23/03/2026 16:06,ORDINARIO,RESTABLECIMIENTO DEL DERECHO TUTELADO,Previsional,3,4to Juzgado de Trabajo
00405-2026-0-2301-JR-LA-04,405,2026,NUEVOS ADMITIDOS,TOTAL INGRESOS A TRÁMITE,AUTO ADMISORIO,23/03/2026 16:06,ORDINARIO,RESTABLECIMIENTO DEL DERECHO TUTELADO,Previsional,3,4to Juzgado de Trabajo
00313-2026-0-2301-JR-LA-04,313,2026,NUEVOS ADMITIDOS,TOTAL INGRESOS A TRÁMITE,AUTO ADMISORIO,06/03/2026 09:05,ORDINARIO,CUMPLIMIENTO DE ACTUACIONES DISPUESTA POR LEY,Previsional,3,4to Juzgado de Trabajo
00465-2026-0-2301-JR-LA-04,465,2026,NUEVOS ADMITIDOS,TOTAL INGRESOS A TRÁMITE,AUTO ADMISORIO,31/03/2026 11:41,ORDINARIO,RESTABLECIMIENTO DEL DERECHO TUTELADO,Previsional,3,4to Juzgado de Trabajo
00214-2026-0-2301-JR-LA-04,214,2026,NUEVOS ADMITIDOS,TOTAL INGRESOS A TRÁMITE,AUTO ADMISORIO,06/03/2026 09:05,ORDINARIO,RESTABLECIMIENTO DEL DERECHO TUTELADO,Previsional,3,4to Juzgado de Trabajo
00262-2026-0-2301-JR-LA-04,262,2026,NUEVOS ADMITIDOS,TOTAL INGRESOS A TRÁMITE,AUTO ADMISORIO,20/03/2026 16:50,ORDINARIO,RESTABLECIMIENTO DEL DERECHO TUTELADO,Previsional,3,4to Juzgado de Trabajo
00427-2026-0-2301-JR-LA-04,427,2026,NUEVOS ADMITIDOS,TOTAL INGRESOS A TRÁMITE,AUTO ADMISORIO,23/03/2026 16:06,ORDINARIO,RESTABLECIMIENTO DEL DERECHO TUTELADO,Previsional,3,4to Juzgado de Trabajo
