EXPEDIENTE,NRO_EXPEDIENTE,AÑO_EXPEDIENTE,DESCRIPCION_VARIABLE,DESCRIPCION_VARIABLE_DESTINO,ACTO_PROCESAL,FECHA_REGISTRO,PROCESO,MATERIA,SUB ESPECIALIDAD,MES,JUZGADO
00922-2023-0-2301-JR-LA-02,922,2023,PENDIENTE EN TRÁMITE,TOTAL PENDIENTES AL MES ANTERIOR,RECEPCION  EN DEPENDENCIA POR APELACION - DEVOLUCION,46167.69236,ORDINARIO,ACCION CONTENCIOSA ADMINISTRATIVA,Contencioso Administrativo,6,2do Juzgado de Trabajo
02025-2015-82-2301-JR-CI-03,2025,2015,PENDIENTE EN TRÁMITE,TOTAL PENDIENTES AL MES ANTERIOR,CONTINUA EN TRAMITE (1RA INSTANCIA) (INV.202501),42970.50278,CONTENCIOSO ADMINISTRATIVO,ACCION CONTENCIOSA ADMINISTRATIVA,Contencioso Administrativo,6,2do Juzgado de Trabajo
00548-2009-0-2301-JR-LA-01,548,2009,PENDIENTE EN TRÁMITE,TOTAL PENDIENTES AL MES ANTERIOR,CONTINUA EN TRAMITE (1RA INSTANCIA) (INV.202501),40204.43194,ESPECIAL,ACCION CONTENCIOSA ADMINISTRATIVA,Contencioso Administrativo,6,2do Juzgado de Trabajo
01024-2020-0-2301-JR-CI-04,1024,2020,PENDIENTE EN TRÁMITE,TOTAL PENDIENTES AL MES ANTERIOR,RECEPCION  EN DEPENDENCIA POR APELACION - DEVOLUCION,46128.52292,CONTENCIOSO ADMINISTRATIVO,ACCION CONTENCIOSA ADMINISTRATIVA,Contencioso Administrativo,6,2do Juzgado de Trabajo
02489-2025-0-2301-JR-CI-04,2489,2025,PENDIENTE EN TRÁMITE,TOTAL PENDIENTES AL MES ANTERIOR,AUTO ADMISORIO,46125.65764,ORDINARIO,ACCION CONTENCIOSA ADMINISTRATIVA,Contencioso Administrativo,6,2do Juzgado de Trabajo
00753-2019-0-2301-JR-LA-02,753,2019,PENDIENTE EN TRÁMITE,TOTAL PENDIENTES AL MES ANTERIOR,CONTINUA EN TRAMITE (1RA INSTANCIA) (INV.202501),44203.68333,CONTENCIOSO ADMINISTRATIVO,ACCION CONTENCIOSA ADMINISTRATIVA,Contencioso Administrativo,6,2do Juzgado de Trabajo
00325-2010-0-2301-JR-LA-01,325,2010,PENDIENTE EN TRÁMITE,TOTAL PENDIENTES AL MES ANTERIOR,CONTINUA EN TRAMITE (1RA INSTANCIA) (INV.202501),40857.37153,ESPECIAL,ACCION CONTENCIOSA ADMINISTRATIVA,Contencioso Administrativo,6,2do Juzgado de Trabajo
00295-2018-0-2301-JR-LA-02,295,2018,PENDIENTE EN TRÁMITE,TOTAL PENDIENTES AL MES ANTERIOR,CONTINUA EN TRAMITE (1RA INSTANCIA) (INV.202501),43369.4875,ESPECIAL,ACCION CONTENCIOSA ADMINISTRATIVA,Contencioso Administrativo,6,2do Juzgado de Trabajo
00617-2017-0-2301-JR-LA-02,617,2017,PENDIENTE EN TRÁMITE,TOTAL PENDIENTES AL MES ANTERIOR,CONTINUA EN TRAMITE (1RA INSTANCIA) (INV.202501),43462.38889,ESPECIAL,ACCION CONTENCIOSA ADMINISTRATIVA,Contencioso Administrativo,6,2do Juzgado de Trabajo
00788-2016-0-2301-JR-LA-02,788,2016,PENDIENTE EN TRÁMITE,TOTAL PENDIENTES AL MES ANTERIOR,RECEPCION  EN DEPENDENCIA POR APELACION - DEVOLUCION,46105.65903,ESPECIAL,ACCION CONTENCIOSA ADMINISTRATIVA,Contencioso Administrativo,6,2do Juzgado de Trabajo
02027-2025-0-2301-JR-CI-04,2027,2025,PENDIENTE EN TRÁMITE,TOTAL PENDIENTES AL MES ANTERIOR,AUTO ADMISORIO,46098.37986,URGENTE,ACCION CONTENCIOSA ADMINISTRATIVA,Contencioso Administrativo,6,2do Juzgado de Trabajo
01012-2025-0-2301-JR-CI-04,1012,2025,PENDIENTE EN TRÁMITE,TOTAL PENDIENTES AL MES ANTERIOR,CONTINUA EN TRAMITE (1RA INSTANCIA) (INV.202501),45905.62847,ORDINARIO,ACCION CONTENCIOSA ADMINISTRATIVA,Contencioso Administrativo,6,2do Juzgado de Trabajo
00059-2019-0-2301-JR-LA-02,59,2019,PENDIENTE EN TRÁMITE,TOTAL PENDIENTES AL MES ANTERIOR,CONTINUA EN TRAMITE (1RA INSTANCIA) (INV.202501),45105.52986,ESPECIAL,ACCION CONTENCIOSA ADMINISTRATIVA,Contencioso Administrativo,6,2do Juzgado de Trabajo
00329-2014-0-2301-JR-LA-02,329,2014,PENDIENTE EN TRÁMITE,TOTAL PENDIENTES AL MES ANTERIOR,RECEPCION  DE SENTENCIA DE VISTA QUE ANULA A TRAMITE,46119.37639,ESPECIAL,ACCION CONTENCIOSA ADMINISTRATIVA,Contencioso Administrativo,6,2do Juzgado de Trabajo
02408-2024-0-2301-JR-CI-03,2408,2024,PENDIENTE EN TRÁMITE,TOTAL PENDIENTES AL MES ANTERIOR,AUTO ADMISORIO,46149.45486,ORDINARIO,ACCION CONTENCIOSA ADMINISTRATIVA,Contencioso Administrativo,6,2do Juzgado de Trabajo
00346-2021-0-2301-JR-CI-04,346,2021,PENDIENTE EN TRÁMITE,TOTAL PENDIENTES AL MES ANTERIOR,RECEPCION  DE SENTENCIA DE VISTA QUE ANULA A TRAMITE,46101.36319,CONTENCIOSO ADMINISTRATIVO,ACCION CONTENCIOSA ADMINISTRATIVA,Contencioso Administrativo,6,2do Juzgado de Trabajo
01311-2025-0-2301-JR-CI-03,1311,2025,PENDIENTE EN TRÁMITE,TOTAL PENDIENTES AL MES ANTERIOR,CONTINUA EN TRAMITE (POR SENTENCIAR) (INV.202501),45960.49444,ORDINARIO,ACCION CONTENCIOSA ADMINISTRATIVA,Contencioso Administrativo,6,2do Juzgado de Trabajo
00168-2026-0-2301-JR-CI-04,168,2026,PENDIENTE EN TRÁMITE,TOTAL PENDIENTES AL MES ANTERIOR,AUTO DE SANEAMIENTO QUE NO CONCLUYE EL PROCESO,46121.30903,ORDINARIO,ACCION CONTENCIOSA ADMINISTRATIVA,Contencioso Administrativo,6,2do Juzgado de Trabajo
00672-2019-0-2301-JR-LA-02,672,2019,PENDIENTE EN TRÁMITE,TOTAL PENDIENTES AL MES ANTERIOR,CONTINUA EN TRAMITE (POR SENTENCIAR) (INV.202501),45884.61597,ESPECIAL,ACCION CONTENCIOSA ADMINISTRATIVA,Contencioso Administrativo,6,2do Juzgado de Trabajo
00316-2018-0-2301-JR-LA-02,316,2018,PENDIENTE EN TRÁMITE,TOTAL PENDIENTES AL MES ANTERIOR,CONTINUA EN TRAMITE (POR SENTENCIAR) (INV.202501),45912.32222,ESPECIAL,ACCION CONTENCIOSA ADMINISTRATIVA,Contencioso Administrativo,6,2do Juzgado de Trabajo
02123-2015-0-2301-JR-LA-02,2123,2015,PENDIENTE EN TRÁMITE,TOTAL PENDIENTES AL MES ANTERIOR,CONTINUA EN TRAMITE (POR SENTENCIAR) (INV.202501),45782.63958,CONTENCIOSO ADMINISTRATIVO,ACCION CONTENCIOSA ADMINISTRATIVA,Contencioso Administrativo,6,2do Juzgado de Trabajo
02515-2025-0-2301-JR-CI-01,2515,2025,PENDIENTE EN TRÁMITE,TOTAL PENDIENTES AL MES ANTERIOR,AUTO DE SANEAMIENTO QUE NO CONCLUYE EL PROCESO,46093.70139,ORDINARIO,ACCION CONTENCIOSA ADMINISTRATIVA,Contencioso Administrativo,6,2do Juzgado de Trabajo
01569-2017-0-2301-JR-LA-02,1569,2017,PENDIENTE EN TRÁMITE,TOTAL PENDIENTES AL MES ANTERIOR,CONTINUA EN TRAMITE (POR SENTENCIAR) (INV.202501),45966.68264,CONTENCIOSO ADMINISTRATIVO,ACCION CONTENCIOSA ADMINISTRATIVA,Contencioso Administrativo,6,2do Juzgado de Trabajo
02169-2017-0-2301-JR-CI-03,2169,2017,PENDIENTE EN TRÁMITE,TOTAL PENDIENTES AL MES ANTERIOR,CONTINUA EN TRAMITE (POR SENTENCIAR) (INV.202501),46022.51944,CONTENCIOSO ADMINISTRATIVO,ACCION CONTENCIOSA ADMINISTRATIVA,Contencioso Administrativo,6,2do Juzgado de Trabajo
01196-2014-0-2301-JR-LA-02,1196,2014,PENDIENTE EN TRÁMITE,TOTAL PENDIENTES AL MES ANTERIOR,DECRETO PUESTO A DESPACHO PARA SENTENCIAR(ULTIMA SENTENCIA) (INV.202501),46041.62222,CONTENCIOSO ADMINISTRATIVO,ACCION CONTENCIOSA ADMINISTRATIVA,Contencioso Administrativo,6,2do Juzgado de Trabajo
01568-2024-0-2301-JR-LA-01,1568,2024,PENDIENTE EN TRÁMITE,TOTAL PENDIENTES AL MES ANTERIOR,RECEPCION  DE SENTENCIA DE VISTA QUE ANULA A TRAMITE (INV.202501),46037.35069,ORDINARIO,ACCION CONTENCIOSA ADMINISTRATIVA,Contencioso Administrativo,6,4to Juzgado de Trabajo
00066-2026-0-2301-JR-LA-02,66,2026,PENDIENTE EN TRÁMITE,TOTAL PENDIENTES AL MES ANTERIOR,AUTO DE SANEAMIENTO QUE NO CONCLUYE EL PROCESO,46065.7125,ORDINARIO,CESE DE ACTUACION MATERIAL,Contencioso Administrativo,6,2do Juzgado de Trabajo
01036-2025-0-2301-JR-LA-02,1036,2025,PENDIENTE EN TRÁMITE,TOTAL PENDIENTES AL MES ANTERIOR,CONTINUA EN TRAMITE (POR SENTENCIAR) (INV.202501),45887.52778,ORDINARIO,CESE DE ACTUACION MATERIAL,Contencioso Administrativo,6,2do Juzgado de Trabajo
00958-2020-0-2301-JR-LA-01,958,2020,PENDIENTE EN TRÁMITE,TOTAL PENDIENTES AL MES ANTERIOR,RECEPCION  EN DEPENDENCIA POR APELACION - DEVOLUCION,46052.34444,CONTENCIOSO ADMINISTRATIVO,EJECUCION DE RESOLUCION ADMINISTRATIVA,Contencioso Administrativo,6,2do Juzgado de Trabajo
00829-2018-0-2301-JR-LA-02,829,2018,PENDIENTE EN TRÁMITE,TOTAL PENDIENTES AL MES ANTERIOR,CONTINUA EN TRAMITE (POR SENTENCIAR) (INV.202501),45910.73472,ESPECIAL,IMPUGNACION DE ACTO O RESOLUCION ADMINISTRATIVA,Contencioso Administrativo,6,2do Juzgado de Trabajo
01022-2014-0-2301-JR-LA-02,1022,2014,PENDIENTE EN TRÁMITE,TOTAL PENDIENTES AL MES ANTERIOR,CONTINUA EN TRAMITE (POR SENTENCIAR) (INV.202501),45792.54444,ORDINARIO,IMPUGNACION DE DESPIDO,Contencioso Administrativo,6,2do Juzgado de Trabajo
01413-2007-0-2301-JR-CI-02,1413,2007,DE OTRA DEPENDENCIA EN TRAMITE,TOTAL INGRESOS A TRÁMITE,RECEPCION  EN DEPENDENCIA POR REDISTRIBUCION,46199.69028,ABREVIADO,INDEMNIZACION,Contencioso Administrativo,6,4to Juzgado de Trabajo
00835-2024-0-2301-JR-LA-03,835,2024,PENDIENTE EN TRÁMITE,TOTAL PENDIENTES AL MES ANTERIOR,CONTINUA EN TRAMITE (POR SENTENCIAR) (INV.202501),45898.33194,ORDINARIO,INDEMNIZACION POR DESPIDO ARBITRARIO Y OTROS,Contencioso Administrativo,6,2do Juzgado de Trabajo
01609-2023-0-2301-JR-LA-02,1609,2023,PENDIENTE EN TRÁMITE,TOTAL PENDIENTES AL MES ANTERIOR,RECEPCION  EN DEPENDENCIA POR APELACION - DEVOLUCION,46162.67778,ORDINARIO,NULIDAD DE RESOLUCION ADMINISTRATIVA,Contencioso Administrativo,6,2do Juzgado de Trabajo
01742-2012-0-2301-JR-LA-02,1742,2012,PENDIENTE EN TRÁMITE,TOTAL PENDIENTES AL MES ANTERIOR,RECEPCION  EN DEPENDENCIA POR APELACION - DEVOLUCION,46029.69931,ESPECIAL,NULIDAD DE RESOLUCION ADMINISTRATIVA,Contencioso Administrativo,6,2do Juzgado de Trabajo
00388-2017-0-2301-JR-LA-02,388,2017,PENDIENTE EN TRÁMITE,TOTAL PENDIENTES AL MES ANTERIOR,RECEPCION  EN DEPENDENCIA POR APELACION - DEVOLUCION,46133.38958,CONTENCIOSO ADMINISTRATIVO,NULIDAD DE RESOLUCION ADMINISTRATIVA,Contencioso Administrativo,6,2do Juzgado de Trabajo
01874-2022-0-2301-JR-LA-02,1874,2022,PENDIENTE EN TRÁMITE,TOTAL PENDIENTES AL MES ANTERIOR,RECEPCION  EN DEPENDENCIA POR APELACION - DEVOLUCION,46171.65417,CONTENCIOSO ADMINISTRATIVO,NULIDAD DE RESOLUCION ADMINISTRATIVA,Contencioso Administrativo,6,2do Juzgado de Trabajo
00405-2021-0-2301-JR-LA-02,405,2021,PENDIENTE EN TRÁMITE,TOTAL PENDIENTES AL MES ANTERIOR,RECEPCION  DE SENTENCIA DE VISTA QUE ANULA A TRAMITE,46133.64931,CONTENCIOSO ADMINISTRATIVO,NULIDAD DE RESOLUCION ADMINISTRATIVA,Contencioso Administrativo,6,2do Juzgado de Trabajo
02401-2019-0-2301-JR-LA-02,2401,2019,PENDIENTE EN TRÁMITE,TOTAL PENDIENTES AL MES ANTERIOR,RECEPCION  DE SENTENCIA DE VISTA QUE ANULA A TRAMITE,46169.67708,CONTENCIOSO ADMINISTRATIVO,NULIDAD DE RESOLUCION ADMINISTRATIVA,Contencioso Administrativo,6,2do Juzgado de Trabajo
00946-2021-0-2301-JR-LA-03,946,2021,PENDIENTE EN TRÁMITE,TOTAL PENDIENTES AL MES ANTERIOR,RECEPCION  EN DEPENDENCIA POR APELACION - DEVOLUCION,46128.53264,CONTENCIOSO ADMINISTRATIVO,NULIDAD DE RESOLUCION ADMINISTRATIVA,Contencioso Administrativo,6,2do Juzgado de Trabajo
01076-2015-0-2301-JR-LA-02,1076,2015,PENDIENTE EN TRÁMITE,TOTAL PENDIENTES AL MES ANTERIOR,RECEPCION  EN DEPENDENCIA POR APELACION - DEVOLUCION,46108.53194,CONTENCIOSO ADMINISTRATIVO,NULIDAD DE RESOLUCION ADMINISTRATIVA,Contencioso Administrativo,6,2do Juzgado de Trabajo
01693-2017-0-2301-JR-CI-03,1693,2017,PENDIENTE EN TRÁMITE,TOTAL PENDIENTES AL MES ANTERIOR,RECEPCION  EN DEPENDENCIA POR APELACION - DEVOLUCION,46128.69653,CONTENCIOSO ADMINISTRATIVO,NULIDAD DE RESOLUCION ADMINISTRATIVA,Contencioso Administrativo,6,2do Juzgado de Trabajo
00050-2026-0-2301-JR-CI-01,50,2026,PENDIENTE EN TRÁMITE,TOTAL PENDIENTES AL MES ANTERIOR,AUTO ADMISORIO,46078.70556,ORDINARIO,NULIDAD DE RESOLUCION ADMINISTRATIVA,Contencioso Administrativo,6,2do Juzgado de Trabajo
01888-2017-0-2301-JR-LA-02,1888,2017,PENDIENTE EN TRÁMITE,TOTAL PENDIENTES AL MES ANTERIOR,CONTINUA EN TRAMITE (POR SENTENCIAR) (INV.202501),45834.36944,ESPECIAL,NULIDAD DE RESOLUCION ADMINISTRATIVA,Contencioso Administrativo,6,2do Juzgado de Trabajo
01864-2015-0-2301-JR-LA-02,1864,2015,PENDIENTE EN TRÁMITE,TOTAL PENDIENTES AL MES ANTERIOR,CONTINUA EN TRAMITE (POR SENTENCIAR) (INV.202501),45834.41319,ESPECIAL,NULIDAD DE RESOLUCION ADMINISTRATIVA,Contencioso Administrativo,6,2do Juzgado de Trabajo
02356-2025-0-2301-JR-CI-04,2356,2025,PENDIENTE EN TRÁMITE,TOTAL PENDIENTES AL MES ANTERIOR,AUTO DE SANEAMIENTO QUE NO CONCLUYE EL PROCESO (INV.202501),46121.30833,ORDINARIO,NULIDAD DE RESOLUCION ADMINISTRATIVA,Contencioso Administrativo,6,2do Juzgado de Trabajo
00153-2022-0-2301-JR-LA-02,153,2022,PENDIENTE EN TRÁMITE,TOTAL PENDIENTES AL MES ANTERIOR,CONTINUA EN TRAMITE (POR SENTENCIAR) (INV.202501),45926.69931,ESPECIAL,NULIDAD DE RESOLUCION ADMINISTRATIVA,Contencioso Administrativo,6,2do Juzgado de Trabajo
00455-2015-0-2301-JR-LA-02,455,2015,PENDIENTE EN TRÁMITE,TOTAL PENDIENTES AL MES ANTERIOR,CONTINUA EN TRAMITE (POR SENTENCIAR) (INV.202501),45908.3875,ORDINARIO,NULIDAD DE RESOLUCION ADMINISTRATIVA,Contencioso Administrativo,6,2do Juzgado de Trabajo
01599-2019-0-2301-JR-LA-02,1599,2019,PENDIENTE EN TRÁMITE,TOTAL PENDIENTES AL MES ANTERIOR,AUTO DE SANEAMIENTO QUE NO CONCLUYE EL PROCESO (INV.202501),46028.55694,CONTENCIOSO ADMINISTRATIVO,NULIDAD DE RESOLUCION ADMINISTRATIVA,Contencioso Administrativo,6,2do Juzgado de Trabajo
01501-2019-0-2301-JR-LA-02,1501,2019,PENDIENTE EN TRÁMITE,TOTAL PENDIENTES AL MES ANTERIOR,DECRETO PUESTO A DESPACHO PARA SENTENCIAR(ULTIMA SENTENCIA),46034.32014,CONTENCIOSO ADMINISTRATIVO,NULIDAD DE RESOLUCION ADMINISTRATIVA,Contencioso Administrativo,6,2do Juzgado de Trabajo
01909-2017-0-2301-JR-LA-02,1909,2017,PENDIENTE EN TRÁMITE,TOTAL PENDIENTES AL MES ANTERIOR,CONTINUA EN TRAMITE (POR SENTENCIAR) (INV.202501),45797.56181,CONTENCIOSO ADMINISTRATIVO,NULIDAD DE RESOLUCION ADMINISTRATIVA,Contencioso Administrativo,6,2do Juzgado de Trabajo
01123-2010-0-2301-JR-LA-01,1123,2010,PENDIENTE EN TRÁMITE,TOTAL PENDIENTES AL MES ANTERIOR,CONTINUA EN TRAMITE (POR SENTENCIAR) (INV.202501),45740.33056,CONTENCIOSO ADMINISTRATIVO,NULIDAD DE RESOLUCION ADMINISTRATIVA,Contencioso Administrativo,6,2do Juzgado de Trabajo
00380-2026-0-2301-JR-CI-04,380,2026,PENDIENTE EN TRÁMITE,TOTAL PENDIENTES AL MES ANTERIOR,AUTO DE SANEAMIENTO QUE NO CONCLUYE EL PROCESO,46147.33056,ORDINARIO,NULIDAD DE RESOLUCION ADMINISTRATIVA,Contencioso Administrativo,6,2do Juzgado de Trabajo
00630-2018-0-2301-JR-LA-02,630,2018,PENDIENTE EN TRÁMITE,TOTAL PENDIENTES AL MES ANTERIOR,CONTINUA EN TRAMITE (POR SENTENCIAR) (INV.202501),45797.5625,CONTENCIOSO ADMINISTRATIVO,NULIDAD DE RESOLUCION ADMINISTRATIVA,Contencioso Administrativo,6,2do Juzgado de Trabajo
02439-2025-0-2301-JR-CI-01,2439,2025,PENDIENTE EN TRÁMITE,TOTAL PENDIENTES AL MES ANTERIOR,AUTO ADMISORIO,46097.71181,ORDINARIO,NULIDAD DE RESOLUCIÓN O ACTO ADMINISTRATIVO,Contencioso Administrativo,6,4to Juzgado de Trabajo
00648-2026-0-2301-JR-LA-01,648,2026,INGRESO DE DEMANDA IMPROCEDENTE/DENUNCIA NO HA LUGAR,TOTAL INGRESOS A TRÁMITE,AUTO IMPROCEDENTE (INGRESA Y RESUELVE),46183.66597,ORDINARIO,PAGO DE HONORARIOS,Contencioso Administrativo,6,4to Juzgado de Trabajo
00186-2009-0-2301-JR-LA-01,186,2009,PENDIENTE EN TRÁMITE,TOTAL PENDIENTES AL MES ANTERIOR,CONTINUA EN TRAMITE (1RA INSTANCIA) (INV.202501),40742.73194,ESPECIAL,POR DEFINIR,Contencioso Administrativo,6,2do Juzgado de Trabajo
00579-2026-0-2301-JR-LA-01,579,2026,PENDIENTE EN TRÁMITE,TOTAL PENDIENTES AL MES ANTERIOR,AUTO DE SANEAMIENTO QUE NO CONCLUYE EL PROCESO,46167.73403,ORDINARIO,REPOSICION,Contencioso Administrativo,6,2do Juzgado de Trabajo
01059-2025-0-2301-JR-LA-03,1059,2025,PENDIENTE EN TRÁMITE,TOTAL PENDIENTES AL MES ANTERIOR,CONTINUA EN TRAMITE (POR SENTENCIAR) (INV.202501),45908.54097,ORDINARIO,REPOSICION,Contencioso Administrativo,6,2do Juzgado de Trabajo
00765-2026-0-2301-JR-LA-02,765,2026,PENDIENTE EN TRÁMITE,TOTAL PENDIENTES AL MES ANTERIOR,AUTO ADMISORIO,46164.34097,ORDINARIO,RECONOCIMIENTO DEL DERECHO TUTELADO,Contencioso Administrativo,6,2do Juzgado de Trabajo
00744-2026-0-2301-JR-LA-03,744,2026,PENDIENTE EN TRÁMITE,TOTAL PENDIENTES AL MES ANTERIOR,AUTO ADMISORIO,46169.53958,ORDINARIO,RECONOCIMIENTO DEL DERECHO TUTELADO,Contencioso Administrativo,6,2do Juzgado de Trabajo
01895-2025-0-2301-JR-LA-02,1895,2025,PENDIENTE EN TRÁMITE,TOTAL PENDIENTES AL MES ANTERIOR,CONTINUA EN TRAMITE (1RA INSTANCIA),46020.43194,ORDINARIO,RECONOCIMIENTO DEL DERECHO TUTELADO,Contencioso Administrativo,6,2do Juzgado de Trabajo
00662-2026-0-2301-JR-LA-02,662,2026,PENDIENTE EN TRÁMITE,TOTAL PENDIENTES AL MES ANTERIOR,AUTO ADMISORIO,46146.48958,ORDINARIO,RECONOCIMIENTO DEL DERECHO TUTELADO,Contencioso Administrativo,6,2do Juzgado de Trabajo
00791-2026-0-2301-JR-LA-02,791,2026,PENDIENTE EN TRÁMITE,TOTAL PENDIENTES AL MES ANTERIOR,AUTO ADMISORIO,46167.67014,ORDINARIO,RECONOCIMIENTO DEL DERECHO TUTELADO,Contencioso Administrativo,6,2do Juzgado de Trabajo
00727-2026-0-2301-JR-LA-02,727,2026,PENDIENTE EN TRÁMITE,TOTAL PENDIENTES AL MES ANTERIOR,AUTO ADMISORIO,46169.53889,ORDINARIO,RECONOCIMIENTO DEL DERECHO TUTELADO,Contencioso Administrativo,6,2do Juzgado de Trabajo
00709-2026-0-2301-JR-LA-02,709,2026,PENDIENTE EN TRÁMITE,TOTAL PENDIENTES AL MES ANTERIOR,AUTO ADMISORIO,46154.40972,ORDINARIO,DECLARACIÓN DE INEFICACIA DE ACTOS ADMINISTRATIVOS,Contencioso Administrativo,6,2do Juzgado de Trabajo
00555-2026-0-2301-JR-LA-02,555,2026,PENDIENTE EN TRÁMITE,TOTAL PENDIENTES AL MES ANTERIOR,AUTO ADMISORIO,46133.33681,ORDINARIO,RECONOCIMIENTO DEL DERECHO TUTELADO,Contencioso Administrativo,6,2do Juzgado de Trabajo
00697-2026-0-2301-JR-LA-02,697,2026,PENDIENTE EN TRÁMITE,TOTAL PENDIENTES AL MES ANTERIOR,AUTO ADMISORIO,46169.64444,ORDINARIO,DECLARACIÓN DE NULIDAD DE ACTOS ADMINISTRATIVOS,Contencioso Administrativo,6,2do Juzgado de Trabajo
00767-2026-0-2301-JR-LA-02,767,2026,PENDIENTE EN TRÁMITE,TOTAL PENDIENTES AL MES ANTERIOR,AUTO ADMISORIO,46170.52014,ORDINARIO,DECLARACIÓN DE NULIDAD DE ACTOS ADMINISTRATIVOS,Contencioso Administrativo,6,2do Juzgado de Trabajo
00327-2026-0-2301-JR-LA-02,327,2026,PENDIENTE EN TRÁMITE,TOTAL PENDIENTES AL MES ANTERIOR,AUTO ADMISORIO,46106.65278,ORDINARIO,DECLARACIÓN DE NULIDAD DE ACTOS ADMINISTRATIVOS,Contencioso Administrativo,6,2do Juzgado de Trabajo
00716-2026-0-2301-JR-LA-02,716,2026,PENDIENTE EN TRÁMITE,TOTAL PENDIENTES AL MES ANTERIOR,AUTO ADMISORIO,46162.33819,ORDINARIO,DECLARACIÓN DE NULIDAD DE ACTOS ADMINISTRATIVOS,Contencioso Administrativo,6,2do Juzgado de Trabajo
00004-2026-0-2301-JR-LA-02,4,2026,PENDIENTE EN TRÁMITE,TOTAL PENDIENTES AL MES ANTERIOR,AUTO ADMISORIO,46041.74167,ORDINARIO,RECONOCIMIENTO DEL DERECHO TUTELADO,Contencioso Administrativo,6,2do Juzgado de Trabajo
00188-2026-0-2301-JR-LA-02,188,2026,PENDIENTE EN TRÁMITE,TOTAL PENDIENTES AL MES ANTERIOR,AUTO ADMISORIO,46094.52361,ORDINARIO,DECLARACIÓN DE NULIDAD DE ACTOS ADMINISTRATIVOS,Contencioso Administrativo,6,2do Juzgado de Trabajo
00524-2026-0-2301-JR-LA-02,524,2026,PENDIENTE EN TRÁMITE,TOTAL PENDIENTES AL MES ANTERIOR,AUTO ADMISORIO,46134.34306,ORDINARIO,DECLARACIÓN DE INEFICACIA DE ACTOS ADMINISTRATIVOS,Contencioso Administrativo,6,2do Juzgado de Trabajo
01630-2025-0-2301-JR-LA-02,1630,2025,PENDIENTE EN TRÁMITE,TOTAL PENDIENTES AL MES ANTERIOR,CONTINUA EN TRAMITE (1RA INSTANCIA) (INV.202501),45993.67083,ORDINARIO,RECONOCIMIENTO DEL DERECHO TUTELADO,Contencioso Administrativo,6,2do Juzgado de Trabajo
00291-2026-0-2301-JR-LA-02,291,2026,PENDIENTE EN TRÁMITE,TOTAL PENDIENTES AL MES ANTERIOR,AUTO ADMISORIO,46106.65278,ORDINARIO,DECLARACIÓN DE NULIDAD DE ACTOS ADMINISTRATIVOS,Contencioso Administrativo,6,2do Juzgado de Trabajo
01011-2020-0-2301-JR-LA-03,1011,2020,PENDIENTE EN TRÁMITE,TOTAL PENDIENTES AL MES ANTERIOR,RECEPCION  DE SENTENCIA DE VISTA QUE ANULA A TRAMITE,46049.35625,ORDINARIO,RECONOCIMIENTO DEL DERECHO TUTELADO,Contencioso Administrativo,6,2do Juzgado de Trabajo
01199-2025-0-2301-JR-LA-02,1199,2025,PENDIENTE EN TRÁMITE,TOTAL PENDIENTES AL MES ANTERIOR,RECEPCION  DE SENTENCIA DE VISTA QUE ANULA A TRAMITE,46171.69931,ORDINARIO,CUMPLIMIENTO DE ACTUACIONES DISPUESTA POR ACTO ADMINISTRATIVO,Contencioso Administrativo,6,2do Juzgado de Trabajo
00497-2026-0-2301-JR-LA-02,497,2026,PENDIENTE EN TRÁMITE,TOTAL PENDIENTES AL MES ANTERIOR,AUTO ADMISORIO,46122.34236,ORDINARIO,DECLARACIÓN DE INEFICACIA DE ACTOS ADMINISTRATIVOS,Contencioso Administrativo,6,2do Juzgado de Trabajo
00541-2026-0-2301-JR-LA-02,541,2026,PENDIENTE EN TRÁMITE,TOTAL PENDIENTES AL MES ANTERIOR,AUTO ADMISORIO,46126.38542,ORDINARIO,DECLARACIÓN DE NULIDAD DE ACTOS ADMINISTRATIVOS,Contencioso Administrativo,6,2do Juzgado de Trabajo
01779-2025-0-2301-JR-CI-03,1779,2025,PENDIENTE EN TRÁMITE,TOTAL PENDIENTES AL MES ANTERIOR,CONTINUA EN TRAMITE (1RA INSTANCIA) (INV.202501),46007.62222,ORDINARIO,DECLARACIÓN DE INEFICACIA DE ACTOS ADMINISTRATIVOS,Contencioso Administrativo,6,2do Juzgado de Trabajo
00472-2026-0-2301-JR-LA-02,472,2026,PENDIENTE EN TRÁMITE,TOTAL PENDIENTES AL MES ANTERIOR,AUTO ADMISORIO,46118.40764,ORDINARIO,DECLARACIÓN DE INEFICACIA DE ACTOS ADMINISTRATIVOS,Contencioso Administrativo,6,2do Juzgado de Trabajo
00586-2026-0-2301-JR-LA-02,586,2026,PENDIENTE EN TRÁMITE,TOTAL PENDIENTES AL MES ANTERIOR,AUTO ADMISORIO,46134.70069,ORDINARIO,RECONOCIMIENTO DEL DERECHO TUTELADO,Contencioso Administrativo,6,2do Juzgado de Trabajo
00668-2026-0-2301-JR-LA-02,668,2026,PENDIENTE EN TRÁMITE,TOTAL PENDIENTES AL MES ANTERIOR,AUTO ADMISORIO,46154.67847,ORDINARIO,DECLARACIÓN DE NULIDAD DE ACTOS ADMINISTRATIVOS,Contencioso Administrativo,6,2do Juzgado de Trabajo
00707-2026-0-2301-JR-LA-02,707,2026,PENDIENTE EN TRÁMITE,TOTAL PENDIENTES AL MES ANTERIOR,AUTO ADMISORIO,46170.52014,ORDINARIO,RECONOCIMIENTO DEL DERECHO TUTELADO,Contencioso Administrativo,6,2do Juzgado de Trabajo
00601-2026-0-2301-JR-LA-02,601,2026,PENDIENTE EN TRÁMITE,TOTAL PENDIENTES AL MES ANTERIOR,AUTO ADMISORIO,46169.64375,ORDINARIO,DECLARACIÓN DE INEFICACIA DE ACTOS ADMINISTRATIVOS,Contencioso Administrativo,6,2do Juzgado de Trabajo
00656-2026-0-2301-JR-LA-02,656,2026,PENDIENTE EN TRÁMITE,TOTAL PENDIENTES AL MES ANTERIOR,AUTO ADMISORIO,46162.33819,ORDINARIO,DECLARACIÓN DE NULIDAD DE ACTOS ADMINISTRATIVOS,Contencioso Administrativo,6,2do Juzgado de Trabajo
00442-2026-0-2301-JR-LA-02,442,2026,PENDIENTE EN TRÁMITE,TOTAL PENDIENTES AL MES ANTERIOR,AUTO ADMISORIO,46112.45556,ORDINARIO,RECONOCIMIENTO DEL DERECHO TUTELADO,Contencioso Administrativo,6,2do Juzgado de Trabajo
00561-2026-0-2301-JR-LA-02,561,2026,PENDIENTE EN TRÁMITE,TOTAL PENDIENTES AL MES ANTERIOR,AUTO ADMISORIO,46126.42917,ORDINARIO,RECONOCIMIENTO DEL DERECHO TUTELADO,Contencioso Administrativo,6,2do Juzgado de Trabajo
00421-2026-0-2301-JR-LA-02,421,2026,PENDIENTE EN TRÁMITE,TOTAL PENDIENTES AL MES ANTERIOR,AUTO ADMISORIO,46142.68194,ORDINARIO,DECLARACIÓN DE NULIDAD DE ACTOS ADMINISTRATIVOS,Contencioso Administrativo,6,2do Juzgado de Trabajo
00713-2026-0-2301-JR-LA-02,713,2026,PENDIENTE EN TRÁMITE,TOTAL PENDIENTES AL MES ANTERIOR,AUTO ADMISORIO,46162.33819,ORDINARIO,DECLARACIÓN DE NULIDAD DE ACTOS ADMINISTRATIVOS,Contencioso Administrativo,6,2do Juzgado de Trabajo
00483-2026-0-2301-JR-LA-02,483,2026,PENDIENTE EN TRÁMITE,TOTAL PENDIENTES AL MES ANTERIOR,AUTO ADMISORIO,46118.40764,ORDINARIO,DECLARACIÓN DE NULIDAD DE ACTOS ADMINISTRATIVOS,Contencioso Administrativo,6,2do Juzgado de Trabajo
00470-2026-0-2301-JR-LA-02,470,2026,PENDIENTE EN TRÁMITE,TOTAL PENDIENTES AL MES ANTERIOR,AUTO ADMISORIO,46126.55903,ORDINARIO,RECONOCIMIENTO DEL DERECHO TUTELADO,Contencioso Administrativo,6,2do Juzgado de Trabajo
00625-2026-0-2301-JR-LA-01,625,2026,PENDIENTE EN TRÁMITE,TOTAL PENDIENTES AL MES ANTERIOR,AUTO ADMISORIO,46154.40139,ORDINARIO,RECONOCIMIENTO DEL DERECHO TUTELADO,Contencioso Administrativo,6,2do Juzgado de Trabajo
00213-2026-0-2301-JR-LA-02,213,2026,PENDIENTE EN TRÁMITE,TOTAL PENDIENTES AL MES ANTERIOR,AUTO ADMISORIO,46112.45556,ORDINARIO,RECONOCIMIENTO DEL DERECHO TUTELADO,Contencioso Administrativo,6,2do Juzgado de Trabajo
00830-2026-0-2301-JR-LA-02,830,2026,PENDIENTE EN TRÁMITE,TOTAL PENDIENTES AL MES ANTERIOR,AUTO ADMISORIO,46171.62361,ORDINARIO,RECONOCIMIENTO DEL DERECHO TUTELADO,Contencioso Administrativo,6,2do Juzgado de Trabajo
00721-2026-0-2301-JR-LA-02,721,2026,PENDIENTE EN TRÁMITE,TOTAL PENDIENTES AL MES ANTERIOR,AUTO ADMISORIO,46160.63681,ORDINARIO,RECONOCIMIENTO DEL DERECHO TUTELADO,Contencioso Administrativo,6,2do Juzgado de Trabajo
02437-2025-0-2301-JR-CI-01,2437,2025,PENDIENTE EN TRÁMITE,TOTAL PENDIENTES AL MES ANTERIOR,AUTO ADMISORIO (INV.202501),46048.67083,ORDINARIO,RECONOCIMIENTO DEL DERECHO TUTELADO,Contencioso Administrativo,6,2do Juzgado de Trabajo
00303-2026-0-2301-JR-LA-02,303,2026,PENDIENTE EN TRÁMITE,TOTAL PENDIENTES AL MES ANTERIOR,AUTO ADMISORIO,46106.65278,ORDINARIO,RECONOCIMIENTO DEL DERECHO TUTELADO,Contencioso Administrativo,6,2do Juzgado de Trabajo
00749-2026-0-2301-JR-LA-02,749,2026,PENDIENTE EN TRÁMITE,TOTAL PENDIENTES AL MES ANTERIOR,AUTO ADMISORIO,46163.70417,URGENTE,CUMPLIMIENTO DE ACTUACIONES DISPUESTA POR ACTO ADMINISTRATIVO,Contencioso Administrativo,6,2do Juzgado de Trabajo
01665-2025-0-2301-JR-LA-02,1665,2025,PENDIENTE EN TRÁMITE,TOTAL PENDIENTES AL MES ANTERIOR,CONTINUA EN TRAMITE (1RA INSTANCIA) (INV.202501),45993.67014,ORDINARIO,CUMPLIMIENTO DE ACTUACIONES DISPUESTA POR LEY,Contencioso Administrativo,6,2do Juzgado de Trabajo
01363-2025-0-2301-JR-LA-02,1363,2025,PENDIENTE EN TRÁMITE,TOTAL PENDIENTES AL MES ANTERIOR,RECEPCION  DE SENTENCIA DE VISTA QUE ANULA A TRAMITE,46049.34722,ORDINARIO,DECLARACIÓN DE NULIDAD DE ACTOS ADMINISTRATIVOS,Contencioso Administrativo,6,2do Juzgado de Trabajo
01046-2017-0-2301-JR-LA-02,1046,2017,PENDIENTE EN TRÁMITE,TOTAL PENDIENTES AL MES ANTERIOR,CONTINUA EN TRAMITE (1RA INSTANCIA) (INV.202501),45695.70972,ORDINARIO,RECONOCIMIENTO DEL DERECHO TUTELADO,Contencioso Administrativo,6,2do Juzgado de Trabajo
00514-2026-0-2301-JR-LA-02,514,2026,PENDIENTE EN TRÁMITE,TOTAL PENDIENTES AL MES ANTERIOR,AUTO ADMISORIO,46118.51875,ORDINARIO,CUMPLIMIENTO DE ACTUACIONES DISPUESTA POR ACTO ADMINISTRATIVO,Contencioso Administrativo,6,2do Juzgado de Trabajo
00548-2026-0-2301-JR-LA-02,548,2026,PENDIENTE EN TRÁMITE,TOTAL PENDIENTES AL MES ANTERIOR,AUTO ADMISORIO,46126.42847,ORDINARIO,DECLARACIÓN DE NULIDAD DE ACTOS ADMINISTRATIVOS,Contencioso Administrativo,6,2do Juzgado de Trabajo
00330-2026-0-2301-JR-LA-02,330,2026,PENDIENTE EN TRÁMITE,TOTAL PENDIENTES AL MES ANTERIOR,AUTO ADMISORIO,46091.63542,ORDINARIO,DECLARACIÓN DE NULIDAD DE ACTOS ADMINISTRATIVOS,Contencioso Administrativo,6,2do Juzgado de Trabajo
00787-2026-0-2301-JR-LA-02,787,2026,PENDIENTE EN TRÁMITE,TOTAL PENDIENTES AL MES ANTERIOR,AUTO ADMISORIO,46169.53958,ORDINARIO,RECONOCIMIENTO DEL DERECHO TUTELADO,Contencioso Administrativo,6,2do Juzgado de Trabajo
00217-2026-0-2301-JR-LA-02,217,2026,PENDIENTE EN TRÁMITE,TOTAL PENDIENTES AL MES ANTERIOR,AUTO ADMISORIO,46098.54931,ORDINARIO,RECONOCIMIENTO DEL DERECHO TUTELADO,Contencioso Administrativo,6,2do Juzgado de Trabajo
00789-2026-0-2301-JR-LA-02,789,2026,PENDIENTE EN TRÁMITE,TOTAL PENDIENTES AL MES ANTERIOR,AUTO ADMISORIO,46167.66944,ORDINARIO,RECONOCIMIENTO DEL DERECHO TUTELADO,Contencioso Administrativo,6,2do Juzgado de Trabajo
00754-2026-0-2301-JR-LA-02,754,2026,PENDIENTE EN TRÁMITE,TOTAL PENDIENTES AL MES ANTERIOR,AUTO ADMISORIO,46170.52014,ORDINARIO,RESTABLECIMIENTO DEL DERECHO TUTELADO,Contencioso Administrativo,6,2do Juzgado de Trabajo
00546-2024-0-2301-JR-LA-02,546,2024,PENDIENTE EN TRÁMITE,TOTAL PENDIENTES AL MES ANTERIOR,RECEPCION  EN DEPENDENCIA POR APELACION - DEVOLUCION,46129.60833,ORDINARIO,DECLARACIÓN DE NULIDAD DE ACTOS ADMINISTRATIVOS,Contencioso Administrativo,6,2do Juzgado de Trabajo
00718-2026-0-2301-JR-LA-02,718,2026,PENDIENTE EN TRÁMITE,TOTAL PENDIENTES AL MES ANTERIOR,AUTO ADMISORIO,46169.53958,ORDINARIO,RECONOCIMIENTO DEL DERECHO TUTELADO,Contencioso Administrativo,6,2do Juzgado de Trabajo
00591-2026-0-2301-JR-LA-02,591,2026,PENDIENTE EN TRÁMITE,TOTAL PENDIENTES AL MES ANTERIOR,AUTO ADMISORIO,46133.33611,ORDINARIO,RECONOCIMIENTO DEL DERECHO TUTELADO,Contencioso Administrativo,6,2do Juzgado de Trabajo
01595-2025-0-2301-JR-LA-02,1595,2025,PENDIENTE EN TRÁMITE,TOTAL PENDIENTES AL MES ANTERIOR,CONTINUA EN TRAMITE (1RA INSTANCIA) (INV.202501),45995.7,ORDINARIO,RECONOCIMIENTO DEL DERECHO TUTELADO,Contencioso Administrativo,6,2do Juzgado de Trabajo
00756-2026-0-2301-JR-LA-02,756,2026,PENDIENTE EN TRÁMITE,TOTAL PENDIENTES AL MES ANTERIOR,AUTO ADMISORIO,46163.70417,ORDINARIO,RECONOCIMIENTO DEL DERECHO TUTELADO,Contencioso Administrativo,6,2do Juzgado de Trabajo
00409-2026-0-2301-JR-LA-02,409,2026,PENDIENTE EN TRÁMITE,TOTAL PENDIENTES AL MES ANTERIOR,AUTO ADMISORIO,46140.52222,ORDINARIO,DECLARACIÓN DE NULIDAD DE ACTOS ADMINISTRATIVOS,Contencioso Administrativo,6,2do Juzgado de Trabajo
00819-2026-0-2301-JR-LA-03,819,2026,PENDIENTE EN TRÁMITE,TOTAL PENDIENTES AL MES ANTERIOR,AUTO ADMISORIO,46171.62361,URGENTE,CUMPLIMIENTO DE ACTUACIONES DISPUESTA POR ACTO ADMINISTRATIVO,Contencioso Administrativo,6,2do Juzgado de Trabajo
00699-2026-0-2301-JR-LA-02,699,2026,PENDIENTE EN TRÁMITE,TOTAL PENDIENTES AL MES ANTERIOR,AUTO ADMISORIO,46154.67847,ORDINARIO,RECONOCIMIENTO DEL DERECHO TUTELADO,Contencioso Administrativo,6,2do Juzgado de Trabajo
00741-2026-0-2301-JR-LA-02,741,2026,PENDIENTE EN TRÁMITE,TOTAL PENDIENTES AL MES ANTERIOR,AUTO ADMISORIO,46160.40833,ORDINARIO,RECONOCIMIENTO DEL DERECHO TUTELADO,Contencioso Administrativo,6,2do Juzgado de Trabajo
00804-2026-0-2301-JR-LA-02,804,2026,PENDIENTE EN TRÁMITE,TOTAL PENDIENTES AL MES ANTERIOR,AUTO ADMISORIO,46171.34306,ORDINARIO,RESTABLECIMIENTO DEL DERECHO TUTELADO,Contencioso Administrativo,6,2do Juzgado de Trabajo
00679-2026-0-2301-JR-LA-02,679,2026,PENDIENTE EN TRÁMITE,TOTAL PENDIENTES AL MES ANTERIOR,AUTO ADMISORIO,46146.70833,ORDINARIO,RECONOCIMIENTO DEL DERECHO TUTELADO,Contencioso Administrativo,6,2do Juzgado de Trabajo
00823-2026-0-2301-JR-LA-02,823,2026,PENDIENTE EN TRÁMITE,TOTAL PENDIENTES AL MES ANTERIOR,AUTO ADMISORIO,46171.62361,ORDINARIO,RECONOCIMIENTO DEL DERECHO TUTELADO,Contencioso Administrativo,6,2do Juzgado de Trabajo
01687-2025-0-2301-JR-LA-02,1687,2025,PENDIENTE EN TRÁMITE,TOTAL PENDIENTES AL MES ANTERIOR,CONTINUA EN TRAMITE (1RA INSTANCIA) (INV.202501),45985.49792,ORDINARIO,DECLARACIÓN DE NULIDAD DE ACTOS ADMINISTRATIVOS,Contencioso Administrativo,6,2do Juzgado de Trabajo
00778-2026-0-2301-JR-LA-02,778,2026,PENDIENTE EN TRÁMITE,TOTAL PENDIENTES AL MES ANTERIOR,AUTO ADMISORIO,46164.46181,ORDINARIO,DECLARACIÓN DE NULIDAD DE ACTOS ADMINISTRATIVOS,Contencioso Administrativo,6,2do Juzgado de Trabajo
00687-2026-0-2301-JR-LA-02,687,2026,PENDIENTE EN TRÁMITE,TOTAL PENDIENTES AL MES ANTERIOR,AUTO ADMISORIO,46150.35486,ORDINARIO,DECLARACIÓN DE NULIDAD DE ACTOS ADMINISTRATIVOS,Contencioso Administrativo,6,2do Juzgado de Trabajo
00501-2026-0-2301-JR-LA-02,501,2026,PENDIENTE EN TRÁMITE,TOTAL PENDIENTES AL MES ANTERIOR,AUTO ADMISORIO,46126.55903,ORDINARIO,DECLARACIÓN DE NULIDAD DE ACTOS ADMINISTRATIVOS,Contencioso Administrativo,6,2do Juzgado de Trabajo
00307-2026-0-2301-JR-LA-02,307,2026,PENDIENTE EN TRÁMITE,TOTAL PENDIENTES AL MES ANTERIOR,AUTO ADMISORIO,46112.47708,ORDINARIO,DECLARACIÓN DE NULIDAD DE ACTOS ADMINISTRATIVOS,Contencioso Administrativo,6,2do Juzgado de Trabajo
00776-2026-0-2301-JR-LA-02,776,2026,PENDIENTE EN TRÁMITE,TOTAL PENDIENTES AL MES ANTERIOR,AUTO ADMISORIO,46167.6625,ORDINARIO,RECONOCIMIENTO DEL DERECHO TUTELADO,Contencioso Administrativo,6,2do Juzgado de Trabajo
01913-2025-0-2301-JR-LA-02,1913,2025,PENDIENTE EN TRÁMITE,TOTAL PENDIENTES AL MES ANTERIOR,AUTO ADMISORIO (INV.202501),46097.92014,ORDINARIO,DECLARACIÓN DE NULIDAD DE ACTOS ADMINISTRATIVOS,Contencioso Administrativo,6,2do Juzgado de Trabajo
00605-2026-0-2301-JR-LA-02,605,2026,PENDIENTE EN TRÁMITE,TOTAL PENDIENTES AL MES ANTERIOR,AUTO ADMISORIO,46134.34236,ORDINARIO,RECONOCIMIENTO DEL DERECHO TUTELADO,Contencioso Administrativo,6,2do Juzgado de Trabajo
01906-2025-0-2301-JR-LA-02,1906,2025,PENDIENTE EN TRÁMITE,TOTAL PENDIENTES AL MES ANTERIOR,AUTO DE SANEAMIENTO QUE NO CONCLUYE EL PROCESO (INV.202501),46057.33403,ORDINARIO,RECONOCIMIENTO DEL DERECHO TUTELADO,Contencioso Administrativo,6,2do Juzgado de Trabajo
00168-2026-0-2301-JR-LA-02,168,2026,PENDIENTE EN TRÁMITE,TOTAL PENDIENTES AL MES ANTERIOR,AUTO DE SANEAMIENTO QUE NO CONCLUYE EL PROCESO,46155.43264,ORDINARIO,DECLARACIÓN DE NULIDAD DE ACTOS ADMINISTRATIVOS,Contencioso Administrativo,6,2do Juzgado de Trabajo
01808-2025-0-2301-JR-LA-02,1808,2025,PENDIENTE EN TRÁMITE,TOTAL PENDIENTES AL MES ANTERIOR,AUTO DE SANEAMIENTO QUE NO CONCLUYE EL PROCESO (INV.202501),46105.67708,ORDINARIO,DECLARACIÓN DE NULIDAD DE ACTOS ADMINISTRATIVOS,Contencioso Administrativo,6,2do Juzgado de Trabajo
01830-2025-0-2301-JR-LA-02,1830,2025,PENDIENTE EN TRÁMITE,TOTAL PENDIENTES AL MES ANTERIOR,AUTO DE SANEAMIENTO QUE NO CONCLUYE EL PROCESO (INV.202501),46112.50625,ORDINARIO,RECONOCIMIENTO DEL DERECHO TUTELADO,Contencioso Administrativo,6,2do Juzgado de Trabajo
00454-2026-0-2301-JR-LA-01,454,2026,PENDIENTE EN TRÁMITE,TOTAL PENDIENTES AL MES ANTERIOR,AUTO DE SANEAMIENTO QUE NO CONCLUYE EL PROCESO,46154.68958,ORDINARIO,RECONOCIMIENTO DEL DERECHO TUTELADO,Contencioso Administrativo,6,2do Juzgado de Trabajo
00259-2026-0-2301-JR-LA-02,259,2026,PENDIENTE EN TRÁMITE,TOTAL PENDIENTES AL MES ANTERIOR,AUTO DE SANEAMIENTO QUE NO CONCLUYE EL PROCESO,46133.71597,ORDINARIO,DECLARACIÓN DE NULIDAD DE ACTOS ADMINISTRATIVOS,Contencioso Administrativo,6,2do Juzgado de Trabajo
00503-2026-0-2301-JR-LA-02,503,2026,PENDIENTE EN TRÁMITE,TOTAL PENDIENTES AL MES ANTERIOR,AUTO DE SANEAMIENTO QUE NO CONCLUYE EL PROCESO,46134.69306,ORDINARIO,DECLARACIÓN DE NULIDAD DE ACTOS ADMINISTRATIVOS,Contencioso Administrativo,6,2do Juzgado de Trabajo
01431-2024-0-2301-JR-LA-02,1431,2024,PENDIENTE EN TRÁMITE,TOTAL PENDIENTES AL MES ANTERIOR,CONTINUA EN TRAMITE (POR SENTENCIAR) (INV.202501),45936.37292,ORDINARIO,RECONOCIMIENTO DEL DERECHO TUTELADO,Contencioso Administrativo,6,2do Juzgado de Trabajo
01257-2025-0-2301-JR-LA-02,1257,2025,PENDIENTE EN TRÁMITE,TOTAL PENDIENTES AL MES ANTERIOR,CONTINUA EN TRAMITE (POR SENTENCIAR) (INV.202501),45925.47708,ORDINARIO,RECONOCIMIENTO DEL DERECHO TUTELADO,Contencioso Administrativo,6,2do Juzgado de Trabajo
00257-2026-0-2301-JR-LA-02,257,2026,PENDIENTE EN TRÁMITE,TOTAL PENDIENTES AL MES ANTERIOR,AUTO DE SANEAMIENTO QUE NO CONCLUYE EL PROCESO,46120.70069,ORDINARIO,DECLARACIÓN DE NULIDAD DE ACTOS ADMINISTRATIVOS,Contencioso Administrativo,6,2do Juzgado de Trabajo
01651-2025-0-2301-JR-LA-02,1651,2025,PENDIENTE EN TRÁMITE,TOTAL PENDIENTES AL MES ANTERIOR,AUTO DE SANEAMIENTO QUE NO CONCLUYE EL PROCESO (INV.202501),46072.69583,ORDINARIO,RESTABLECIMIENTO DEL DERECHO TUTELADO,Contencioso Administrativo,6,2do Juzgado de Trabajo
01518-2025-0-2301-JR-LA-02,1518,2025,PENDIENTE EN TRÁMITE,TOTAL PENDIENTES AL MES ANTERIOR,CONTINUA EN TRAMITE (POR SENTENCIAR) (INV.202501),46008.65069,ORDINARIO,DECLARACIÓN DE NULIDAD DE ACTOS ADMINISTRATIVOS,Contencioso Administrativo,6,2do Juzgado de Trabajo
01399-2025-0-2301-JR-LA-02,1399,2025,PENDIENTE EN TRÁMITE,TOTAL PENDIENTES AL MES ANTERIOR,CONTINUA EN TRAMITE (POR SENTENCIAR) (INV.202501),46020.73889,ORDINARIO,DECLARACIÓN DE INEFICACIA DE ACTOS ADMINISTRATIVOS,Contencioso Administrativo,6,2do Juzgado de Trabajo
00207-2026-0-2301-JR-LA-02,207,2026,PENDIENTE EN TRÁMITE,TOTAL PENDIENTES AL MES ANTERIOR,AUTO DE SANEAMIENTO QUE NO CONCLUYE EL PROCESO,46101.69861,ORDINARIO,RECONOCIMIENTO DEL DERECHO TUTELADO,Contencioso Administrativo,6,2do Juzgado de Trabajo
00640-2023-0-2301-JR-LA-02,640,2023,PENDIENTE EN TRÁMITE,TOTAL PENDIENTES AL MES ANTERIOR,CONTINUA EN TRAMITE (POR SENTENCIAR) (INV.202501),45883.51944,ORDINARIO,DECLARACIÓN DE NULIDAD DE ACTOS ADMINISTRATIVOS,Contencioso Administrativo,6,2do Juzgado de Trabajo
01233-2025-0-2301-JR-LA-03,1233,2025,PENDIENTE EN TRÁMITE,TOTAL PENDIENTES AL MES ANTERIOR,CONTINUA EN TRAMITE (POR SENTENCIAR) (INV.202501),45951.67292,ORDINARIO,RECONOCIMIENTO DEL DERECHO TUTELADO,Contencioso Administrativo,6,2do Juzgado de Trabajo
01001-2025-0-2301-JR-LA-02,1001,2025,PENDIENTE EN TRÁMITE,TOTAL PENDIENTES AL MES ANTERIOR,CONTINUA EN TRAMITE (POR SENTENCIAR) (INV.202501),45876.425,ORDINARIO,CUMPLIMIENTO DE ACTUACIONES DISPUESTA POR ACTO ADMINISTRATIVO,Contencioso Administrativo,6,2do Juzgado de Trabajo
01562-2025-0-2301-JR-LA-02,1562,2025,PENDIENTE EN TRÁMITE,TOTAL PENDIENTES AL MES ANTERIOR,CONTINUA EN TRAMITE (POR SENTENCIAR),45986.54722,ORDINARIO,DECLARACIÓN DE NULIDAD DE ACTOS ADMINISTRATIVOS,Contencioso Administrativo,6,2do Juzgado de Trabajo
00529-2026-0-2301-JR-LA-02,529,2026,PENDIENTE EN TRÁMITE,TOTAL PENDIENTES AL MES ANTERIOR,AUTO DE SANEAMIENTO QUE NO CONCLUYE EL PROCESO,46164.72639,ORDINARIO,DECLARACIÓN DE NULIDAD DE ACTOS ADMINISTRATIVOS,Contencioso Administrativo,6,2do Juzgado de Trabajo
00055-2026-0-2301-JR-LA-02,55,2026,PENDIENTE EN TRÁMITE,TOTAL PENDIENTES AL MES ANTERIOR,AUTO DE SANEAMIENTO QUE NO CONCLUYE EL PROCESO,46087.55486,ORDINARIO,DECLARACIÓN DE NULIDAD DE ACTOS ADMINISTRATIVOS,Contencioso Administrativo,6,2do Juzgado de Trabajo
00346-2026-0-2301-JR-LA-02,346,2026,PENDIENTE EN TRÁMITE,TOTAL PENDIENTES AL MES ANTERIOR,AUTO DE SANEAMIENTO QUE NO CONCLUYE EL PROCESO,46120.50972,ORDINARIO,RECONOCIMIENTO DEL DERECHO TUTELADO,Contencioso Administrativo,6,2do Juzgado de Trabajo
01030-2025-0-2301-JR-LA-02,1030,2025,PENDIENTE EN TRÁMITE,TOTAL PENDIENTES AL MES ANTERIOR,CONTINUA EN TRAMITE (POR SENTENCIAR) (INV.202501),45881.67083,ORDINARIO,DECLARACIÓN DE NULIDAD DE ACTOS ADMINISTRATIVOS,Contencioso Administrativo,6,2do Juzgado de Trabajo
00125-2026-0-2301-JR-LA-02,125,2026,PENDIENTE EN TRÁMITE,TOTAL PENDIENTES AL MES ANTERIOR,AUTO DE SANEAMIENTO QUE NO CONCLUYE EL PROCESO,46094.71111,ORDINARIO,RESTABLECIMIENTO DEL DERECHO TUTELADO,Contencioso Administrativo,6,2do Juzgado de Trabajo
00135-2026-0-2301-JR-LA-02,135,2026,PENDIENTE EN TRÁMITE,TOTAL PENDIENTES AL MES ANTERIOR,AUTO DE SANEAMIENTO QUE NO CONCLUYE EL PROCESO,46073.69167,ORDINARIO,CUMPLIMIENTO DE ACTUACIONES DISPUESTA POR ACTO ADMINISTRATIVO,Contencioso Administrativo,6,2do Juzgado de Trabajo
00318-2026-0-2301-JR-LA-02,318,2026,PENDIENTE EN TRÁMITE,TOTAL PENDIENTES AL MES ANTERIOR,AUTO DE SANEAMIENTO QUE NO CONCLUYE EL PROCESO,46108.73403,ORDINARIO,DECLARACIÓN DE NULIDAD DE ACTOS ADMINISTRATIVOS,Contencioso Administrativo,6,2do Juzgado de Trabajo
00040-2026-0-2301-JR-CI-02,40,2026,PENDIENTE EN TRÁMITE,TOTAL PENDIENTES AL MES ANTERIOR,AUTO DE SANEAMIENTO QUE NO CONCLUYE EL PROCESO,46161.64653,ORDINARIO,RECONOCIMIENTO DEL DERECHO TUTELADO,Contencioso Administrativo,6,2do Juzgado de Trabajo
00963-2025-0-2301-JR-LA-02,963,2025,PENDIENTE EN TRÁMITE,TOTAL PENDIENTES AL MES ANTERIOR,CONTINUA EN TRAMITE (POR SENTENCIAR) (INV.202501),45918.65903,ORDINARIO,DECLARACIÓN DE NULIDAD DE ACTOS ADMINISTRATIVOS,Contencioso Administrativo,6,2do Juzgado de Trabajo
01616-2024-0-2301-JR-LA-02,1616,2024,PENDIENTE EN TRÁMITE,TOTAL PENDIENTES AL MES ANTERIOR,DECRETO PUESTO A DESPACHO PARA SENTENCIAR(ULTIMA SENTENCIA),46122.68819,ORDINARIO,DECLARACIÓN DE NULIDAD DE ACTOS ADMINISTRATIVOS,Contencioso Administrativo,6,2do Juzgado de Trabajo
00383-2026-0-2301-JR-LA-02,383,2026,PENDIENTE EN TRÁMITE,TOTAL PENDIENTES AL MES ANTERIOR,AUTO DE SANEAMIENTO QUE NO CONCLUYE EL PROCESO,46128.64236,ORDINARIO,CUMPLIMIENTO DE ACTUACIONES DISPUESTA POR LEY,Contencioso Administrativo,6,2do Juzgado de Trabajo
01552-2025-0-2301-JR-LA-02,1552,2025,PENDIENTE EN TRÁMITE,TOTAL PENDIENTES AL MES ANTERIOR,AUTO DE SANEAMIENTO QUE NO CONCLUYE EL PROCESO (INV.202501),46045.64097,ORDINARIO,DECLARACIÓN DE NULIDAD DE ACTOS ADMINISTRATIVOS,Contencioso Administrativo,6,2do Juzgado de Trabajo
01507-2025-0-2301-JR-LA-02,1507,2025,PENDIENTE EN TRÁMITE,TOTAL PENDIENTES AL MES ANTERIOR,CONTINUA EN TRAMITE (POR SENTENCIAR) (INV.202501),46014.65625,ORDINARIO,DECLARACIÓN DE NULIDAD DE ACTOS ADMINISTRATIVOS,Contencioso Administrativo,6,2do Juzgado de Trabajo
00139-2026-0-2301-JR-LA-02,139,2026,PENDIENTE EN TRÁMITE,TOTAL PENDIENTES AL MES ANTERIOR,DECRETO PUESTO A DESPACHO PARA SENTENCIAR(ULTIMA SENTENCIA),46113.69861,ORDINARIO,RESTABLECIMIENTO DEL DERECHO TUTELADO,Contencioso Administrativo,6,2do Juzgado de Trabajo
01766-2025-0-2301-JR-LA-01,1766,2025,PENDIENTE EN TRÁMITE,TOTAL PENDIENTES AL MES ANTERIOR,AUTO DE SANEAMIENTO QUE NO CONCLUYE EL PROCESO (INV.202501),46065.71111,ORDINARIO,DECLARACIÓN DE INEFICACIA DE ACTOS ADMINISTRATIVOS,Contencioso Administrativo,6,2do Juzgado de Trabajo
00170-2026-0-2301-JR-LA-02,170,2026,PENDIENTE EN TRÁMITE,TOTAL PENDIENTES AL MES ANTERIOR,AUTO DE SANEAMIENTO QUE NO CONCLUYE EL PROCESO,46171.73681,ORDINARIO,CUMPLIMIENTO DE ACTUACIONES DISPUESTA POR ACTO ADMINISTRATIVO,Contencioso Administrativo,6,2do Juzgado de Trabajo
00430-2026-0-2301-JR-LA-02,430,2026,PENDIENTE EN TRÁMITE,TOTAL PENDIENTES AL MES ANTERIOR,AUTO DE SANEAMIENTO QUE NO CONCLUYE EL PROCESO,46135.375,ORDINARIO,DECLARACIÓN DE NULIDAD DE ACTOS ADMINISTRATIVOS,Contencioso Administrativo,6,2do Juzgado de Trabajo
00163-2026-0-2301-JR-LA-02,163,2026,PENDIENTE EN TRÁMITE,TOTAL PENDIENTES AL MES ANTERIOR,AUTO DE SANEAMIENTO QUE NO CONCLUYE EL PROCESO,46169.59375,ORDINARIO,RECONOCIMIENTO DEL DERECHO TUTELADO,Contencioso Administrativo,6,2do Juzgado de Trabajo
00151-2026-0-2301-JR-LA-02,151,2026,PENDIENTE EN TRÁMITE,TOTAL PENDIENTES AL MES ANTERIOR,AUTO DE SANEAMIENTO QUE NO CONCLUYE EL PROCESO,46163.70278,ORDINARIO,RECONOCIMIENTO DEL DERECHO TUTELADO,Contencioso Administrativo,6,2do Juzgado de Trabajo
01053-2025-0-2301-JR-LA-02,1053,2025,PENDIENTE EN TRÁMITE,TOTAL PENDIENTES AL MES ANTERIOR,CONTINUA EN TRAMITE (POR SENTENCIAR) (INV.202501),45882.49167,ORDINARIO,DECLARACIÓN DE NULIDAD DE ACTOS ADMINISTRATIVOS,Contencioso Administrativo,6,2do Juzgado de Trabajo
01366-2024-0-2301-JR-LA-02,1366,2024,PENDIENTE EN TRÁMITE,TOTAL PENDIENTES AL MES ANTERIOR,CONTINUA EN TRAMITE (POR SENTENCIAR) (INV.202501),45853.38611,ORDINARIO,DECLARACIÓN DE NULIDAD DE ACTOS ADMINISTRATIVOS,Contencioso Administrativo,6,2do Juzgado de Trabajo
00553-2026-0-2301-JR-LA-02,553,2026,PENDIENTE EN TRÁMITE,TOTAL PENDIENTES AL MES ANTERIOR,AUTO DE SANEAMIENTO QUE NO CONCLUYE EL PROCESO,46147.55486,ORDINARIO,RECONOCIMIENTO DEL DERECHO TUTELADO,Contencioso Administrativo,6,2do Juzgado de Trabajo
00177-2026-0-2301-JR-LA-02,177,2026,PENDIENTE EN TRÁMITE,TOTAL PENDIENTES AL MES ANTERIOR,AUTO DE SANEAMIENTO QUE NO CONCLUYE EL PROCESO,46097.70139,ORDINARIO,DECLARACIÓN DE NULIDAD DE ACTOS ADMINISTRATIVOS,Contencioso Administrativo,6,2do Juzgado de Trabajo
01532-2023-0-2301-JR-LA-02,1532,2023,PENDIENTE EN TRÁMITE,TOTAL PENDIENTES AL MES ANTERIOR,CONTINUA EN TRAMITE (POR SENTENCIAR) (INV.202501),45813.52153,ORDINARIO,RESTABLECIMIENTO DEL DERECHO TUTELADO,Contencioso Administrativo,6,2do Juzgado de Trabajo
01899-2025-0-2301-JR-LA-02,1899,2025,PENDIENTE EN TRÁMITE,TOTAL PENDIENTES AL MES ANTERIOR,AUTO DE SANEAMIENTO QUE NO CONCLUYE EL PROCESO (INV.202501),46041.62014,ORDINARIO,DECLARACIÓN DE NULIDAD DE ACTOS ADMINISTRATIVOS,Contencioso Administrativo,6,2do Juzgado de Trabajo
00982-2025-0-2301-JR-LA-02,982,2025,PENDIENTE EN TRÁMITE,TOTAL PENDIENTES AL MES ANTERIOR,CONTINUA EN TRAMITE (POR SENTENCIAR) (INV.202501),45936.50833,ORDINARIO,DECLARACIÓN DE NULIDAD DE ACTOS ADMINISTRATIVOS,Contencioso Administrativo,6,2do Juzgado de Trabajo
01229-2025-0-2301-JR-LA-02,1229,2025,PENDIENTE EN TRÁMITE,TOTAL PENDIENTES AL MES ANTERIOR,AUTO DE SANEAMIENTO QUE NO CONCLUYE EL PROCESO (INV.202501),46035.65556,ORDINARIO,RESTABLECIMIENTO DEL DERECHO TUTELADO,Contencioso Administrativo,6,2do Juzgado de Trabajo
00781-2025-0-2301-JR-LA-02,781,2025,PENDIENTE EN TRÁMITE,TOTAL PENDIENTES AL MES ANTERIOR,CONTINUA EN TRAMITE (POR SENTENCIAR) (INV.202501),45868.47778,ORDINARIO,DECLARACIÓN DE NULIDAD DE ACTOS ADMINISTRATIVOS,Contencioso Administrativo,6,2do Juzgado de Trabajo
00787-2025-0-2301-JR-LA-02,787,2025,PENDIENTE EN TRÁMITE,TOTAL PENDIENTES AL MES ANTERIOR,CONTINUA EN TRAMITE (POR SENTENCIAR) (INV.202501),45821.67083,URGENTE,RESTABLECIMIENTO DEL DERECHO TUTELADO,Contencioso Administrativo,6,2do Juzgado de Trabajo
00916-2025-0-2301-JR-LA-02,916,2025,PENDIENTE EN TRÁMITE,TOTAL PENDIENTES AL MES ANTERIOR,CONTINUA EN TRAMITE (POR SENTENCIAR) (INV.202501),45854.52569,ORDINARIO,CUMPLIMIENTO DE ACTUACIONES DISPUESTA POR ACTO ADMINISTRATIVO,Contencioso Administrativo,6,2do Juzgado de Trabajo
01853-2025-0-2301-JR-LA-03,1853,2025,PENDIENTE EN TRÁMITE,TOTAL PENDIENTES AL MES ANTERIOR,AUTO DE SANEAMIENTO QUE NO CONCLUYE EL PROCESO,46084.67014,ORDINARIO,DECLARACIÓN DE INEFICACIA DE ACTOS ADMINISTRATIVOS,Contencioso Administrativo,6,2do Juzgado de Trabajo
00512-2026-0-2301-JR-LA-02,512,2026,PENDIENTE EN TRÁMITE,TOTAL PENDIENTES AL MES ANTERIOR,AUTO DE SANEAMIENTO QUE NO CONCLUYE EL PROCESO,46141.3875,ORDINARIO,CUMPLIMIENTO DE ACTUACIONES DISPUESTA POR ACTO ADMINISTRATIVO,Contencioso Administrativo,6,2do Juzgado de Trabajo
00661-2024-0-2301-JR-LA-02,661,2024,PENDIENTE EN TRÁMITE,TOTAL PENDIENTES AL MES ANTERIOR,CONTINUA EN TRAMITE (POR SENTENCIAR) (INV.202501),45853.40069,ORDINARIO,DECLARACIÓN DE NULIDAD DE ACTOS ADMINISTRATIVOS,Contencioso Administrativo,6,2do Juzgado de Trabajo
01378-2017-0-2301-JR-LA-02,1378,2017,PENDIENTE EN TRÁMITE,TOTAL PENDIENTES AL MES ANTERIOR,CONTINUA EN TRAMITE (POR SENTENCIAR) (INV.202501),45834.37361,ORDINARIO,DECLARACIÓN DE NULIDAD DE ACTOS ADMINISTRATIVOS,Contencioso Administrativo,6,2do Juzgado de Trabajo
01723-2025-0-2301-JR-LA-02,1723,2025,PENDIENTE EN TRÁMITE,TOTAL PENDIENTES AL MES ANTERIOR,AUTO DE SANEAMIENTO QUE NO CONCLUYE EL PROCESO (INV.202501),46112.33681,ORDINARIO,RECONOCIMIENTO DEL DERECHO TUTELADO,Contencioso Administrativo,6,2do Juzgado de Trabajo
00855-2025-0-2301-JR-LA-02,855,2025,PENDIENTE EN TRÁMITE,TOTAL PENDIENTES AL MES ANTERIOR,CONTINUA EN TRAMITE (POR SENTENCIAR) (INV.202501),45891.49792,ORDINARIO,DECLARACIÓN DE NULIDAD DE ACTOS ADMINISTRATIVOS,Contencioso Administrativo,6,2do Juzgado de Trabajo
00807-2025-0-2301-JR-LA-02,807,2025,PENDIENTE EN TRÁMITE,TOTAL PENDIENTES AL MES ANTERIOR,CONTINUA EN TRAMITE (POR SENTENCIAR) (INV.202501),45828.4625,ORDINARIO,DECLARACIÓN DE NULIDAD DE ACTOS ADMINISTRATIVOS,Contencioso Administrativo,6,2do Juzgado de Trabajo
00918-2025-0-2301-JR-LA-02,918,2025,PENDIENTE EN TRÁMITE,TOTAL PENDIENTES AL MES ANTERIOR,CONTINUA EN TRAMITE (POR SENTENCIAR) (INV.202501),45904.71111,ORDINARIO,DECLARACIÓN DE NULIDAD DE ACTOS ADMINISTRATIVOS,Contencioso Administrativo,6,2do Juzgado de Trabajo
00624-2026-0-2301-JR-LA-02,624,2026,PENDIENTE EN TRÁMITE,TOTAL PENDIENTES AL MES ANTERIOR,DECRETO PUESTO A DESPACHO PARA SENTENCIAR(ULTIMA SENTENCIA),46142.65139,URGENTE,CUMPLIMIENTO DE ACTUACIONES DISPUESTA POR ACTO ADMINISTRATIVO,Contencioso Administrativo,6,2do Juzgado de Trabajo
00053-2026-0-2301-JR-LA-02,53,2026,PENDIENTE EN TRÁMITE,TOTAL PENDIENTES AL MES ANTERIOR,AUTO DE SANEAMIENTO QUE NO CONCLUYE EL PROCESO,46056.68333,ORDINARIO,RECONOCIMIENTO DEL DERECHO TUTELADO,Contencioso Administrativo,6,2do Juzgado de Trabajo
01634-2025-0-2301-JR-LA-02,1634,2025,PENDIENTE EN TRÁMITE,TOTAL PENDIENTES AL MES ANTERIOR,CONTINUA EN TRAMITE (POR SENTENCIAR) (INV.202501),46021.67292,ORDINARIO,DECLARACIÓN DE INEFICACIA DE ACTOS ADMINISTRATIVOS,Contencioso Administrativo,6,2do Juzgado de Trabajo
00146-2026-0-2301-JR-LA-02,146,2026,PENDIENTE EN TRÁMITE,TOTAL PENDIENTES AL MES ANTERIOR,AUTO DE SANEAMIENTO QUE NO CONCLUYE EL PROCESO,46085.6875,ORDINARIO,DECLARACIÓN DE INEFICACIA DE ACTOS ADMINISTRATIVOS,Contencioso Administrativo,6,2do Juzgado de Trabajo
00253-2026-0-2301-JR-LA-02,253,2026,PENDIENTE EN TRÁMITE,TOTAL PENDIENTES AL MES ANTERIOR,AUTO DE SANEAMIENTO QUE NO CONCLUYE EL PROCESO,46105.70278,ORDINARIO,RESTABLECIMIENTO DEL DERECHO TUTELADO,Contencioso Administrativo,6,2do Juzgado de Trabajo
00354-2026-0-2301-JR-LA-02,354,2026,PENDIENTE EN TRÁMITE,TOTAL PENDIENTES AL MES ANTERIOR,AUTO DE SANEAMIENTO QUE NO CONCLUYE EL PROCESO,46136.66319,ORDINARIO,RECONOCIMIENTO DEL DERECHO TUTELADO,Contencioso Administrativo,6,2do Juzgado de Trabajo
01350-2025-0-2301-JR-LA-02,1350,2025,PENDIENTE EN TRÁMITE,TOTAL PENDIENTES AL MES ANTERIOR,AUTO DE SANEAMIENTO QUE NO CONCLUYE EL PROCESO (INV.202501),46044.70208,ORDINARIO,DECLARACIÓN DE NULIDAD DE ACTOS ADMINISTRATIVOS,Contencioso Administrativo,6,2do Juzgado de Trabajo
01601-2025-0-2301-JR-CI-03,1601,2025,PENDIENTE EN TRÁMITE,TOTAL PENDIENTES AL MES ANTERIOR,AUTO DE SANEAMIENTO QUE NO CONCLUYE EL PROCESO (INV.202501),46085.69375,ORDINARIO,DECLARACIÓN DE NULIDAD DE ACTOS ADMINISTRATIVOS,Contencioso Administrativo,6,2do Juzgado de Trabajo
00189-2026-0-2301-JR-CI-01,189,2026,PENDIENTE EN TRÁMITE,TOTAL PENDIENTES AL MES ANTERIOR,AUTO DE SANEAMIENTO QUE NO CONCLUYE EL PROCESO,46161.64722,ORDINARIO,RECONOCIMIENTO DEL DERECHO TUTELADO,Contencioso Administrativo,6,2do Juzgado de Trabajo
00121-2026-0-2301-JR-LA-02,121,2026,PENDIENTE EN TRÁMITE,TOTAL PENDIENTES AL MES ANTERIOR,AUTO DE SANEAMIENTO QUE NO CONCLUYE EL PROCESO,46107.61181,ORDINARIO,RECONOCIMIENTO DEL DERECHO TUTELADO,Contencioso Administrativo,6,2do Juzgado de Trabajo
00493-2026-0-2301-JR-LA-02,493,2026,PENDIENTE EN TRÁMITE,TOTAL PENDIENTES AL MES ANTERIOR,AUTO DE SANEAMIENTO QUE NO CONCLUYE EL PROCESO,46134.73125,ORDINARIO,DECLARACIÓN DE NULIDAD DE ACTOS ADMINISTRATIVOS,Contencioso Administrativo,6,2do Juzgado de Trabajo
00082-2026-0-2301-JR-LA-02,82,2026,PENDIENTE EN TRÁMITE,TOTAL PENDIENTES AL MES ANTERIOR,AUTO DE SANEAMIENTO QUE NO CONCLUYE EL PROCESO,46085.69931,ORDINARIO,RECONOCIMIENTO DEL DERECHO TUTELADO,Contencioso Administrativo,6,2do Juzgado de Trabajo
01556-2025-0-2301-JR-LA-02,1556,2025,PENDIENTE EN TRÁMITE,TOTAL PENDIENTES AL MES ANTERIOR,CONTINUA EN TRAMITE (POR SENTENCIAR) (INV.202501),45996.65694,ORDINARIO,DECLARACIÓN DE NULIDAD DE ACTOS ADMINISTRATIVOS,Contencioso Administrativo,6,2do Juzgado de Trabajo
00221-2026-0-2301-JR-LA-02,221,2026,PENDIENTE EN TRÁMITE,TOTAL PENDIENTES AL MES ANTERIOR,AUTO DE SANEAMIENTO QUE NO CONCLUYE EL PROCESO,46108.73611,ORDINARIO,DECLARACIÓN DE NULIDAD DE ACTOS ADMINISTRATIVOS,Contencioso Administrativo,6,2do Juzgado de Trabajo
00846-2025-0-2301-JR-LA-02,846,2025,PENDIENTE EN TRÁMITE,TOTAL PENDIENTES AL MES ANTERIOR,CONTINUA EN TRAMITE (POR SENTENCIAR) (INV.202501),45910.32917,ORDINARIO,DECLARACIÓN DE INEFICACIA DE ACTOS ADMINISTRATIVOS,Contencioso Administrativo,6,2do Juzgado de Trabajo
00640-2026-0-2301-JR-LA-02,640,2026,PENDIENTE EN TRÁMITE,TOTAL PENDIENTES AL MES ANTERIOR,AUTO DE SANEAMIENTO QUE NO CONCLUYE EL PROCESO,46155.65903,ORDINARIO,DECLARACIÓN DE NULIDAD DE ACTOS ADMINISTRATIVOS,Contencioso Administrativo,6,2do Juzgado de Trabajo
00114-2026-0-2301-JR-LA-01,114,2026,PENDIENTE EN TRÁMITE,TOTAL PENDIENTES AL MES ANTERIOR,AUTO DE SANEAMIENTO QUE NO CONCLUYE EL PROCESO,46133.71319,ORDINARIO,RECONOCIMIENTO DEL DERECHO TUTELADO,Contencioso Administrativo,6,2do Juzgado de Trabajo
00372-2026-0-2301-JR-LA-02,372,2026,PENDIENTE EN TRÁMITE,TOTAL PENDIENTES AL MES ANTERIOR,DECRETO PUESTO A DESPACHO PARA SENTENCIAR(ULTIMA SENTENCIA),46154.69097,ORDINARIO,DECLARACIÓN DE NULIDAD DE ACTOS ADMINISTRATIVOS,Contencioso Administrativo,6,2do Juzgado de Trabajo
00230-2026-0-2301-JR-LA-02,230,2026,PENDIENTE EN TRÁMITE,TOTAL PENDIENTES AL MES ANTERIOR,AUTO DE SANEAMIENTO QUE NO CONCLUYE EL PROCESO,46119.74236,ORDINARIO,DECLARACIÓN DE NULIDAD DE ACTOS ADMINISTRATIVOS,Contencioso Administrativo,6,2do Juzgado de Trabajo
01915-2025-0-2301-JR-LA-02,1915,2025,PENDIENTE EN TRÁMITE,TOTAL PENDIENTES AL MES ANTERIOR,AUTO DE SANEAMIENTO QUE NO CONCLUYE EL PROCESO (INV.202501),46056.68264,ORDINARIO,DECLARACIÓN DE NULIDAD DE ACTOS ADMINISTRATIVOS,Contencioso Administrativo,6,2do Juzgado de Trabajo
00617-2026-0-2301-JR-LA-02,617,2026,PENDIENTE EN TRÁMITE,TOTAL PENDIENTES AL MES ANTERIOR,AUTO DE SANEAMIENTO QUE NO CONCLUYE EL PROCESO,46171.7375,ORDINARIO,DECLARACIÓN DE INEFICACIA DE ACTOS ADMINISTRATIVOS,Contencioso Administrativo,6,2do Juzgado de Trabajo
00111-2026-0-2301-JR-LA-03,111,2026,PENDIENTE EN TRÁMITE,TOTAL PENDIENTES AL MES ANTERIOR,AUTO DE SANEAMIENTO QUE NO CONCLUYE EL PROCESO,46101.70069,ORDINARIO,RECONOCIMIENTO DEL DERECHO TUTELADO,Contencioso Administrativo,6,2do Juzgado de Trabajo
00451-2026-0-2301-JR-LA-03,451,2026,PENDIENTE EN TRÁMITE,TOTAL PENDIENTES AL MES ANTERIOR,AUTO DE SANEAMIENTO QUE NO CONCLUYE EL PROCESO,46162.52083,ORDINARIO,RECONOCIMIENTO DEL DERECHO TUTELADO,Contencioso Administrativo,6,2do Juzgado de Trabajo
01649-2025-0-2301-JR-LA-02,1649,2025,PENDIENTE EN TRÁMITE,TOTAL PENDIENTES AL MES ANTERIOR,DECRETO PUESTO A DESPACHO PARA SENTENCIAR(ULTIMA SENTENCIA) (INV.202501),46048.36944,ORDINARIO,RECONOCIMIENTO DEL DERECHO TUTELADO,Contencioso Administrativo,6,2do Juzgado de Trabajo
00261-2026-0-2301-JR-LA-02,261,2026,PENDIENTE EN TRÁMITE,TOTAL PENDIENTES AL MES ANTERIOR,AUTO DE SANEAMIENTO QUE NO CONCLUYE EL PROCESO,46127.71319,ORDINARIO,DECLARACIÓN DE NULIDAD DE ACTOS ADMINISTRATIVOS,Contencioso Administrativo,6,2do Juzgado de Trabajo
00727-2024-0-2301-JR-LA-02,727,2024,PENDIENTE EN TRÁMITE,TOTAL PENDIENTES AL MES ANTERIOR,CONTINUA EN TRAMITE (POR SENTENCIAR) (INV.202501),45677.5625,ORDINARIO,DECLARACIÓN DE INEFICACIA DE ACTOS ADMINISTRATIVOS,Contencioso Administrativo,6,2do Juzgado de Trabajo
00977-2025-0-2301-JR-LA-02,977,2025,PENDIENTE EN TRÁMITE,TOTAL PENDIENTES AL MES ANTERIOR,CONTINUA EN TRAMITE (POR SENTENCIAR) (INV.202501),45939.42917,ORDINARIO,DECLARACIÓN DE NULIDAD DE ACTOS ADMINISTRATIVOS,Contencioso Administrativo,6,2do Juzgado de Trabajo
01869-2025-0-2301-JR-LA-02,1869,2025,PENDIENTE EN TRÁMITE,TOTAL PENDIENTES AL MES ANTERIOR,AUTO DE SANEAMIENTO QUE NO CONCLUYE EL PROCESO (INV.202501),46048.47778,ORDINARIO,RECONOCIMIENTO DEL DERECHO TUTELADO,Contencioso Administrativo,6,2do Juzgado de Trabajo
01554-2025-0-2301-JR-LA-02,1554,2025,PENDIENTE EN TRÁMITE,TOTAL PENDIENTES AL MES ANTERIOR,DECRETO PUESTO A DESPACHO PARA SENTENCIAR(ULTIMA SENTENCIA) (INV.202501),46119.74167,ORDINARIO,DECLARACIÓN DE NULIDAD DE ACTOS ADMINISTRATIVOS,Contencioso Administrativo,6,2do Juzgado de Trabajo
01214-2025-0-2301-JR-LA-02,1214,2025,PENDIENTE EN TRÁMITE,TOTAL PENDIENTES AL MES ANTERIOR,CONTINUA EN TRAMITE (POR SENTENCIAR) (INV.202501),45950.68472,ORDINARIO,RESTABLECIMIENTO DEL DERECHO TUTELADO,Contencioso Administrativo,6,2do Juzgado de Trabajo
00446-2026-0-2301-JR-LA-01,446,2026,PENDIENTE EN TRÁMITE,TOTAL PENDIENTES AL MES ANTERIOR,AUTO DE SANEAMIENTO QUE NO CONCLUYE EL PROCESO,46154.68681,ORDINARIO,RECONOCIMIENTO DEL DERECHO TUTELADO,Contencioso Administrativo,6,2do Juzgado de Trabajo
01734-2023-0-2301-JR-LA-02,1734,2023,PENDIENTE EN TRÁMITE,TOTAL PENDIENTES AL MES ANTERIOR,CONTINUA EN TRAMITE (POR SENTENCIAR) (INV.202501),45307.64861,ORDINARIO,DECLARACIÓN DE INEFICACIA DE ACTOS ADMINISTRATIVOS,Contencioso Administrativo,6,2do Juzgado de Trabajo
00215-2026-0-2301-JR-LA-02,215,2026,PENDIENTE EN TRÁMITE,TOTAL PENDIENTES AL MES ANTERIOR,AUTO DE SANEAMIENTO QUE NO CONCLUYE EL PROCESO,46108.64514,ORDINARIO,DECLARACIÓN DE NULIDAD DE ACTOS ADMINISTRATIVOS,Contencioso Administrativo,6,2do Juzgado de Trabajo
01376-2025-0-2301-JR-LA-02,1376,2025,PENDIENTE EN TRÁMITE,TOTAL PENDIENTES AL MES ANTERIOR,CONTINUA EN TRAMITE (POR SENTENCIAR) (INV.202501),45981.33958,ORDINARIO,DECLARACIÓN DE NULIDAD DE ACTOS ADMINISTRATIVOS,Contencioso Administrativo,6,2do Juzgado de Trabajo
00407-2026-0-2301-JR-LA-02,407,2026,PENDIENTE EN TRÁMITE,TOTAL PENDIENTES AL MES ANTERIOR,AUTO DE SANEAMIENTO QUE NO CONCLUYE EL PROCESO,46155.68819,ORDINARIO,RECONOCIMIENTO DEL DERECHO TUTELADO,Contencioso Administrativo,6,2do Juzgado de Trabajo
01409-2024-0-2301-JR-LA-02,1409,2024,PENDIENTE EN TRÁMITE,TOTAL PENDIENTES AL MES ANTERIOR,CONTINUA EN TRAMITE (POR SENTENCIAR) (INV.202501),45966.66389,ORDINARIO,DECLARACIÓN DE NULIDAD DE ACTOS ADMINISTRATIVOS,Contencioso Administrativo,6,2do Juzgado de Trabajo
01398-2025-0-2301-JR-CI-03,1398,2025,PENDIENTE EN TRÁMITE,TOTAL PENDIENTES AL MES ANTERIOR,CONTINUA EN TRAMITE (POR SENTENCIAR) (INV.202501),46009.72569,ORDINARIO,RECONOCIMIENTO DEL DERECHO TUTELADO,Contencioso Administrativo,6,2do Juzgado de Trabajo
00450-2026-0-2301-JR-LA-01,450,2026,PENDIENTE EN TRÁMITE,TOTAL PENDIENTES AL MES ANTERIOR,AUTO DE SANEAMIENTO QUE NO CONCLUYE EL PROCESO,46155.65903,ORDINARIO,RECONOCIMIENTO DEL DERECHO TUTELADO,Contencioso Administrativo,6,2do Juzgado de Trabajo
01432-2025-0-2301-JR-LA-01,1432,2025,PENDIENTE EN TRÁMITE,TOTAL PENDIENTES AL MES ANTERIOR,CONTINUA EN TRAMITE (POR SENTENCIAR) (INV.202501),45988.70417,ORDINARIO,RECONOCIMIENTO DEL DERECHO TUTELADO,Contencioso Administrativo,6,2do Juzgado de Trabajo
01828-2025-0-2301-JR-LA-02,1828,2025,PENDIENTE EN TRÁMITE,TOTAL PENDIENTES AL MES ANTERIOR,AUTO DE SANEAMIENTO QUE NO CONCLUYE EL PROCESO (INV.202501),46084.40625,ORDINARIO,DECLARACIÓN DE NULIDAD DE ACTOS ADMINISTRATIVOS,Contencioso Administrativo,6,2do Juzgado de Trabajo
00649-2026-0-2301-JR-LA-02,649,2026,PENDIENTE EN TRÁMITE,TOTAL PENDIENTES AL MES ANTERIOR,AUTO DE SANEAMIENTO QUE NO CONCLUYE EL PROCESO,46155.65764,ORDINARIO,RECONOCIMIENTO DEL DERECHO TUTELADO,Contencioso Administrativo,6,2do Juzgado de Trabajo
01365-2025-0-2301-JR-LA-02,1365,2025,PENDIENTE EN TRÁMITE,TOTAL PENDIENTES AL MES ANTERIOR,CONTINUA EN TRAMITE (POR SENTENCIAR) (INV.202501),45952.49444,ORDINARIO,DECLARACIÓN DE NULIDAD DE ACTOS ADMINISTRATIVOS,Contencioso Administrativo,6,2do Juzgado de Trabajo
00432-2026-0-2301-JR-LA-02,432,2026,PENDIENTE EN TRÁMITE,TOTAL PENDIENTES AL MES ANTERIOR,AUTO DE SANEAMIENTO QUE NO CONCLUYE EL PROCESO,46120.50903,ORDINARIO,RECONOCIMIENTO DEL DERECHO TUTELADO,Contencioso Administrativo,6,2do Juzgado de Trabajo
01582-2025-0-2301-JR-LA-02,1582,2025,PENDIENTE EN TRÁMITE,TOTAL PENDIENTES AL MES ANTERIOR,CONTINUA EN TRAMITE (POR SENTENCIAR),45989.71736,ORDINARIO,DECLARACIÓN DE NULIDAD DE ACTOS ADMINISTRATIVOS,Contencioso Administrativo,6,2do Juzgado de Trabajo
00227-2026-0-2301-JR-LA-02,227,2026,PENDIENTE EN TRÁMITE,TOTAL PENDIENTES AL MES ANTERIOR,AUTO DE SANEAMIENTO QUE NO CONCLUYE EL PROCESO,46108.73542,ORDINARIO,DECLARACIÓN DE NULIDAD DE ACTOS ADMINISTRATIVOS,Contencioso Administrativo,6,2do Juzgado de Trabajo
00839-2025-0-2301-JR-LA-04,839,2025,PENDIENTE EN TRÁMITE,TOTAL PENDIENTES AL MES ANTERIOR,CONTINUA EN TRAMITE (POR SENTENCIAR) (INV.202501),45869.6,URGENTE,DECLARACIÓN DE NULIDAD DE ACTOS ADMINISTRATIVOS,Contencioso Administrativo,6,2do Juzgado de Trabajo
00444-2026-0-2301-JR-LA-02,444,2026,PENDIENTE EN TRÁMITE,TOTAL PENDIENTES AL MES ANTERIOR,AUTO DE SANEAMIENTO QUE NO CONCLUYE EL PROCESO,46132.68333,ORDINARIO,RECONOCIMIENTO DEL DERECHO TUTELADO,Contencioso Administrativo,6,2do Juzgado de Trabajo
01589-2024-0-2301-JR-LA-02,1589,2024,PENDIENTE EN TRÁMITE,TOTAL PENDIENTES AL MES ANTERIOR,CONTINUA EN TRAMITE (POR SENTENCIAR) (INV.202501),45806.50764,ORDINARIO,DECLARACIÓN DE INEFICACIA DE ACTOS ADMINISTRATIVOS,Contencioso Administrativo,6,2do Juzgado de Trabajo
01467-2025-0-2301-JR-LA-03,1467,2025,PENDIENTE EN TRÁMITE,TOTAL PENDIENTES AL MES ANTERIOR,AUTO DE SANEAMIENTO QUE NO CONCLUYE EL PROCESO (INV.202501),46072.69514,ORDINARIO,RECONOCIMIENTO DEL DERECHO TUTELADO,Contencioso Administrativo,6,2do Juzgado de Trabajo
00357-2026-0-2301-JR-LA-02,357,2026,PENDIENTE EN TRÁMITE,TOTAL PENDIENTES AL MES ANTERIOR,AUTO DE SANEAMIENTO QUE NO CONCLUYE EL PROCESO,46154.39514,ORDINARIO,RECONOCIMIENTO DEL DERECHO TUTELADO,Contencioso Administrativo,6,2do Juzgado de Trabajo
00638-2026-0-2301-JR-LA-02,638,2026,PENDIENTE EN TRÁMITE,TOTAL PENDIENTES AL MES ANTERIOR,AUTO DE SANEAMIENTO QUE NO CONCLUYE EL PROCESO,46157.68542,ORDINARIO,DECLARACIÓN DE NULIDAD DE ACTOS ADMINISTRATIVOS,Contencioso Administrativo,6,2do Juzgado de Trabajo
02254-2025-0-2301-JR-CI-03,2254,2025,PENDIENTE EN TRÁMITE,TOTAL PENDIENTES AL MES ANTERIOR,AUTO DE SANEAMIENTO QUE NO CONCLUYE EL PROCESO (INV.202501),46121.30764,ORDINARIO,DECLARACIÓN DE NULIDAD DE ACTOS ADMINISTRATIVOS,Contencioso Administrativo,6,2do Juzgado de Trabajo
00485-2026-0-2301-JR-LA-02,485,2026,PENDIENTE EN TRÁMITE,TOTAL PENDIENTES AL MES ANTERIOR,AUTO DE SANEAMIENTO QUE NO CONCLUYE EL PROCESO,46135.62847,ORDINARIO,RECONOCIMIENTO DEL DERECHO TUTELADO,Contencioso Administrativo,6,2do Juzgado de Trabajo
01496-2025-0-2301-JR-LA-01,1496,2025,PENDIENTE EN TRÁMITE,TOTAL PENDIENTES AL MES ANTERIOR,CONTINUA EN TRAMITE (POR SENTENCIAR),46010.70833,ORDINARIO,RECONOCIMIENTO DEL DERECHO TUTELADO,Contencioso Administrativo,6,2do Juzgado de Trabajo
01620-2025-0-2301-JR-LA-02,1620,2025,PENDIENTE EN TRÁMITE,TOTAL PENDIENTES AL MES ANTERIOR,AUTO DE SANEAMIENTO QUE NO CONCLUYE EL PROCESO (INV.202501),46093.53264,ORDINARIO,DECLARACIÓN DE NULIDAD DE ACTOS ADMINISTRATIVOS,Contencioso Administrativo,6,2do Juzgado de Trabajo
00359-2026-0-2301-JR-LA-02,359,2026,PENDIENTE EN TRÁMITE,TOTAL PENDIENTES AL MES ANTERIOR,AUTO DE SANEAMIENTO QUE NO CONCLUYE EL PROCESO,46164.72986,ORDINARIO,RECONOCIMIENTO DEL DERECHO TUTELADO,Contencioso Administrativo,6,2do Juzgado de Trabajo
00285-2026-0-2301-JR-LA-02,285,2026,PENDIENTE EN TRÁMITE,TOTAL PENDIENTES AL MES ANTERIOR,AUTO DE SANEAMIENTO QUE NO CONCLUYE EL PROCESO,46107.61528,ORDINARIO,RECONOCIMIENTO DEL DERECHO TUTELADO,Contencioso Administrativo,6,2do Juzgado de Trabajo
01429-2025-0-2301-JR-LA-02,1429,2025,PENDIENTE EN TRÁMITE,TOTAL PENDIENTES AL MES ANTERIOR,CONTINUA EN TRAMITE (POR SENTENCIAR) (INV.202501),45967.64722,ORDINARIO,DECLARACIÓN DE INEFICACIA DE ACTOS ADMINISTRATIVOS,Contencioso Administrativo,6,2do Juzgado de Trabajo
00630-2026-0-2301-JR-LA-02,630,2026,PENDIENTE EN TRÁMITE,TOTAL PENDIENTES AL MES ANTERIOR,DECRETO PUESTO A DESPACHO PARA SENTENCIAR(ULTIMA SENTENCIA),46147.65347,URGENTE,CUMPLIMIENTO DE ACTUACIONES DISPUESTA POR ACTO ADMINISTRATIVO,Contencioso Administrativo,6,2do Juzgado de Trabajo
01138-2024-0-2301-JR-LA-02,1138,2024,PENDIENTE EN TRÁMITE,TOTAL PENDIENTES AL MES ANTERIOR,CONTINUA EN TRAMITE (POR SENTENCIAR) (INV.202501),45853.4,ORDINARIO,DECLARACIÓN DE NULIDAD DE ACTOS ADMINISTRATIVOS,Contencioso Administrativo,6,2do Juzgado de Trabajo
00088-2026-0-2301-JR-LA-02,88,2026,PENDIENTE EN TRÁMITE,TOTAL PENDIENTES AL MES ANTERIOR,AUTO DE SANEAMIENTO QUE NO CONCLUYE EL PROCESO,46085.7,ORDINARIO,RECONOCIMIENTO DEL DERECHO TUTELADO,Contencioso Administrativo,6,2do Juzgado de Trabajo
01612-2025-0-2301-JR-LA-02,1612,2025,PENDIENTE EN TRÁMITE,TOTAL PENDIENTES AL MES ANTERIOR,DECRETO PUESTO A DESPACHO PARA SENTENCIAR(ULTIMA SENTENCIA),46171.7375,ORDINARIO,DECLARACIÓN DE NULIDAD DE ACTOS ADMINISTRATIVOS,Contencioso Administrativo,6,2do Juzgado de Trabajo
00267-2025-0-2301-JR-LA-02,267,2025,PENDIENTE EN TRÁMITE,TOTAL PENDIENTES AL MES ANTERIOR,CONTINUA EN TRAMITE (POR SENTENCIAR) (INV.202501),45814.36736,ORDINARIO,RESTABLECIMIENTO DEL DERECHO TUTELADO,Contencioso Administrativo,6,2do Juzgado de Trabajo
00324-2026-0-2301-JR-LA-02,324,2026,PENDIENTE EN TRÁMITE,TOTAL PENDIENTES AL MES ANTERIOR,AUTO DE SANEAMIENTO QUE NO CONCLUYE EL PROCESO,46120.60139,ORDINARIO,DECLARACIÓN DE NULIDAD DE ACTOS ADMINISTRATIVOS,Contencioso Administrativo,6,2do Juzgado de Trabajo
01208-2025-0-2301-JR-LA-02,1208,2025,PENDIENTE EN TRÁMITE,TOTAL PENDIENTES AL MES ANTERIOR,AUTO DE SANEAMIENTO QUE NO CONCLUYE EL PROCESO (INV.202501),46084.40417,ORDINARIO,RESTABLECIMIENTO DEL DERECHO TUTELADO,Contencioso Administrativo,6,2do Juzgado de Trabajo
00853-2026-0-2301-JR-LA-02,853,2026,NUEVOS ADMITIDOS,TOTAL INGRESOS A TRÁMITE,AUTO ADMISORIO,46191.48125,URGENTE,CUMPLIMIENTO DE ACTUACIONES DISPUESTA POR ACTO ADMINISTRATIVO,Contencioso Administrativo,6,2do Juzgado de Trabajo
00851-2026-0-2301-JR-LA-02,851,2026,NUEVOS ADMITIDOS,TOTAL INGRESOS A TRÁMITE,AUTO ADMISORIO,46184.51111,ORDINARIO,RECONOCIMIENTO DEL DERECHO TUTELADO,Contencioso Administrativo,6,2do Juzgado de Trabajo
00845-2026-0-2301-JR-LA-02,845,2026,NUEVOS ADMITIDOS,TOTAL INGRESOS A TRÁMITE,AUTO ADMISORIO,46178.35208,ORDINARIO,CUMPLIMIENTO DE ACTUACIONES DISPUESTA POR ACTO ADMINISTRATIVO,Contencioso Administrativo,6,2do Juzgado de Trabajo
00843-2026-0-2301-JR-LA-02,843,2026,NUEVOS ADMITIDOS,TOTAL INGRESOS A TRÁMITE,AUTO ADMISORIO,46178.61042,ORDINARIO,CUMPLIMIENTO DE ACTUACIONES DISPUESTA POR LEY,Contencioso Administrativo,6,2do Juzgado de Trabajo
00841-2026-0-2301-JR-LA-02,841,2026,NUEVOS ADMITIDOS,TOTAL INGRESOS A TRÁMITE,AUTO ADMISORIO,46178.35208,ORDINARIO,CUMPLIMIENTO DE ACTUACIONES DISPUESTA POR LEY,Contencioso Administrativo,6,2do Juzgado de Trabajo
00838-2026-0-2301-JR-LA-02,838,2026,NUEVOS ADMITIDOS,TOTAL INGRESOS A TRÁMITE,AUTO ADMISORIO,46178.61042,ORDINARIO,RECONOCIMIENTO DEL DERECHO TUTELADO,Contencioso Administrativo,6,2do Juzgado de Trabajo
00825-2026-0-2301-JR-LA-02,825,2026,NUEVOS ADMITIDOS,TOTAL INGRESOS A TRÁMITE,AUTO ADMISORIO,46185.49444,ORDINARIO,DECLARACIÓN DE NULIDAD DE ACTOS ADMINISTRATIVOS,Contencioso Administrativo,6,2do Juzgado de Trabajo
00816-2026-0-2301-JR-LA-02,816,2026,NUEVOS ADMITIDOS,TOTAL INGRESOS A TRÁMITE,AUTO ADMISORIO,46185.49444,ORDINARIO,DECLARACIÓN DE NULIDAD DE ACTOS ADMINISTRATIVOS,Contencioso Administrativo,6,2do Juzgado de Trabajo
00814-2026-0-2301-JR-LA-02,814,2026,NUEVOS ADMITIDOS,TOTAL INGRESOS A TRÁMITE,AUTO ADMISORIO,46185.35625,ORDINARIO,DECLARACIÓN DE INEFICACIA DE ACTOS ADMINISTRATIVOS,Contencioso Administrativo,6,2do Juzgado de Trabajo
00812-2026-0-2301-JR-LA-02,812,2026,NUEVOS ADMITIDOS,TOTAL INGRESOS A TRÁMITE,AUTO ADMISORIO,46185.35625,ORDINARIO,RECONOCIMIENTO DEL DERECHO TUTELADO,Contencioso Administrativo,6,2do Juzgado de Trabajo
00808-2026-0-2301-JR-LA-02,808,2026,NUEVOS ADMITIDOS,TOTAL INGRESOS A TRÁMITE,AUTO ADMISORIO,46191.48056,ORDINARIO,DECLARACIÓN DE NULIDAD DE ACTOS ADMINISTRATIVOS,Contencioso Administrativo,6,2do Juzgado de Trabajo
00802-2026-0-2301-JR-LA-02,802,2026,NUEVOS ADMITIDOS,TOTAL INGRESOS A TRÁMITE,AUTO ADMISORIO,46185.37292,ORDINARIO,DECLARACIÓN DE NULIDAD DE ACTOS ADMINISTRATIVOS,Contencioso Administrativo,6,2do Juzgado de Trabajo
00800-2026-0-2301-JR-LA-02,800,2026,NUEVOS ADMITIDOS,TOTAL INGRESOS A TRÁMITE,AUTO ADMISORIO,46191.48125,ORDINARIO,DECLARACIÓN DE NULIDAD DE ACTOS ADMINISTRATIVOS,Contencioso Administrativo,6,2do Juzgado de Trabajo
00794-2026-0-2301-JR-LA-02,794,2026,NUEVOS ADMITIDOS,TOTAL INGRESOS A TRÁMITE,AUTO ADMISORIO,46185.49444,ORDINARIO,RECONOCIMIENTO DEL DERECHO TUTELADO,Contencioso Administrativo,6,2do Juzgado de Trabajo
00780-2026-0-2301-JR-LA-02,780,2026,NUEVOS ADMITIDOS,TOTAL INGRESOS A TRÁMITE,AUTO ADMISORIO,46174.40903,ORDINARIO,RECONOCIMIENTO DEL DERECHO TUTELADO,Contencioso Administrativo,6,2do Juzgado de Trabajo
00772-2026-0-2301-JR-LA-02,772,2026,NUEVOS ADMITIDOS,TOTAL INGRESOS A TRÁMITE,AUTO ADMISORIO,46174.36389,ORDINARIO,CUMPLIMIENTO DE ACTUACIONES DISPUESTA POR ACTO ADMINISTRATIVO,Contencioso Administrativo,6,2do Juzgado de Trabajo
00770-2026-0-2301-JR-LA-02,770,2026,NUEVOS ADMITIDOS,TOTAL INGRESOS A TRÁMITE,AUTO ADMISORIO,46174.40903,ORDINARIO,CUMPLIMIENTO DE ACTUACIONES DISPUESTA POR ACTO ADMINISTRATIVO,Contencioso Administrativo,6,2do Juzgado de Trabajo
00763-2026-0-2301-JR-LA-02,763,2026,NUEVOS ADMITIDOS,TOTAL INGRESOS A TRÁMITE,AUTO ADMISORIO,46174.61528,ORDINARIO,RECONOCIMIENTO DEL DERECHO TUTELADO,Contencioso Administrativo,6,2do Juzgado de Trabajo
00760-2026-0-2301-JR-LA-02,760,2026,NUEVOS ADMITIDOS,TOTAL INGRESOS A TRÁMITE,AUTO ADMISORIO,46185.55903,ORDINARIO,DECLARACIÓN DE NULIDAD DE ACTOS ADMINISTRATIVOS,Contencioso Administrativo,6,2do Juzgado de Trabajo
00743-2026-0-2301-JR-LA-01,743,2026,NUEVOS ADMITIDOS,TOTAL INGRESOS A TRÁMITE,AUTO ADMISORIO,46185.49375,ORDINARIO,RECONOCIMIENTO DEL DERECHO TUTELADO,Contencioso Administrativo,6,2do Juzgado de Trabajo
00735-2026-0-2301-JR-LA-02,735,2026,NUEVOS ADMITIDOS,TOTAL INGRESOS A TRÁMITE,AUTO ADMISORIO,46191.47986,ORDINARIO,DECLARACIÓN DE NULIDAD DE ACTOS ADMINISTRATIVOS,Contencioso Administrativo,6,2do Juzgado de Trabajo
00730-2026-0-2301-JR-LA-02,730,2026,NUEVOS ADMITIDOS,TOTAL INGRESOS A TRÁMITE,AUTO ADMISORIO,46185.55833,ORDINARIO,RECONOCIMIENTO DEL DERECHO TUTELADO,Contencioso Administrativo,6,2do Juzgado de Trabajo
00710-2026-0-2301-JR-LA-01,710,2026,NUEVOS ADMITIDOS,TOTAL INGRESOS A TRÁMITE,AUTO ADMISORIO,46184.51181,ORDINARIO,RECONOCIMIENTO DEL DERECHO TUTELADO,Contencioso Administrativo,6,2do Juzgado de Trabajo
00692-2026-0-2301-JR-LA-02,692,2026,NUEVOS ADMITIDOS,TOTAL INGRESOS A TRÁMITE,AUTO ADMISORIO,46182.40069,ORDINARIO,DECLARACIÓN DE NULIDAD DE ACTOS ADMINISTRATIVOS,Contencioso Administrativo,6,2do Juzgado de Trabajo
01237-2025-0-2301-JR-LA-02,1237,2025,NUEVOS ADMITIDOS,TOTAL INGRESOS A TRÁMITE,AUTO ADMISORIO,46199.53681,ORDINARIO,DECLARACIÓN DE NULIDAD DE ACTOS ADMINISTRATIVOS,Contencioso Administrativo,6,2do Juzgado de Trabajo
01053-2026-0-2301-JR-LA-02,1053,2026,NUEVOS ADMITIDOS,TOTAL INGRESOS A TRÁMITE,AUTO ADMISORIO,46203.85764,ORDINARIO,RECONOCIMIENTO DEL DERECHO TUTELADO,Contencioso Administrativo,6,2do Juzgado de Trabajo
01050-2026-0-2301-JR-LA-02,1050,2026,NUEVOS ADMITIDOS,TOTAL INGRESOS A TRÁMITE,AUTO ADMISORIO,46203.48681,ORDINARIO,RECONOCIMIENTO DEL DERECHO TUTELADO,Contencioso Administrativo,6,2do Juzgado de Trabajo
01047-2026-0-2301-JR-LA-02,1047,2026,NUEVOS ADMITIDOS,TOTAL INGRESOS A TRÁMITE,AUTO ADMISORIO,46203.45347,ORDINARIO,RECONOCIMIENTO DEL DERECHO TUTELADO,Contencioso Administrativo,6,2do Juzgado de Trabajo
01042-2026-0-2301-JR-LA-02,1042,2026,NUEVOS ADMITIDOS,TOTAL INGRESOS A TRÁMITE,AUTO ADMISORIO,46203.41667,ORDINARIO,RECONOCIMIENTO DEL DERECHO TUTELADO,Contencioso Administrativo,6,2do Juzgado de Trabajo
01039-2026-0-2301-JR-LA-02,1039,2026,NUEVOS ADMITIDOS,TOTAL INGRESOS A TRÁMITE,AUTO ADMISORIO,46203.48681,ORDINARIO,DECLARACIÓN DE NULIDAD DE ACTOS ADMINISTRATIVOS,Contencioso Administrativo,6,2do Juzgado de Trabajo
01034-2026-0-2301-JR-LA-02,1034,2026,NUEVOS ADMITIDOS,TOTAL INGRESOS A TRÁMITE,AUTO ADMISORIO,46203.41042,ORDINARIO,RECONOCIMIENTO DEL DERECHO TUTELADO,Contencioso Administrativo,6,2do Juzgado de Trabajo
01032-2026-0-2301-JR-LA-02,1032,2026,NUEVOS ADMITIDOS,TOTAL INGRESOS A TRÁMITE,AUTO ADMISORIO,46203.37014,ORDINARIO,DECLARACIÓN DE NULIDAD DE ACTOS ADMINISTRATIVOS,Contencioso Administrativo,6,2do Juzgado de Trabajo
01029-2026-0-2301-JR-LA-02,1029,2026,NUEVOS ADMITIDOS,TOTAL INGRESOS A TRÁMITE,AUTO ADMISORIO,46203.37014,ORDINARIO,RECONOCIMIENTO DEL DERECHO TUTELADO,Contencioso Administrativo,6,2do Juzgado de Trabajo
01026-2026-0-2301-JR-LA-02,1026,2026,NUEVOS ADMITIDOS,TOTAL INGRESOS A TRÁMITE,AUTO ADMISORIO,46203.37014,ORDINARIO,RECONOCIMIENTO DEL DERECHO TUTELADO,Contencioso Administrativo,6,2do Juzgado de Trabajo
01024-2026-0-2301-JR-LA-02,1024,2026,NUEVOS ADMITIDOS,TOTAL INGRESOS A TRÁMITE,AUTO ADMISORIO,46203.43403,ORDINARIO,RECONOCIMIENTO DEL DERECHO TUTELADO,Contencioso Administrativo,6,2do Juzgado de Trabajo
01022-2026-0-2301-JR-LA-02,1022,2026,NUEVOS ADMITIDOS,TOTAL INGRESOS A TRÁMITE,AUTO ADMISORIO,46203.37014,ORDINARIO,RECONOCIMIENTO DEL DERECHO TUTELADO,Contencioso Administrativo,6,2do Juzgado de Trabajo
01020-2026-0-2301-JR-LA-02,1020,2026,NUEVOS ADMITIDOS,TOTAL INGRESOS A TRÁMITE,AUTO ADMISORIO,46203.43403,ORDINARIO,RECONOCIMIENTO DEL DERECHO TUTELADO,Contencioso Administrativo,6,2do Juzgado de Trabajo
01016-2026-0-2301-JR-LA-02,1016,2026,NUEVOS ADMITIDOS,TOTAL INGRESOS A TRÁMITE,AUTO ADMISORIO,46203.38611,ORDINARIO,RECONOCIMIENTO DEL DERECHO TUTELADO,Contencioso Administrativo,6,2do Juzgado de Trabajo
01014-2026-0-2301-JR-LA-02,1014,2026,NUEVOS ADMITIDOS,TOTAL INGRESOS A TRÁMITE,AUTO ADMISORIO,46203.37014,ORDINARIO,RECONOCIMIENTO DEL DERECHO TUTELADO,Contencioso Administrativo,6,2do Juzgado de Trabajo
01012-2026-0-2301-JR-LA-02,1012,2026,NUEVOS ADMITIDOS,TOTAL INGRESOS A TRÁMITE,AUTO ADMISORIO,46203.37014,ORDINARIO,DECLARACIÓN DE NULIDAD DE ACTOS ADMINISTRATIVOS,Contencioso Administrativo,6,2do Juzgado de Trabajo
01007-2026-0-2301-JR-LA-02,1007,2026,NUEVOS ADMITIDOS,TOTAL INGRESOS A TRÁMITE,AUTO ADMISORIO,46199.36736,ORDINARIO,CUMPLIMIENTO DE ACTUACIONES DISPUESTA POR ACTO ADMINISTRATIVO,Contencioso Administrativo,6,2do Juzgado de Trabajo
00999-2026-0-2301-JR-LA-02,999,2026,NUEVOS ADMITIDOS,TOTAL INGRESOS A TRÁMITE,AUTO ADMISORIO,46203.52083,ORDINARIO,DECLARACIÓN DE NULIDAD DE ACTOS ADMINISTRATIVOS,Contencioso Administrativo,6,2do Juzgado de Trabajo
00989-2026-0-2301-JR-LA-02,989,2026,NUEVOS ADMITIDOS,TOTAL INGRESOS A TRÁMITE,AUTO ADMISORIO,46196.38542,ORDINARIO,DECLARACIÓN DE NULIDAD DE ACTOS ADMINISTRATIVOS,Contencioso Administrativo,6,2do Juzgado de Trabajo
00987-2026-0-2301-JR-LA-02,987,2026,NUEVOS ADMITIDOS,TOTAL INGRESOS A TRÁMITE,AUTO ADMISORIO,46196.38542,ORDINARIO,DECLARACIÓN DE NULIDAD DE ACTOS ADMINISTRATIVOS,Contencioso Administrativo,6,2do Juzgado de Trabajo
00985-2026-0-2301-JR-LA-02,985,2026,NUEVOS ADMITIDOS,TOTAL INGRESOS A TRÁMITE,AUTO ADMISORIO,46195.70903,ORDINARIO,DECLARACIÓN DE NULIDAD DE ACTOS ADMINISTRATIVOS,Contencioso Administrativo,6,2do Juzgado de Trabajo
00983-2026-0-2301-JR-LA-02,983,2026,NUEVOS ADMITIDOS,TOTAL INGRESOS A TRÁMITE,AUTO ADMISORIO,46195.70903,URGENTE,CUMPLIMIENTO DE ACTUACIONES DISPUESTA POR ACTO ADMINISTRATIVO,Contencioso Administrativo,6,2do Juzgado de Trabajo
00981-2026-0-2301-JR-LA-02,981,2026,NUEVOS ADMITIDOS,TOTAL INGRESOS A TRÁMITE,AUTO ADMISORIO,46203.68194,ORDINARIO,RECONOCIMIENTO DEL DERECHO TUTELADO,Contencioso Administrativo,6,2do Juzgado de Trabajo
00979-2026-0-2301-JR-LA-02,979,2026,NUEVOS ADMITIDOS,TOTAL INGRESOS A TRÁMITE,AUTO ADMISORIO,46195.66875,ORDINARIO,RECONOCIMIENTO DEL DERECHO TUTELADO,Contencioso Administrativo,6,2do Juzgado de Trabajo
00977-2026-0-2301-JR-LA-02,977,2026,NUEVOS ADMITIDOS,TOTAL INGRESOS A TRÁMITE,AUTO ADMISORIO,46203.54722,ORDINARIO,DECLARACIÓN DE NULIDAD DE ACTOS ADMINISTRATIVOS,Contencioso Administrativo,6,2do Juzgado de Trabajo
00969-2026-0-2301-JR-LA-02,969,2026,NUEVOS ADMITIDOS,TOTAL INGRESOS A TRÁMITE,AUTO ADMISORIO,46191.48333,ORDINARIO,DECLARACIÓN DE NULIDAD DE ACTOS ADMINISTRATIVOS,Contencioso Administrativo,6,2do Juzgado de Trabajo
00967-2026-0-2301-JR-LA-02,967,2026,NUEVOS ADMITIDOS,TOTAL INGRESOS A TRÁMITE,AUTO ADMISORIO,46191.48333,ORDINARIO,DECLARACIÓN DE INEFICACIA DE ACTOS ADMINISTRATIVOS,Contencioso Administrativo,6,2do Juzgado de Trabajo
00963-2026-0-2301-JR-LA-01,963,2026,NUEVOS ADMITIDOS,TOTAL INGRESOS A TRÁMITE,AUTO ADMISORIO,46199.36736,ORDINARIO,RECONOCIMIENTO DEL DERECHO TUTELADO,Contencioso Administrativo,6,2do Juzgado de Trabajo
00956-2026-0-2301-JR-LA-02,956,2026,NUEVOS ADMITIDOS,TOTAL INGRESOS A TRÁMITE,AUTO ADMISORIO,46191.48194,ORDINARIO,DECLARACIÓN DE NULIDAD DE ACTOS ADMINISTRATIVOS,Contencioso Administrativo,6,2do Juzgado de Trabajo
00954-2026-0-2301-JR-LA-02,954,2026,NUEVOS ADMITIDOS,TOTAL INGRESOS A TRÁMITE,AUTO ADMISORIO,46203.54792,ORDINARIO,RECONOCIMIENTO DEL DERECHO TUTELADO,Contencioso Administrativo,6,2do Juzgado de Trabajo
00952-2026-0-2301-JR-LA-02,952,2026,NUEVOS ADMITIDOS,TOTAL INGRESOS A TRÁMITE,AUTO ADMISORIO,46197.37847,ORDINARIO,RECONOCIMIENTO DEL DERECHO TUTELADO,Contencioso Administrativo,6,2do Juzgado de Trabajo
00950-2026-0-2301-JR-LA-02,950,2026,NUEVOS ADMITIDOS,TOTAL INGRESOS A TRÁMITE,AUTO ADMISORIO,46199.36875,ORDINARIO,RECONOCIMIENTO DEL DERECHO TUTELADO,Contencioso Administrativo,6,2do Juzgado de Trabajo
00946-2026-0-2301-JR-LA-02,946,2026,NUEVOS ADMITIDOS,TOTAL INGRESOS A TRÁMITE,AUTO ADMISORIO,46189.725,ORDINARIO,DECLARACIÓN DE NULIDAD DE ACTOS ADMINISTRATIVOS,Contencioso Administrativo,6,2do Juzgado de Trabajo
00941-2026-0-2301-JR-LA-02,941,2026,NUEVOS ADMITIDOS,TOTAL INGRESOS A TRÁMITE,AUTO ADMISORIO,46203.54722,ORDINARIO,RECONOCIMIENTO DEL DERECHO TUTELADO,Contencioso Administrativo,6,2do Juzgado de Trabajo
00937-2026-0-2301-JR-LA-02,937,2026,NUEVOS ADMITIDOS,TOTAL INGRESOS A TRÁMITE,AUTO ADMISORIO,46189.72431,ORDINARIO,DECLARACIÓN DE NULIDAD DE ACTOS ADMINISTRATIVOS,Contencioso Administrativo,6,2do Juzgado de Trabajo
00935-2026-0-2301-JR-LA-02,935,2026,NUEVOS ADMITIDOS,TOTAL INGRESOS A TRÁMITE,AUTO ADMISORIO,46190.46042,ORDINARIO,DECLARACIÓN DE NULIDAD DE ACTOS ADMINISTRATIVOS,Contencioso Administrativo,6,2do Juzgado de Trabajo
00922-2026-0-2301-JR-LA-02,922,2026,NUEVOS ADMITIDOS,TOTAL INGRESOS A TRÁMITE,AUTO ADMISORIO,46190.45833,ORDINARIO,DECLARACIÓN DE NULIDAD DE ACTOS ADMINISTRATIVOS,Contencioso Administrativo,6,2do Juzgado de Trabajo
00915-2026-0-2301-JR-LA-02,915,2026,NUEVOS ADMITIDOS,TOTAL INGRESOS A TRÁMITE,AUTO ADMISORIO,46185.35556,ORDINARIO,CUMPLIMIENTO DE ACTUACIONES DISPUESTA POR LEY,Contencioso Administrativo,6,2do Juzgado de Trabajo
00913-2026-0-2301-JR-LA-02,913,2026,NUEVOS ADMITIDOS,TOTAL INGRESOS A TRÁMITE,AUTO ADMISORIO,46185.35556,ORDINARIO,CUMPLIMIENTO DE ACTUACIONES DISPUESTA POR LEY,Contencioso Administrativo,6,2do Juzgado de Trabajo
00910-2026-0-2301-JR-LA-02,910,2026,NUEVOS ADMITIDOS,TOTAL INGRESOS A TRÁMITE,AUTO ADMISORIO,46184.65833,ORDINARIO,DECLARACIÓN DE NULIDAD DE ACTOS ADMINISTRATIVOS,Contencioso Administrativo,6,2do Juzgado de Trabajo
00907-2026-0-2301-JR-LA-02,907,2026,NUEVOS ADMITIDOS,TOTAL INGRESOS A TRÁMITE,AUTO ADMISORIO,46184.65764,ORDINARIO,CUMPLIMIENTO DE ACTUACIONES DISPUESTA POR LEY,Contencioso Administrativo,6,2do Juzgado de Trabajo
00905-2026-0-2301-JR-LA-02,905,2026,NUEVOS ADMITIDOS,TOTAL INGRESOS A TRÁMITE,AUTO ADMISORIO,46184.65833,ORDINARIO,RECONOCIMIENTO DEL DERECHO TUTELADO,Contencioso Administrativo,6,2do Juzgado de Trabajo
00901-2026-0-2301-JR-LA-02,901,2026,NUEVOS ADMITIDOS,TOTAL INGRESOS A TRÁMITE,AUTO ADMISORIO,46190.66389,ORDINARIO,DECLARACIÓN DE NULIDAD DE ACTOS ADMINISTRATIVOS,Contencioso Administrativo,6,2do Juzgado de Trabajo
00895-2026-0-2301-JR-LA-02,895,2026,NUEVOS ADMITIDOS,TOTAL INGRESOS A TRÁMITE,AUTO ADMISORIO,46184.65764,ORDINARIO,CUMPLIMIENTO DE ACTUACIONES DISPUESTA POR ACTO ADMINISTRATIVO,Contencioso Administrativo,6,2do Juzgado de Trabajo
00891-2026-0-2301-JR-LA-02,891,2026,NUEVOS ADMITIDOS,TOTAL INGRESOS A TRÁMITE,AUTO ADMISORIO,46184.51181,ORDINARIO,DECLARACIÓN DE NULIDAD DE ACTOS ADMINISTRATIVOS,Contencioso Administrativo,6,2do Juzgado de Trabajo
00889-2026-0-2301-JR-LA-02,889,2026,NUEVOS ADMITIDOS,TOTAL INGRESOS A TRÁMITE,AUTO ADMISORIO,46184.65764,ORDINARIO,DECLARACIÓN DE NULIDAD DE ACTOS ADMINISTRATIVOS,Contencioso Administrativo,6,2do Juzgado de Trabajo
00887-2026-0-2301-JR-LA-03,887,2026,NUEVOS ADMITIDOS,TOTAL INGRESOS A TRÁMITE,AUTO ADMISORIO,46203.52153,ORDINARIO,RECONOCIMIENTO DEL DERECHO TUTELADO,Contencioso Administrativo,6,2do Juzgado de Trabajo
00886-2026-0-2301-JR-LA-02,886,2026,NUEVOS ADMITIDOS,TOTAL INGRESOS A TRÁMITE,AUTO ADMISORIO,46184.51181,ORDINARIO,CUMPLIMIENTO DE ACTUACIONES DISPUESTA POR LEY,Contencioso Administrativo,6,2do Juzgado de Trabajo
00885-2026-0-2301-JR-LA-01,885,2026,NUEVOS ADMITIDOS,TOTAL INGRESOS A TRÁMITE,AUTO ADMISORIO,46199.53611,ORDINARIO,RECONOCIMIENTO DEL DERECHO TUTELADO,Contencioso Administrativo,6,2do Juzgado de Trabajo
00883-2026-0-2301-JR-LA-02,883,2026,NUEVOS ADMITIDOS,TOTAL INGRESOS A TRÁMITE,AUTO ADMISORIO,46184.5125,ORDINARIO,CUMPLIMIENTO DE ACTUACIONES DISPUESTA POR LEY,Contencioso Administrativo,6,2do Juzgado de Trabajo
00879-2026-0-2301-JR-LA-02,879,2026,NUEVOS ADMITIDOS,TOTAL INGRESOS A TRÁMITE,AUTO ADMISORIO,46184.65694,ORDINARIO,CUMPLIMIENTO DE ACTUACIONES DISPUESTA POR LEY,Contencioso Administrativo,6,2do Juzgado de Trabajo
00877-2026-0-2301-JR-LA-01,877,2026,NUEVOS ADMITIDOS,TOTAL INGRESOS A TRÁMITE,AUTO ADMISORIO,46190.45833,URGENTE,CUMPLIMIENTO DE ACTUACIONES DISPUESTA POR ACTO ADMINISTRATIVO,Contencioso Administrativo,6,2do Juzgado de Trabajo
00873-2026-0-2301-JR-LA-01,873,2026,NUEVOS ADMITIDOS,TOTAL INGRESOS A TRÁMITE,AUTO ADMISORIO,46190.48472,ORDINARIO,RECONOCIMIENTO DEL DERECHO TUTELADO,Contencioso Administrativo,6,2do Juzgado de Trabajo
00860-2026-0-2301-JR-LA-02,860,2026,NUEVOS ADMITIDOS,TOTAL INGRESOS A TRÁMITE,AUTO ADMISORIO,46203.68194,ORDINARIO,DECLARACIÓN DE NULIDAD DE ACTOS ADMINISTRATIVOS,Contencioso Administrativo,6,2do Juzgado de Trabajo
00858-2026-0-2301-JR-LA-02,858,2026,NUEVOS ADMITIDOS,TOTAL INGRESOS A TRÁMITE,AUTO ADMISORIO,46184.51042,ORDINARIO,RECONOCIMIENTO DEL DERECHO TUTELADO,Contencioso Administrativo,6,2do Juzgado de Trabajo
00855-2026-0-2301-JR-LA-02,855,2026,NUEVOS ADMITIDOS,TOTAL INGRESOS A TRÁMITE,AUTO ADMISORIO,46184.51042,ORDINARIO,RECONOCIMIENTO DEL DERECHO TUTELADO,Contencioso Administrativo,6,2do Juzgado de Trabajo
00723-2026-0-2301-JR-LA-02,723,2026,INGRESO DE DEMANDA IMPROCEDENTE/DENUNCIA NO HA LUGAR,TOTAL INGRESOS A TRÁMITE,AUTO IMPROCEDENTE (INGRESA Y RESUELVE),46185.55972,ORDINARIO,DECLARACIÓN DE NULIDAD DE ACTOS ADMINISTRATIVOS,Contencioso Administrativo,6,2do Juzgado de Trabajo
01003-2026-0-2301-JR-LA-02,1003,2026,INGRESO DE DEMANDA IMPROCEDENTE/DENUNCIA NO HA LUGAR,TOTAL INGRESOS A TRÁMITE,AUTO IMPROCEDENTE (INGRESA Y RESUELVE),46199.36736,ORDINARIO,DECLARACIÓN DE NULIDAD DE ACTOS ADMINISTRATIVOS,Contencioso Administrativo,6,2do Juzgado de Trabajo
00654-2026-0-2301-JR-LA-02,654,2026,PENDIENTE EN TRÁMITE,TOTAL PENDIENTES AL MES ANTERIOR,AUTO ADMISORIO,46142.4875,ORDINARIO,RESTABLECIMIENTO DEL DERECHO TUTELADO,Previsional,6,2do Juzgado de Trabajo
00747-2026-0-2301-JR-LA-02,747,2026,PENDIENTE EN TRÁMITE,TOTAL PENDIENTES AL MES ANTERIOR,AUTO ADMISORIO,46161.33958,ORDINARIO,DECLARACIÓN DE NULIDAD DE ACTOS ADMINISTRATIVOS,Previsional,6,2do Juzgado de Trabajo
00658-2026-0-2301-JR-LA-02,658,2026,PENDIENTE EN TRÁMITE,TOTAL PENDIENTES AL MES ANTERIOR,AUTO ADMISORIO,46142.4875,ORDINARIO,RESTABLECIMIENTO DEL DERECHO TUTELADO,Previsional,6,2do Juzgado de Trabajo
00683-2026-0-2301-JR-LA-03,683,2026,PENDIENTE EN TRÁMITE,TOTAL PENDIENTES AL MES ANTERIOR,AUTO ADMISORIO,46160.62431,ORDINARIO,RESTABLECIMIENTO DEL DERECHO TUTELADO,Previsional,6,2do Juzgado de Trabajo
00684-2026-0-2301-JR-LA-01,684,2026,PENDIENTE EN TRÁMITE,TOTAL PENDIENTES AL MES ANTERIOR,AUTO ADMISORIO,46160.38264,ORDINARIO,RESTABLECIMIENTO DEL DERECHO TUTELADO,Previsional,6,2do Juzgado de Trabajo
00705-2026-0-2301-JR-LA-02,705,2026,PENDIENTE EN TRÁMITE,TOTAL PENDIENTES AL MES ANTERIOR,AUTO DE SANEAMIENTO QUE NO CONCLUYE EL PROCESO,46171.74861,ORDINARIO,RECONOCIMIENTO DEL DERECHO TUTELADO,Previsional,6,2do Juzgado de Trabajo
00836-2026-0-2301-JR-LA-02,836,2026,NUEVOS ADMITIDOS,TOTAL INGRESOS A TRÁMITE,AUTO ADMISORIO,46178.62847,ORDINARIO,RESTABLECIMIENTO DEL DERECHO TUTELADO,Previsional,6,2do Juzgado de Trabajo
00929-2026-0-2301-JR-LA-02,929,2026,NUEVOS ADMITIDOS,TOTAL INGRESOS A TRÁMITE,AUTO ADMISORIO,46190.96389,ORDINARIO,DECLARACIÓN DE NULIDAD DE ACTOS ADMINISTRATIVOS,Previsional,6,2do Juzgado de Trabajo
00931-2026-0-2301-JR-LA-02,931,2026,NUEVOS ADMITIDOS,TOTAL INGRESOS A TRÁMITE,AUTO ADMISORIO,46190.96319,ORDINARIO,DECLARACIÓN DE NULIDAD DE ACTOS ADMINISTRATIVOS,Previsional,6,2do Juzgado de Trabajo
00997-2026-0-2301-JR-LA-02,997,2026,NUEVOS ADMITIDOS,TOTAL INGRESOS A TRÁMITE,AUTO ADMISORIO,46199.36944,ORDINARIO,DECLARACIÓN DE NULIDAD DE ACTOS ADMINISTRATIVOS,Previsional,6,2do Juzgado de Trabajo
01005-2026-0-2301-JR-LA-02,1005,2026,NUEVOS ADMITIDOS,TOTAL INGRESOS A TRÁMITE,AUTO ADMISORIO,46199.36944,ORDINARIO,DECLARACIÓN DE NULIDAD DE ACTOS ADMINISTRATIVOS,Previsional,6,2do Juzgado de Trabajo
00145-2026-0-2301-JR-LA-04,145,2026,PENDIENTE EN TRÁMITE,TOTAL PENDIENTES AL MES ANTERIOR,AUTO ADMISORIO,46086.68819,ORDINARIO,RESTABLECIMIENTO DEL DERECHO TUTELADO,Contencioso Administrativo,6,4to Juzgado de Trabajo
00106-2026-0-2301-JR-LA-04,106,2026,PENDIENTE EN TRÁMITE,TOTAL PENDIENTES AL MES ANTERIOR,AUTO ADMISORIO,46099.83264,ORDINARIO,DECLARACIÓN DE NULIDAD DE ACTOS ADMINISTRATIVOS,Contencioso Administrativo,6,4to Juzgado de Trabajo
00715-2026-0-2301-JR-LA-04,715,2026,PENDIENTE EN TRÁMITE,TOTAL PENDIENTES AL MES ANTERIOR,AUTO ADMISORIO,46163.65972,ORDINARIO,DECLARACIÓN DE NULIDAD DE ACTOS ADMINISTRATIVOS,Contencioso Administrativo,6,4to Juzgado de Trabajo
01656-2025-0-2301-JR-LA-01,1656,2025,PENDIENTE EN TRÁMITE,TOTAL PENDIENTES AL MES ANTERIOR,CONTINUA EN TRAMITE (1RA INSTANCIA),45995.70833,URGENTE,CUMPLIMIENTO DE ACTUACIONES DISPUESTA POR ACTO ADMINISTRATIVO,Contencioso Administrativo,6,4to Juzgado de Trabajo
00373-2026-0-2301-JR-LA-04,373,2026,PENDIENTE EN TRÁMITE,TOTAL PENDIENTES AL MES ANTERIOR,AUTO ADMISORIO,46101.50417,ORDINARIO,DECLARACIÓN DE NULIDAD DE ACTOS ADMINISTRATIVOS,Contencioso Administrativo,6,4to Juzgado de Trabajo
00777-2026-0-2301-JR-LA-04,777,2026,PENDIENTE EN TRÁMITE,TOTAL PENDIENTES AL MES ANTERIOR,AUTO ADMISORIO,46163.34306,ORDINARIO,RECONOCIMIENTO DEL DERECHO TUTELADO,Contencioso Administrativo,6,4to Juzgado de Trabajo
00708-2026-0-2301-JR-LA-04,708,2026,PENDIENTE EN TRÁMITE,TOTAL PENDIENTES AL MES ANTERIOR,AUTO ADMISORIO,46170.55833,ORDINARIO,RECONOCIMIENTO DEL DERECHO TUTELADO,Contencioso Administrativo,6,4to Juzgado de Trabajo
00460-2025-0-2301-JR-LA-04,460,2025,PENDIENTE EN TRÁMITE,TOTAL PENDIENTES AL MES ANTERIOR,RECEPCION  DE SENTENCIA DE VISTA QUE ANULA A TRAMITE,46169.64028,ORDINARIO,DECLARACIÓN DE NULIDAD DE ACTOS ADMINISTRATIVOS,Contencioso Administrativo,6,4to Juzgado de Trabajo
00736-2026-0-2301-JR-LA-04,736,2026,PENDIENTE EN TRÁMITE,TOTAL PENDIENTES AL MES ANTERIOR,AUTO ADMISORIO,46170.55833,ORDINARIO,RECONOCIMIENTO DEL DERECHO TUTELADO,Contencioso Administrativo,6,4to Juzgado de Trabajo
00706-2026-0-2301-JR-LA-04,706,2026,PENDIENTE EN TRÁMITE,TOTAL PENDIENTES AL MES ANTERIOR,AUTO ADMISORIO,46162.34028,ORDINARIO,RECONOCIMIENTO DEL DERECHO TUTELADO,Contencioso Administrativo,6,4to Juzgado de Trabajo
01522-2025-0-2301-JR-LA-04,1522,2025,PENDIENTE EN TRÁMITE,TOTAL PENDIENTES AL MES ANTERIOR,RECEPCION  DE SENTENCIA DE VISTA QUE ANULA A TRAMITE,46154.38403,URGENTE,CUMPLIMIENTO DE ACTUACIONES DISPUESTA POR ACTO ADMINISTRATIVO,Contencioso Administrativo,6,4to Juzgado de Trabajo
01856-2025-0-2301-JR-LA-04,1856,2025,PENDIENTE EN TRÁMITE,TOTAL PENDIENTES AL MES ANTERIOR,CONTINUA EN TRAMITE (1RA INSTANCIA),46014.525,URGENTE,CUMPLIMIENTO DE ACTUACIONES DISPUESTA POR ACTO ADMINISTRATIVO,Contencioso Administrativo,6,4to Juzgado de Trabajo
00260-2026-0-2301-JR-LA-04,260,2026,PENDIENTE EN TRÁMITE,TOTAL PENDIENTES AL MES ANTERIOR,AUTO ADMISORIO,46119.7,ORDINARIO,DECLARACIÓN DE NULIDAD DE ACTOS ADMINISTRATIVOS,Contencioso Administrativo,6,4to Juzgado de Trabajo
00471-2026-0-2301-JR-LA-04,471,2026,PENDIENTE EN TRÁMITE,TOTAL PENDIENTES AL MES ANTERIOR,AUTO ADMISORIO,46118.34583,ORDINARIO,DECLARACIÓN DE NULIDAD DE ACTOS ADMINISTRATIVOS,Contencioso Administrativo,6,4to Juzgado de Trabajo
00783-2016-0-2301-JR-LA-02,783,2016,PENDIENTE EN TRÁMITE,TOTAL PENDIENTES AL MES ANTERIOR,RECEPCION  EN DEPENDENCIA POR APELACION - DEVOLUCION,46035.52986,ORDINARIO,RECONOCIMIENTO DEL DERECHO TUTELADO,Contencioso Administrativo,6,4to Juzgado de Trabajo
00443-2026-0-2301-JR-LA-04,443,2026,PENDIENTE EN TRÁMITE,TOTAL PENDIENTES AL MES ANTERIOR,AUTO ADMISORIO,46118.67708,ORDINARIO,RESTABLECIMIENTO DEL DERECHO TUTELADO,Contencioso Administrativo,6,4to Juzgado de Trabajo
01567-2025-0-2301-JR-LA-03,1567,2025,PENDIENTE EN TRÁMITE,TOTAL PENDIENTES AL MES ANTERIOR,CONTINUA EN TRAMITE (1RA INSTANCIA),45992.34653,ORDINARIO,RECONOCIMIENTO DEL DERECHO TUTELADO,Contencioso Administrativo,6,4to Juzgado de Trabajo
00764-2026-0-2301-JR-LA-04,764,2026,PENDIENTE EN TRÁMITE,TOTAL PENDIENTES AL MES ANTERIOR,AUTO ADMISORIO,46163.33958,ORDINARIO,RECONOCIMIENTO DEL DERECHO TUTELADO,Contencioso Administrativo,6,4to Juzgado de Trabajo
00790-2026-0-2301-JR-LA-04,790,2026,PENDIENTE EN TRÁMITE,TOTAL PENDIENTES AL MES ANTERIOR,AUTO ADMISORIO,46170.55903,ORDINARIO,RECONOCIMIENTO DEL DERECHO TUTELADO,Contencioso Administrativo,6,4to Juzgado de Trabajo
00556-2026-0-2301-JR-LA-04,556,2026,PENDIENTE EN TRÁMITE,TOTAL PENDIENTES AL MES ANTERIOR,AUTO ADMISORIO,46129.64931,ORDINARIO,RECONOCIMIENTO DEL DERECHO TUTELADO,Contencioso Administrativo,6,4to Juzgado de Trabajo
00755-2026-0-2301-JR-LA-04,755,2026,PENDIENTE EN TRÁMITE,TOTAL PENDIENTES AL MES ANTERIOR,AUTO ADMISORIO,46163.34375,ORDINARIO,RECONOCIMIENTO DEL DERECHO TUTELADO,Contencioso Administrativo,6,4to Juzgado de Trabajo
01878-2025-0-2301-JR-LA-04,1878,2025,PENDIENTE EN TRÁMITE,TOTAL PENDIENTES AL MES ANTERIOR,CONTINUA EN TRAMITE (1RA INSTANCIA),46014.525,ORDINARIO,DECLARACIÓN DE NULIDAD DE ACTOS ADMINISTRATIVOS,Contencioso Administrativo,6,4to Juzgado de Trabajo
01335-2025-0-2301-JR-LA-04,1335,2025,PENDIENTE EN TRÁMITE,TOTAL PENDIENTES AL MES ANTERIOR,RECEPCION  DE SENTENCIA DE VISTA QUE ANULA A TRAMITE,46154.38403,ORDINARIO,DECLARACIÓN DE NULIDAD DE ACTOS ADMINISTRATIVOS,Contencioso Administrativo,6,4to Juzgado de Trabajo
00828-2026-0-2301-JR-CI-01,828,2026,PENDIENTE EN TRÁMITE,TOTAL PENDIENTES AL MES ANTERIOR,RECEPCION  EN DEPENDENCIA POR REDISTRIBUCION,46170.68333,ORDINARIO,RECONOCIMIENTO DEL DERECHO TUTELADO,Contencioso Administrativo,6,4to Juzgado de Trabajo
00245-2026-0-2301-JR-LA-04,245,2026,PENDIENTE EN TRÁMITE,TOTAL PENDIENTES AL MES ANTERIOR,AUTO ADMISORIO,46087.53194,ORDINARIO,RECONOCIMIENTO DEL DERECHO TUTELADO,Contencioso Administrativo,6,4to Juzgado de Trabajo
00154-2026-0-2301-JR-LA-04,154,2026,PENDIENTE EN TRÁMITE,TOTAL PENDIENTES AL MES ANTERIOR,AUTO ADMISORIO,46077.67639,ORDINARIO,CUMPLIMIENTO DE ACTUACIONES DISPUESTA POR ACTO ADMINISTRATIVO,Contencioso Administrativo,6,4to Juzgado de Trabajo
00665-2026-0-2301-JR-LA-04,665,2026,PENDIENTE EN TRÁMITE,TOTAL PENDIENTES AL MES ANTERIOR,AUTO ADMISORIO,46156.70972,ORDINARIO,DECLARACIÓN DE NULIDAD DE ACTOS ADMINISTRATIVOS,Contencioso Administrativo,6,4to Juzgado de Trabajo
00618-2026-0-2301-JR-LA-04,618,2026,PENDIENTE EN TRÁMITE,TOTAL PENDIENTES AL MES ANTERIOR,AUTO ADMISORIO,46135.67708,ORDINARIO,RECONOCIMIENTO DEL DERECHO TUTELADO,Contencioso Administrativo,6,4to Juzgado de Trabajo
00502-2026-0-2301-JR-LA-04,502,2026,PENDIENTE EN TRÁMITE,TOTAL PENDIENTES AL MES ANTERIOR,AUTO ADMISORIO,46120.60833,ORDINARIO,RECONOCIMIENTO DEL DERECHO TUTELADO,Contencioso Administrativo,6,4to Juzgado de Trabajo
00578-2025-0-2301-JR-LA-04,578,2025,PENDIENTE EN TRÁMITE,TOTAL PENDIENTES AL MES ANTERIOR,RECEPCION  DE SENTENCIA DE VISTA QUE ANULA A TRAMITE (INV.202501),46038.46042,ORDINARIO,DECLARACIÓN DE NULIDAD DE ACTOS ADMINISTRATIVOS,Contencioso Administrativo,6,4to Juzgado de Trabajo
01295-2025-0-2301-JR-LA-04,1295,2025,PENDIENTE EN TRÁMITE,TOTAL PENDIENTES AL MES ANTERIOR,RECEPCION  EN DEPENDENCIA POR APELACION - DEVOLUCION,46119.38542,ORDINARIO,DECLARACIÓN DE NULIDAD DE ACTOS ADMINISTRATIVOS,Contencioso Administrativo,6,4to Juzgado de Trabajo
01728-2024-0-2301-JR-LA-01,1728,2024,PENDIENTE EN TRÁMITE,TOTAL PENDIENTES AL MES ANTERIOR,RECEPCION  DE SENTENCIA DE VISTA QUE ANULA A TRAMITE,46154.38333,ORDINARIO,RECONOCIMIENTO DEL DERECHO TUTELADO,Contencioso Administrativo,6,4to Juzgado de Trabajo
01373-2024-0-2301-JR-LA-04,1373,2024,PENDIENTE EN TRÁMITE,TOTAL PENDIENTES AL MES ANTERIOR,RECEPCION  DE SENTENCIA DE VISTA QUE ANULA A TRAMITE,46163.68194,ORDINARIO,DECLARACIÓN DE NULIDAD DE ACTOS ADMINISTRATIVOS,Contencioso Administrativo,6,4to Juzgado de Trabajo
00738-2026-0-2301-JR-LA-04,738,2026,PENDIENTE EN TRÁMITE,TOTAL PENDIENTES AL MES ANTERIOR,AUTO ADMISORIO,46163.65833,ORDINARIO,DECLARACIÓN DE NULIDAD DE ACTOS ADMINISTRATIVOS,Contencioso Administrativo,6,4to Juzgado de Trabajo
00350-2026-0-2301-JR-LA-04,350,2026,PENDIENTE EN TRÁMITE,TOTAL PENDIENTES AL MES ANTERIOR,AUTO ADMISORIO,46099.83125,ORDINARIO,RECONOCIMIENTO DEL DERECHO TUTELADO,Contencioso Administrativo,6,4to Juzgado de Trabajo
00698-2026-0-2301-JR-LA-04,698,2026,PENDIENTE EN TRÁMITE,TOTAL PENDIENTES AL MES ANTERIOR,AUTO ADMISORIO,46170.55903,ORDINARIO,DECLARACIÓN DE NULIDAD DE ACTOS ADMINISTRATIVOS,Contencioso Administrativo,6,4to Juzgado de Trabajo
00690-2026-0-2301-JR-LA-04,690,2026,PENDIENTE EN TRÁMITE,TOTAL PENDIENTES AL MES ANTERIOR,AUTO ADMISORIO,46153.34097,ORDINARIO,RECONOCIMIENTO DEL DERECHO TUTELADO,Contencioso Administrativo,6,4to Juzgado de Trabajo
00859-2024-0-2301-JR-LA-04,859,2024,PENDIENTE EN TRÁMITE,TOTAL PENDIENTES AL MES ANTERIOR,RECEPCION  EN DEPENDENCIA POR APELACION - DEVOLUCION,46169.43264,ORDINARIO,RECONOCIMIENTO DEL DERECHO TUTELADO,Contencioso Administrativo,6,4to Juzgado de Trabajo
00390-2026-0-2301-JR-LA-04,390,2026,PENDIENTE EN TRÁMITE,TOTAL PENDIENTES AL MES ANTERIOR,AUTO ADMISORIO,46104.65069,ORDINARIO,DECLARACIÓN DE NULIDAD DE ACTOS ADMINISTRATIVOS,Contencioso Administrativo,6,4to Juzgado de Trabajo
01657-2025-0-2301-JR-LA-03,1657,2025,PENDIENTE EN TRÁMITE,TOTAL PENDIENTES AL MES ANTERIOR,CONTINUA EN TRAMITE (1RA INSTANCIA),46002.55208,ORDINARIO,RECONOCIMIENTO DEL DERECHO TUTELADO,Contencioso Administrativo,6,4to Juzgado de Trabajo
00311-2026-0-2301-JR-LA-04,311,2026,PENDIENTE EN TRÁMITE,TOTAL PENDIENTES AL MES ANTERIOR,RECEPCION  EN DEPENDENCIA POR APELACION - DEVOLUCION,46171.65139,ORDINARIO,DECLARACIÓN DE NULIDAD DE ACTOS ADMINISTRATIVOS,Contencioso Administrativo,6,4to Juzgado de Trabajo
00728-2026-0-2301-JR-LA-04,728,2026,PENDIENTE EN TRÁMITE,TOTAL PENDIENTES AL MES ANTERIOR,AUTO ADMISORIO,46163.65972,ORDINARIO,RECONOCIMIENTO DEL DERECHO TUTELADO,Contencioso Administrativo,6,4to Juzgado de Trabajo
00717-2026-0-2301-JR-LA-04,717,2026,PENDIENTE EN TRÁMITE,TOTAL PENDIENTES AL MES ANTERIOR,AUTO ADMISORIO,46163.65972,ORDINARIO,DECLARACIÓN DE NULIDAD DE ACTOS ADMINISTRATIVOS,Contencioso Administrativo,6,4to Juzgado de Trabajo
00788-2026-0-2301-JR-LA-04,788,2026,PENDIENTE EN TRÁMITE,TOTAL PENDIENTES AL MES ANTERIOR,AUTO ADMISORIO,46167.67083,ORDINARIO,RECONOCIMIENTO DEL DERECHO TUTELADO,Contencioso Administrativo,6,4to Juzgado de Trabajo
00759-2025-0-2301-JR-LA-04,759,2025,PENDIENTE EN TRÁMITE,TOTAL PENDIENTES AL MES ANTERIOR,CONTINUA EN TRAMITE (1RA INSTANCIA) (INV.202501),46003.69167,ORDINARIO,DECLARACIÓN DE NULIDAD DE ACTOS ADMINISTRATIVOS,Contencioso Administrativo,6,4to Juzgado de Trabajo
00781-2026-0-2301-JR-LA-04,781,2026,PENDIENTE EN TRÁMITE,TOTAL PENDIENTES AL MES ANTERIOR,AUTO ADMISORIO,46170.69653,ORDINARIO,DECLARACIÓN DE NULIDAD DE ACTOS ADMINISTRATIVOS,Contencioso Administrativo,6,4to Juzgado de Trabajo
00599-2026-0-2301-JR-LA-04,599,2026,PENDIENTE EN TRÁMITE,TOTAL PENDIENTES AL MES ANTERIOR,AUTO ADMISORIO,46148.68472,ORDINARIO,DECLARACIÓN DE NULIDAD DE ACTOS ADMINISTRATIVOS,Contencioso Administrativo,6,4to Juzgado de Trabajo
01213-2025-0-2301-JR-LA-04,1213,2025,PENDIENTE EN TRÁMITE,TOTAL PENDIENTES AL MES ANTERIOR,CONTINUA EN TRAMITE (1RA INSTANCIA) (INV.202501),45922.71319,ORDINARIO,RESTABLECIMIENTO DEL DERECHO TUTELADO,Contencioso Administrativo,6,4to Juzgado de Trabajo
00356-2026-0-2301-JR-LA-04,356,2026,PENDIENTE EN TRÁMITE,TOTAL PENDIENTES AL MES ANTERIOR,AUTO ADMISORIO,46104.65069,ORDINARIO,RECONOCIMIENTO DEL DERECHO TUTELADO,Contencioso Administrativo,6,4to Juzgado de Trabajo
00518-2026-0-2301-JR-LA-04,518,2026,PENDIENTE EN TRÁMITE,TOTAL PENDIENTES AL MES ANTERIOR,AUTO ADMISORIO,46139.56042,ORDINARIO,DECLARACIÓN DE NULIDAD DE ACTOS ADMINISTRATIVOS,Contencioso Administrativo,6,4to Juzgado de Trabajo
00639-2026-0-2301-JR-LA-04,639,2026,PENDIENTE EN TRÁMITE,TOTAL PENDIENTES AL MES ANTERIOR,AUTO ADMISORIO,46156.70903,ORDINARIO,DECLARACIÓN DE INEFICACIA DE ACTOS ADMINISTRATIVOS,Contencioso Administrativo,6,4to Juzgado de Trabajo
00685-2026-0-2301-JR-LA-03,685,2026,PENDIENTE EN TRÁMITE,TOTAL PENDIENTES AL MES ANTERIOR,AUTO ADMISORIO,46163.65903,ORDINARIO,DECLARACIÓN DE NULIDAD DE ACTOS ADMINISTRATIVOS,Contencioso Administrativo,6,4to Juzgado de Trabajo
00479-2026-0-2301-JR-LA-04,479,2026,PENDIENTE EN TRÁMITE,TOTAL PENDIENTES AL MES ANTERIOR,AUTO ADMISORIO,46118.34653,ORDINARIO,DECLARACIÓN DE NULIDAD DE ACTOS ADMINISTRATIVOS,Contencioso Administrativo,6,4to Juzgado de Trabajo
00688-2026-0-2301-JR-LA-04,688,2026,PENDIENTE EN TRÁMITE,TOTAL PENDIENTES AL MES ANTERIOR,AUTO ADMISORIO,46148.3375,ORDINARIO,CUMPLIMIENTO DE ACTUACIONES DISPUESTA POR ACTO ADMINISTRATIVO,Contencioso Administrativo,6,4to Juzgado de Trabajo
00978-2025-0-2301-JR-LA-04,978,2025,PENDIENTE EN TRÁMITE,TOTAL PENDIENTES AL MES ANTERIOR,RECEPCION  EN DEPENDENCIA POR APELACION - DEVOLUCION,46037.65972,ORDINARIO,DECLARACIÓN DE NULIDAD DE ACTOS ADMINISTRATIVOS,Contencioso Administrativo,6,4to Juzgado de Trabajo
00686-2026-0-2301-JR-LA-01,686,2026,PENDIENTE EN TRÁMITE,TOTAL PENDIENTES AL MES ANTERIOR,AUTO ADMISORIO,46163.65833,URGENTE,CUMPLIMIENTO DE ACTUACIONES DISPUESTA POR ACTO ADMINISTRATIVO,Contencioso Administrativo,6,4to Juzgado de Trabajo
00647-2026-0-2301-JR-LA-04,647,2026,PENDIENTE EN TRÁMITE,TOTAL PENDIENTES AL MES ANTERIOR,AUTO ADMISORIO,46156.70972,ORDINARIO,RECONOCIMIENTO DEL DERECHO TUTELADO,Contencioso Administrativo,6,4to Juzgado de Trabajo
00750-2026-0-2301-JR-LA-04,750,2026,PENDIENTE EN TRÁMITE,TOTAL PENDIENTES AL MES ANTERIOR,AUTO ADMISORIO,46163.34028,ORDINARIO,DECLARACIÓN DE NULIDAD DE ACTOS ADMINISTRATIVOS,Contencioso Administrativo,6,4to Juzgado de Trabajo
00766-2026-0-2301-JR-LA-04,766,2026,PENDIENTE EN TRÁMITE,TOTAL PENDIENTES AL MES ANTERIOR,AUTO ADMISORIO,46163.34028,ORDINARIO,RECONOCIMIENTO DEL DERECHO TUTELADO,Contencioso Administrativo,6,4to Juzgado de Trabajo
00598-2026-0-2301-JR-LA-04,598,2026,PENDIENTE EN TRÁMITE,TOTAL PENDIENTES AL MES ANTERIOR,AUTO DE SANEAMIENTO QUE NO CONCLUYE EL PROCESO,46170.35208,ORDINARIO,DECLARACIÓN DE NULIDAD DE ACTOS ADMINISTRATIVOS,Contencioso Administrativo,6,4to Juzgado de Trabajo
00304-2026-0-2301-JR-LA-04,304,2026,PENDIENTE EN TRÁMITE,TOTAL PENDIENTES AL MES ANTERIOR,AUTO DE SANEAMIENTO QUE NO CONCLUYE EL PROCESO,46157.64861,ORDINARIO,DECLARACIÓN DE NULIDAD DE ACTOS ADMINISTRATIVOS,Contencioso Administrativo,6,4to Juzgado de Trabajo
00534-2026-0-2301-JR-LA-04,534,2026,PENDIENTE EN TRÁMITE,TOTAL PENDIENTES AL MES ANTERIOR,AUTO DE SANEAMIENTO QUE NO CONCLUYE EL PROCESO,46170.41181,ORDINARIO,RECONOCIMIENTO DEL DERECHO TUTELADO,Contencioso Administrativo,6,4to Juzgado de Trabajo
01833-2025-0-2301-JR-LA-04,1833,2025,PENDIENTE EN TRÁMITE,TOTAL PENDIENTES AL MES ANTERIOR,AUTO DE SANEAMIENTO QUE NO CONCLUYE EL PROCESO (INV.202501),46099.72917,ORDINARIO,DECLARACIÓN DE NULIDAD DE ACTOS ADMINISTRATIVOS,Contencioso Administrativo,6,4to Juzgado de Trabajo
00411-2026-0-2301-JR-LA-04,411,2026,PENDIENTE EN TRÁMITE,TOTAL PENDIENTES AL MES ANTERIOR,AUTO DE SANEAMIENTO QUE NO CONCLUYE EL PROCESO,46127.70764,ORDINARIO,RECONOCIMIENTO DEL DERECHO TUTELADO,Contencioso Administrativo,6,4to Juzgado de Trabajo
00536-2026-0-2301-JR-LA-04,536,2026,PENDIENTE EN TRÁMITE,TOTAL PENDIENTES AL MES ANTERIOR,AUTO DE SANEAMIENTO QUE NO CONCLUYE EL PROCESO,46170.53056,ORDINARIO,RECONOCIMIENTO DEL DERECHO TUTELADO,Contencioso Administrativo,6,4to Juzgado de Trabajo
00268-2026-0-2301-JR-LA-04,268,2026,PENDIENTE EN TRÁMITE,TOTAL PENDIENTES AL MES ANTERIOR,AUTO DE SANEAMIENTO QUE NO CONCLUYE EL PROCESO,46148.69236,ORDINARIO,DECLARACIÓN DE NULIDAD DE ACTOS ADMINISTRATIVOS,Contencioso Administrativo,6,4to Juzgado de Trabajo
00733-2026-0-2301-JR-LA-04,733,2026,PENDIENTE EN TRÁMITE,TOTAL PENDIENTES AL MES ANTERIOR,AUTO DE SANEAMIENTO QUE NO CONCLUYE EL PROCESO,46170.52986,ORDINARIO,DECLARACIÓN DE INEFICACIA DE ACTOS ADMINISTRATIVOS,Contencioso Administrativo,6,4to Juzgado de Trabajo
00206-2026-0-2301-JR-LA-04,206,2026,PENDIENTE EN TRÁMITE,TOTAL PENDIENTES AL MES ANTERIOR,DECRETO PUESTO A DESPACHO PARA SENTENCIAR(ULTIMA SENTENCIA),46142.70417,ORDINARIO,RECONOCIMIENTO DEL DERECHO TUTELADO,Contencioso Administrativo,6,4to Juzgado de Trabajo
00554-2026-0-2301-JR-LA-04,554,2026,PENDIENTE EN TRÁMITE,TOTAL PENDIENTES AL MES ANTERIOR,AUTO DE SANEAMIENTO QUE NO CONCLUYE EL PROCESO,46170.35417,ORDINARIO,RECONOCIMIENTO DEL DERECHO TUTELADO,Contencioso Administrativo,6,4to Juzgado de Trabajo
00614-2023-0-2301-JR-LA-02,614,2023,PENDIENTE EN TRÁMITE,TOTAL PENDIENTES AL MES ANTERIOR,AUTO PUESTO A DESPACHO PARA SENTENCIAR(ULTIMA SENTENCIA) (INV.202501),46085.71181,ORDINARIO,RESTABLECIMIENTO DEL DERECHO TUTELADO,Contencioso Administrativo,6,4to Juzgado de Trabajo
01999-2025-0-2301-JR-CI-03,1999,2025,PENDIENTE EN TRÁMITE,TOTAL PENDIENTES AL MES ANTERIOR,AUTO DE SANEAMIENTO QUE NO CONCLUYE EL PROCESO (INV.202501),46080.33403,ORDINARIO,DECLARACIÓN DE NULIDAD DE ACTOS ADMINISTRATIVOS,Contencioso Administrativo,6,4to Juzgado de Trabajo
00091-2026-0-2301-JR-LA-04,91,2026,PENDIENTE EN TRÁMITE,TOTAL PENDIENTES AL MES ANTERIOR,AUTO DE SANEAMIENTO QUE NO CONCLUYE EL PROCESO,46093.37639,ORDINARIO,RECONOCIMIENTO DEL DERECHO TUTELADO,Contencioso Administrativo,6,4to Juzgado de Trabajo
00643-2026-0-2301-JR-LA-04,643,2026,PENDIENTE EN TRÁMITE,TOTAL PENDIENTES AL MES ANTERIOR,AUTO DE SANEAMIENTO QUE NO CONCLUYE EL PROCESO,46170.41181,ORDINARIO,RECONOCIMIENTO DEL DERECHO TUTELADO,Contencioso Administrativo,6,4to Juzgado de Trabajo
00445-2026-0-2301-JR-LA-04,445,2026,PENDIENTE EN TRÁMITE,TOTAL PENDIENTES AL MES ANTERIOR,AUTO DE SANEAMIENTO QUE NO CONCLUYE EL PROCESO,46149.71319,ORDINARIO,RECONOCIMIENTO DEL DERECHO TUTELADO,Contencioso Administrativo,6,4to Juzgado de Trabajo
00422-2026-0-2301-JR-LA-04,422,2026,PENDIENTE EN TRÁMITE,TOTAL PENDIENTES AL MES ANTERIOR,AUTO DE SANEAMIENTO QUE NO CONCLUYE EL PROCESO,46129.73472,ORDINARIO,DECLARACIÓN DE NULIDAD DE ACTOS ADMINISTRATIVOS,Contencioso Administrativo,6,4to Juzgado de Trabajo
00602-2026-0-2301-JR-LA-04,602,2026,PENDIENTE EN TRÁMITE,TOTAL PENDIENTES AL MES ANTERIOR,AUTO DE SANEAMIENTO QUE NO CONCLUYE EL PROCESO,46149.55625,ORDINARIO,DECLARACIÓN DE NULIDAD DE ACTOS ADMINISTRATIVOS,Contencioso Administrativo,6,4to Juzgado de Trabajo
00287-2026-0-2301-JR-LA-03,287,2026,PENDIENTE EN TRÁMITE,TOTAL PENDIENTES AL MES ANTERIOR,AUTO DE SANEAMIENTO QUE NO CONCLUYE EL PROCESO,46129.52778,ORDINARIO,RECONOCIMIENTO DEL DERECHO TUTELADO,Contencioso Administrativo,6,4to Juzgado de Trabajo
00147-2026-0-2301-JR-LA-04,147,2026,PENDIENTE EN TRÁMITE,TOTAL PENDIENTES AL MES ANTERIOR,AUTO DE SANEAMIENTO QUE NO CONCLUYE EL PROCESO,46125.72569,ORDINARIO,RECONOCIMIENTO DEL DERECHO TUTELADO,Contencioso Administrativo,6,4to Juzgado de Trabajo
00655-2026-0-2301-JR-LA-04,655,2026,PENDIENTE EN TRÁMITE,TOTAL PENDIENTES AL MES ANTERIOR,AUTO DE SANEAMIENTO QUE NO CONCLUYE EL PROCESO,46164.72153,ORDINARIO,RECONOCIMIENTO DEL DERECHO TUTELADO,Contencioso Administrativo,6,4to Juzgado de Trabajo
00469-2026-0-2301-JR-LA-04,469,2026,PENDIENTE EN TRÁMITE,TOTAL PENDIENTES AL MES ANTERIOR,AUTO DE SANEAMIENTO QUE NO CONCLUYE EL PROCESO,46150.70833,ORDINARIO,RECONOCIMIENTO DEL DERECHO TUTELADO,Contencioso Administrativo,6,4to Juzgado de Trabajo
01654-2025-0-2301-JR-LA-04,1654,2025,PENDIENTE EN TRÁMITE,TOTAL PENDIENTES AL MES ANTERIOR,CONTINUA EN TRAMITE (POR SENTENCIAR),45994.69583,ORDINARIO,DECLARACIÓN DE NULIDAD DE ACTOS ADMINISTRATIVOS,Contencioso Administrativo,6,4to Juzgado de Trabajo
01474-2025-0-2301-JR-LA-03,1474,2025,PENDIENTE EN TRÁMITE,TOTAL PENDIENTES AL MES ANTERIOR,AUTO DE SANEAMIENTO QUE NO CONCLUYE EL PROCESO (INV.202501),46132.31389,ORDINARIO,RECONOCIMIENTO DEL DERECHO TUTELADO,Contencioso Administrativo,6,4to Juzgado de Trabajo
00240-2026-0-2301-JR-LA-04,240,2026,PENDIENTE EN TRÁMITE,TOTAL PENDIENTES AL MES ANTERIOR,AUTO DE SANEAMIENTO QUE NO CONCLUYE EL PROCESO,46118.66319,ORDINARIO,DECLARACIÓN DE NULIDAD DE ACTOS ADMINISTRATIVOS,Contencioso Administrativo,6,4to Juzgado de Trabajo
00326-2026-0-2301-JR-LA-04,326,2026,PENDIENTE EN TRÁMITE,TOTAL PENDIENTES AL MES ANTERIOR,AUTO DE SANEAMIENTO QUE NO CONCLUYE EL PROCESO,46162.73958,ORDINARIO,CUMPLIMIENTO DE ACTUACIONES DISPUESTA POR ACTO ADMINISTRATIVO,Contencioso Administrativo,6,4to Juzgado de Trabajo
00279-2025-0-2301-JR-LA-04,279,2025,PENDIENTE EN TRÁMITE,TOTAL PENDIENTES AL MES ANTERIOR,AUTO DE SANEAMIENTO QUE NO CONCLUYE EL PROCESO,46163.74236,ORDINARIO,DECLARACIÓN DE INEFICACIA DE ACTOS ADMINISTRATIVOS,Contencioso Administrativo,6,4to Juzgado de Trabajo
00504-2026-0-2301-JR-LA-04,504,2026,PENDIENTE EN TRÁMITE,TOTAL PENDIENTES AL MES ANTERIOR,AUTO DE SANEAMIENTO QUE NO CONCLUYE EL PROCESO,46150.68819,ORDINARIO,DECLARACIÓN DE NULIDAD DE ACTOS ADMINISTRATIVOS,Contencioso Administrativo,6,4to Juzgado de Trabajo
00587-2026-0-2301-JR-LA-04,587,2026,PENDIENTE EN TRÁMITE,TOTAL PENDIENTES AL MES ANTERIOR,DECRETO PUESTO A DESPACHO PARA SENTENCIAR(ULTIMA SENTENCIA),46167.73125,ORDINARIO,RECONOCIMIENTO DEL DERECHO TUTELADO,Contencioso Administrativo,6,4to Juzgado de Trabajo
00636-2026-0-2301-JR-LA-04,636,2026,PENDIENTE EN TRÁMITE,TOTAL PENDIENTES AL MES ANTERIOR,AUTO DE SANEAMIENTO QUE NO CONCLUYE EL PROCESO,46161.74097,ORDINARIO,DECLARACIÓN DE INEFICACIA DE ACTOS ADMINISTRATIVOS,Contencioso Administrativo,6,4to Juzgado de Trabajo
01615-2025-0-2301-JR-LA-04,1615,2025,PENDIENTE EN TRÁMITE,TOTAL PENDIENTES AL MES ANTERIOR,CONTINUA EN TRAMITE (POR SENTENCIAR),45988.39792,ORDINARIO,DECLARACIÓN DE NULIDAD DE ACTOS ADMINISTRATIVOS,Contencioso Administrativo,6,4to Juzgado de Trabajo
01602-2025-0-2301-JR-LA-04,1602,2025,PENDIENTE EN TRÁMITE,TOTAL PENDIENTES AL MES ANTERIOR,CONTINUA EN TRAMITE (POR SENTENCIAR),45995.70833,ORDINARIO,DECLARACIÓN DE NULIDAD DE ACTOS ADMINISTRATIVOS,Contencioso Administrativo,6,4to Juzgado de Trabajo
01916-2025-0-2301-JR-LA-04,1916,2025,PENDIENTE EN TRÁMITE,TOTAL PENDIENTES AL MES ANTERIOR,AUTO DE SANEAMIENTO QUE NO CONCLUYE EL PROCESO (INV.202501),46105.49792,ORDINARIO,DECLARACIÓN DE NULIDAD DE ACTOS ADMINISTRATIVOS,Contencioso Administrativo,6,4to Juzgado de Trabajo
00328-2026-0-2301-JR-LA-04,328,2026,PENDIENTE EN TRÁMITE,TOTAL PENDIENTES AL MES ANTERIOR,AUTO DE SANEAMIENTO QUE NO CONCLUYE EL PROCESO,46132.31458,ORDINARIO,DECLARACIÓN DE NULIDAD DE ACTOS ADMINISTRATIVOS,Contencioso Administrativo,6,4to Juzgado de Trabajo
00520-2026-0-2301-JR-LA-04,520,2026,PENDIENTE EN TRÁMITE,TOTAL PENDIENTES AL MES ANTERIOR,AUTO DE SANEAMIENTO QUE NO CONCLUYE EL PROCESO,46146.70903,ORDINARIO,RECONOCIMIENTO DEL DERECHO TUTELADO,Contencioso Administrativo,6,4to Juzgado de Trabajo
01825-2025-0-2301-JR-LA-04,1825,2025,PENDIENTE EN TRÁMITE,TOTAL PENDIENTES AL MES ANTERIOR,AUTO DE SANEAMIENTO QUE NO CONCLUYE EL PROCESO (INV.202501),46100.67708,ORDINARIO,DECLARACIÓN DE NULIDAD DE ACTOS ADMINISTRATIVOS,Contencioso Administrativo,6,4to Juzgado de Trabajo
00386-2026-0-2301-JR-LA-04,386,2026,PENDIENTE EN TRÁMITE,TOTAL PENDIENTES AL MES ANTERIOR,AUTO DE SANEAMIENTO QUE NO CONCLUYE EL PROCESO,46129.73333,ORDINARIO,RECONOCIMIENTO DEL DERECHO TUTELADO,Contencioso Administrativo,6,4to Juzgado de Trabajo
02386-2025-0-2301-JR-CI-02,2386,2025,PENDIENTE EN TRÁMITE,TOTAL PENDIENTES AL MES ANTERIOR,AUTO DE SANEAMIENTO QUE NO CONCLUYE EL PROCESO,46093.65069,ORDINARIO,DECLARACIÓN DE NULIDAD DE ACTOS ADMINISTRATIVOS,Contencioso Administrativo,6,4to Juzgado de Trabajo
00254-2026-0-2301-JR-LA-04,254,2026,PENDIENTE EN TRÁMITE,TOTAL PENDIENTES AL MES ANTERIOR,AUTO DE SANEAMIENTO QUE NO CONCLUYE EL PROCESO,46119.65833,ORDINARIO,DECLARACIÓN DE NULIDAD DE ACTOS ADMINISTRATIVOS,Contencioso Administrativo,6,4to Juzgado de Trabajo
00522-2026-0-2301-JR-LA-04,522,2026,PENDIENTE EN TRÁMITE,TOTAL PENDIENTES AL MES ANTERIOR,AUTO DE SANEAMIENTO QUE NO CONCLUYE EL PROCESO,46141.69653,ORDINARIO,DECLARACIÓN DE NULIDAD DE ACTOS ADMINISTRATIVOS,Contencioso Administrativo,6,4to Juzgado de Trabajo
00292-2026-0-2301-JR-CI-04,292,2026,PENDIENTE EN TRÁMITE,TOTAL PENDIENTES AL MES ANTERIOR,AUTO DE SANEAMIENTO QUE NO CONCLUYE EL PROCESO,46153.7125,ORDINARIO,DECLARACIÓN DE NULIDAD DE ACTOS ADMINISTRATIVOS,Contencioso Administrativo,6,4to Juzgado de Trabajo
01700-2025-0-2301-JR-LA-04,1700,2025,PENDIENTE EN TRÁMITE,TOTAL PENDIENTES AL MES ANTERIOR,CONTINUA EN TRAMITE (POR SENTENCIAR),46002.56111,URGENTE,CUMPLIMIENTO DE ACTUACIONES DISPUESTA POR ACTO ADMINISTRATIVO,Contencioso Administrativo,6,4to Juzgado de Trabajo
01609-2025-0-2301-JR-LA-04,1609,2025,PENDIENTE EN TRÁMITE,TOTAL PENDIENTES AL MES ANTERIOR,CONTINUA EN TRAMITE (POR SENTENCIAR),46009.72292,ORDINARIO,RECONOCIMIENTO DEL DERECHO TUTELADO,Contencioso Administrativo,6,4to Juzgado de Trabajo
00498-2026-0-2301-JR-LA-04,498,2026,PENDIENTE EN TRÁMITE,TOTAL PENDIENTES AL MES ANTERIOR,DECRETO PUESTO A DESPACHO PARA SENTENCIAR(ULTIMA SENTENCIA),46171.74028,ORDINARIO,DECLARACIÓN DE NULIDAD DE ACTOS ADMINISTRATIVOS,Contencioso Administrativo,6,4to Juzgado de Trabajo
00769-2026-0-2301-JR-LA-04,769,2026,NUEVOS ADMITIDOS,TOTAL INGRESOS A TRÁMITE,AUTO ADMISORIO,46183.6625,ORDINARIO,CUMPLIMIENTO DE ACTUACIONES DISPUESTA POR ACTO ADMINISTRATIVO,Contencioso Administrativo,6,4to Juzgado de Trabajo
00761-2026-0-2301-JR-LA-04,761,2026,NUEVOS ADMITIDOS,TOTAL INGRESOS A TRÁMITE,AUTO ADMISORIO,46183.66181,ORDINARIO,RECONOCIMIENTO DEL DERECHO TUTELADO,Contencioso Administrativo,6,4to Juzgado de Trabajo
00759-2026-0-2301-JR-LA-04,759,2026,NUEVOS ADMITIDOS,TOTAL INGRESOS A TRÁMITE,AUTO ADMISORIO,46183.66319,ORDINARIO,RECONOCIMIENTO DEL DERECHO TUTELADO,Contencioso Administrativo,6,4to Juzgado de Trabajo
00753-2026-0-2301-JR-LA-04,753,2026,NUEVOS ADMITIDOS,TOTAL INGRESOS A TRÁMITE,AUTO ADMISORIO,46190.96597,ORDINARIO,RECONOCIMIENTO DEL DERECHO TUTELADO,Contencioso Administrativo,6,4to Juzgado de Trabajo
00746-2026-0-2301-JR-LA-04,746,2026,NUEVOS ADMITIDOS,TOTAL INGRESOS A TRÁMITE,AUTO ADMISORIO,46183.66458,ORDINARIO,DECLARACIÓN DE NULIDAD DE ACTOS ADMINISTRATIVOS,Contencioso Administrativo,6,4to Juzgado de Trabajo
00720-2026-0-2301-JR-LA-04,720,2026,NUEVOS ADMITIDOS,TOTAL INGRESOS A TRÁMITE,AUTO ADMISORIO,46177.47986,ORDINARIO,DECLARACIÓN DE NULIDAD DE ACTOS ADMINISTRATIVOS,Contencioso Administrativo,6,4to Juzgado de Trabajo
00457-2026-0-2301-JR-LA-03,457,2026,NUEVOS ADMITIDOS,TOTAL INGRESOS A TRÁMITE,AUTO ADMISORIO,46183.66389,ORDINARIO,RECONOCIMIENTO DEL DERECHO TUTELADO,Contencioso Administrativo,6,4to Juzgado de Trabajo
00842-2026-0-2301-JR-LA-04,842,2026,NUEVOS ADMITIDOS,TOTAL INGRESOS A TRÁMITE,AUTO ADMISORIO,46181.68681,ORDINARIO,DECLARACIÓN DE NULIDAD DE ACTOS ADMINISTRATIVOS,Contencioso Administrativo,6,4to Juzgado de Trabajo
00881-2026-0-2301-JR-LA-04,881,2026,NUEVOS ADMITIDOS,TOTAL INGRESOS A TRÁMITE,AUTO ADMISORIO,46188.43125,ORDINARIO,DECLARACIÓN DE NULIDAD DE ACTOS ADMINISTRATIVOS,Contencioso Administrativo,6,4to Juzgado de Trabajo
00868-2026-0-2301-JR-LA-03,868,2026,NUEVOS ADMITIDOS,TOTAL INGRESOS A TRÁMITE,AUTO ADMISORIO,46199.35139,ORDINARIO,RECONOCIMIENTO DEL DERECHO TUTELADO,Contencioso Administrativo,6,4to Juzgado de Trabajo
00898-2026-0-2301-JR-LA-04,898,2026,NUEVOS ADMITIDOS,TOTAL INGRESOS A TRÁMITE,AUTO ADMISORIO,46188.64722,ORDINARIO,DECLARACIÓN DE NULIDAD DE ACTOS ADMINISTRATIVOS,Contencioso Administrativo,6,4to Juzgado de Trabajo
00925-2026-0-2301-JR-LA-04,925,2026,NUEVOS ADMITIDOS,TOTAL INGRESOS A TRÁMITE,AUTO ADMISORIO,46196.67986,ORDINARIO,DECLARACIÓN DE INEFICACIA DE ACTOS ADMINISTRATIVOS,Contencioso Administrativo,6,4to Juzgado de Trabajo
00936-2026-0-2301-JR-LA-04,936,2026,NUEVOS ADMITIDOS,TOTAL INGRESOS A TRÁMITE,AUTO ADMISORIO,46192.65069,ORDINARIO,DECLARACIÓN DE NULIDAD DE ACTOS ADMINISTRATIVOS,Contencioso Administrativo,6,4to Juzgado de Trabajo
00911-2026-0-2301-JR-LA-04,911,2026,NUEVOS ADMITIDOS,TOTAL INGRESOS A TRÁMITE,AUTO ADMISORIO,46188.64931,ORDINARIO,DECLARACIÓN DE NULIDAD DE ACTOS ADMINISTRATIVOS,Contencioso Administrativo,6,4to Juzgado de Trabajo
00955-2026-0-2301-JR-LA-04,955,2026,NUEVOS ADMITIDOS,TOTAL INGRESOS A TRÁMITE,AUTO ADMISORIO,46203.70833,ORDINARIO,RECONOCIMIENTO DEL DERECHO TUTELADO,Contencioso Administrativo,6,4to Juzgado de Trabajo
00994-2026-0-2301-JR-LA-04,994,2026,NUEVOS ADMITIDOS,TOTAL INGRESOS A TRÁMITE,AUTO ADMISORIO,46201.96042,ORDINARIO,DECLARACIÓN DE NULIDAD DE ACTOS ADMINISTRATIVOS,Contencioso Administrativo,6,4to Juzgado de Trabajo
01013-2026-0-2301-JR-LA-04,1013,2026,NUEVOS ADMITIDOS,TOTAL INGRESOS A TRÁMITE,AUTO ADMISORIO,46203.85764,ORDINARIO,DECLARACIÓN DE NULIDAD DE ACTOS ADMINISTRATIVOS,Contencioso Administrativo,6,4to Juzgado de Trabajo
01025-2026-0-2301-JR-LA-04,1025,2026,NUEVOS ADMITIDOS,TOTAL INGRESOS A TRÁMITE,AUTO ADMISORIO,46203.40625,ORDINARIO,RECONOCIMIENTO DEL DERECHO TUTELADO,Contencioso Administrativo,6,4to Juzgado de Trabajo
01054-2026-0-2301-JR-LA-04,1054,2026,NUEVOS ADMITIDOS,TOTAL INGRESOS A TRÁMITE,AUTO ADMISORIO,46203.76458,ORDINARIO,RECONOCIMIENTO DEL DERECHO TUTELADO,Contencioso Administrativo,6,4to Juzgado de Trabajo
01040-2026-0-2301-JR-LA-04,1040,2026,NUEVOS ADMITIDOS,TOTAL INGRESOS A TRÁMITE,AUTO ADMISORIO,46203.70972,ORDINARIO,DECLARACIÓN DE NULIDAD DE ACTOS ADMINISTRATIVOS,Contencioso Administrativo,6,4to Juzgado de Trabajo
00773-2026-0-2301-JR-LA-04,773,2026,NUEVOS ADMITIDOS,TOTAL INGRESOS A TRÁMITE,AUTO ADMISORIO,46183.66181,ORDINARIO,CUMPLIMIENTO DE ACTUACIONES DISPUESTA POR ACTO ADMINISTRATIVO,Contencioso Administrativo,6,4to Juzgado de Trabajo
00821-2026-0-2301-JR-LA-04,821,2026,NUEVOS ADMITIDOS,TOTAL INGRESOS A TRÁMITE,AUTO ADMISORIO,46181.68681,ORDINARIO,RECONOCIMIENTO DEL DERECHO TUTELADO,Contencioso Administrativo,6,4to Juzgado de Trabajo
00803-2026-0-2301-JR-LA-04,803,2026,NUEVOS ADMITIDOS,TOTAL INGRESOS A TRÁMITE,AUTO ADMISORIO,46176.33819,URGENTE,CUMPLIMIENTO DE ACTUACIONES DISPUESTA POR LEY,Contencioso Administrativo,6,4to Juzgado de Trabajo
01052-2026-0-2301-JR-LA-04,1052,2026,NUEVOS ADMITIDOS,TOTAL INGRESOS A TRÁMITE,AUTO ADMISORIO,46203.70903,ORDINARIO,RECONOCIMIENTO DEL DERECHO TUTELADO,Contencioso Administrativo,6,4to Juzgado de Trabajo
01049-2026-0-2301-JR-LA-04,1049,2026,NUEVOS ADMITIDOS,TOTAL INGRESOS A TRÁMITE,AUTO ADMISORIO,46203.70903,ORDINARIO,RECONOCIMIENTO DEL DERECHO TUTELADO,Contencioso Administrativo,6,4to Juzgado de Trabajo
01045-2026-0-2301-JR-LA-04,1045,2026,NUEVOS ADMITIDOS,TOTAL INGRESOS A TRÁMITE,AUTO ADMISORIO,46203.70833,ORDINARIO,RECONOCIMIENTO DEL DERECHO TUTELADO,Contencioso Administrativo,6,4to Juzgado de Trabajo
01038-2026-0-2301-JR-LA-04,1038,2026,NUEVOS ADMITIDOS,TOTAL INGRESOS A TRÁMITE,AUTO ADMISORIO,46203.70903,ORDINARIO,DECLARACIÓN DE NULIDAD DE ACTOS ADMINISTRATIVOS,Contencioso Administrativo,6,4to Juzgado de Trabajo
01033-2026-0-2301-JR-LA-04,1033,2026,NUEVOS ADMITIDOS,TOTAL INGRESOS A TRÁMITE,AUTO ADMISORIO,46203.70833,ORDINARIO,RECONOCIMIENTO DEL DERECHO TUTELADO,Contencioso Administrativo,6,4to Juzgado de Trabajo
01030-2026-0-2301-JR-LA-04,1030,2026,NUEVOS ADMITIDOS,TOTAL INGRESOS A TRÁMITE,AUTO ADMISORIO,46203.40764,ORDINARIO,DECLARACIÓN DE NULIDAD DE ACTOS ADMINISTRATIVOS,Contencioso Administrativo,6,4to Juzgado de Trabajo
01021-2026-0-2301-JR-LA-04,1021,2026,NUEVOS ADMITIDOS,TOTAL INGRESOS A TRÁMITE,AUTO ADMISORIO,46203.40694,ORDINARIO,RECONOCIMIENTO DEL DERECHO TUTELADO,Contencioso Administrativo,6,4to Juzgado de Trabajo
01019-2026-0-2301-JR-LA-04,1019,2026,NUEVOS ADMITIDOS,TOTAL INGRESOS A TRÁMITE,AUTO ADMISORIO,46203.40625,ORDINARIO,RECONOCIMIENTO DEL DERECHO TUTELADO,Contencioso Administrativo,6,4to Juzgado de Trabajo
01015-2026-0-2301-JR-LA-04,1015,2026,NUEVOS ADMITIDOS,TOTAL INGRESOS A TRÁMITE,AUTO ADMISORIO,46203.76458,ORDINARIO,RECONOCIMIENTO DEL DERECHO TUTELADO,Contencioso Administrativo,6,4to Juzgado de Trabajo
01008-2026-0-2301-JR-LA-04,1008,2026,NUEVOS ADMITIDOS,TOTAL INGRESOS A TRÁMITE,AUTO ADMISORIO,46203.76528,ORDINARIO,RECONOCIMIENTO DEL DERECHO TUTELADO,Contencioso Administrativo,6,4to Juzgado de Trabajo
01006-2026-0-2301-JR-LA-04,1006,2026,NUEVOS ADMITIDOS,TOTAL INGRESOS A TRÁMITE,AUTO ADMISORIO,46203.76528,ORDINARIO,RECONOCIMIENTO DEL DERECHO TUTELADO,Contencioso Administrativo,6,4to Juzgado de Trabajo
01002-2026-0-2301-JR-LA-04,1002,2026,NUEVOS ADMITIDOS,TOTAL INGRESOS A TRÁMITE,AUTO ADMISORIO,46203.76528,ORDINARIO,RECONOCIMIENTO DEL DERECHO TUTELADO,Contencioso Administrativo,6,4to Juzgado de Trabajo
00988-2026-0-2301-JR-LA-04,988,2026,NUEVOS ADMITIDOS,TOTAL INGRESOS A TRÁMITE,AUTO ADMISORIO,46196.49097,ORDINARIO,DECLARACIÓN DE NULIDAD DE ACTOS ADMINISTRATIVOS,Contencioso Administrativo,6,4to Juzgado de Trabajo
00986-2026-0-2301-JR-LA-04,986,2026,NUEVOS ADMITIDOS,TOTAL INGRESOS A TRÁMITE,AUTO ADMISORIO,46196.49097,ORDINARIO,DECLARACIÓN DE NULIDAD DE ACTOS ADMINISTRATIVOS,Contencioso Administrativo,6,4to Juzgado de Trabajo
00982-2026-0-2301-JR-LA-04,982,2026,NUEVOS ADMITIDOS,TOTAL INGRESOS A TRÁMITE,AUTO ADMISORIO,46199.35139,ORDINARIO,DECLARACIÓN DE NULIDAD DE ACTOS ADMINISTRATIVOS,Contencioso Administrativo,6,4to Juzgado de Trabajo
00968-2026-0-2301-JR-LA-04,968,2026,NUEVOS ADMITIDOS,TOTAL INGRESOS A TRÁMITE,AUTO ADMISORIO,46192.65417,ORDINARIO,DECLARACIÓN DE NULIDAD DE ACTOS ADMINISTRATIVOS,Contencioso Administrativo,6,4to Juzgado de Trabajo
00966-2026-0-2301-JR-LA-04,966,2026,NUEVOS ADMITIDOS,TOTAL INGRESOS A TRÁMITE,AUTO ADMISORIO,46191.55764,ORDINARIO,RECONOCIMIENTO DEL DERECHO TUTELADO,Contencioso Administrativo,6,4to Juzgado de Trabajo
00964-2026-0-2301-JR-LA-04,964,2026,NUEVOS ADMITIDOS,TOTAL INGRESOS A TRÁMITE,AUTO ADMISORIO,46191.55833,ORDINARIO,DECLARACIÓN DE NULIDAD DE ACTOS ADMINISTRATIVOS,Contencioso Administrativo,6,4to Juzgado de Trabajo
00957-2026-0-2301-JR-LA-01,957,2026,NUEVOS ADMITIDOS,TOTAL INGRESOS A TRÁMITE,AUTO ADMISORIO,46199.35139,ORDINARIO,RECONOCIMIENTO DEL DERECHO TUTELADO,Contencioso Administrativo,6,4to Juzgado de Trabajo
00951-2026-0-2301-JR-LA-04,951,2026,NUEVOS ADMITIDOS,TOTAL INGRESOS A TRÁMITE,AUTO ADMISORIO,46199.38681,ORDINARIO,CUMPLIMIENTO DE ACTUACIONES DISPUESTA POR LEY,Contencioso Administrativo,6,4to Juzgado de Trabajo
00940-2026-0-2301-JR-LA-04,940,2026,NUEVOS ADMITIDOS,TOTAL INGRESOS A TRÁMITE,AUTO ADMISORIO,46196.68056,ORDINARIO,RECONOCIMIENTO DEL DERECHO TUTELADO,Contencioso Administrativo,6,4to Juzgado de Trabajo
00938-2026-0-2301-JR-LA-04,938,2026,NUEVOS ADMITIDOS,TOTAL INGRESOS A TRÁMITE,AUTO ADMISORIO,46191.55833,ORDINARIO,DECLARACIÓN DE INEFICACIA DE ACTOS ADMINISTRATIVOS,Contencioso Administrativo,6,4to Juzgado de Trabajo
00934-2026-0-2301-JR-LA-04,934,2026,NUEVOS ADMITIDOS,TOTAL INGRESOS A TRÁMITE,AUTO ADMISORIO,46192.65139,ORDINARIO,DECLARACIÓN DE NULIDAD DE ACTOS ADMINISTRATIVOS,Contencioso Administrativo,6,4to Juzgado de Trabajo
00930-2026-0-2301-JR-LA-04,930,2026,NUEVOS ADMITIDOS,TOTAL INGRESOS A TRÁMITE,AUTO ADMISORIO,46192.65139,URGENTE,CUMPLIMIENTO DE ACTUACIONES DISPUESTA POR LEY,Contencioso Administrativo,6,4to Juzgado de Trabajo
00927-2026-0-2301-JR-LA-04,927,2026,NUEVOS ADMITIDOS,TOTAL INGRESOS A TRÁMITE,AUTO ADMISORIO,46196.68056,ORDINARIO,RECONOCIMIENTO DEL DERECHO TUTELADO,Contencioso Administrativo,6,4to Juzgado de Trabajo
00921-2026-0-2301-JR-LA-04,921,2026,NUEVOS ADMITIDOS,TOTAL INGRESOS A TRÁMITE,AUTO ADMISORIO,46196.62569,ORDINARIO,RECONOCIMIENTO DEL DERECHO TUTELADO,Contencioso Administrativo,6,4to Juzgado de Trabajo
00916-2026-0-2301-JR-LA-04,916,2026,NUEVOS ADMITIDOS,TOTAL INGRESOS A TRÁMITE,AUTO ADMISORIO,46188.65139,ORDINARIO,DECLARACIÓN DE NULIDAD DE ACTOS ADMINISTRATIVOS,Contencioso Administrativo,6,4to Juzgado de Trabajo
00914-2026-0-2301-JR-LA-04,914,2026,NUEVOS ADMITIDOS,TOTAL INGRESOS A TRÁMITE,AUTO ADMISORIO,46188.65139,ORDINARIO,DECLARACIÓN DE NULIDAD DE ACTOS ADMINISTRATIVOS,Contencioso Administrativo,6,4to Juzgado de Trabajo
00908-2026-0-2301-JR-LA-04,908,2026,NUEVOS ADMITIDOS,TOTAL INGRESOS A TRÁMITE,AUTO ADMISORIO,46188.64931,ORDINARIO,DECLARACIÓN DE NULIDAD DE ACTOS ADMINISTRATIVOS,Contencioso Administrativo,6,4to Juzgado de Trabajo
00906-2026-0-2301-JR-LA-04,906,2026,NUEVOS ADMITIDOS,TOTAL INGRESOS A TRÁMITE,AUTO ADMISORIO,46188.64861,ORDINARIO,RECONOCIMIENTO DEL DERECHO TUTELADO,Contencioso Administrativo,6,4to Juzgado de Trabajo
00904-2026-0-2301-JR-LA-04,904,2026,NUEVOS ADMITIDOS,TOTAL INGRESOS A TRÁMITE,AUTO ADMISORIO,46188.64931,ORDINARIO,RECONOCIMIENTO DEL DERECHO TUTELADO,Contencioso Administrativo,6,4to Juzgado de Trabajo
00894-2026-0-2301-JR-LA-04,894,2026,NUEVOS ADMITIDOS,TOTAL INGRESOS A TRÁMITE,AUTO ADMISORIO,46188.43194,ORDINARIO,DECLARACIÓN DE NULIDAD DE ACTOS ADMINISTRATIVOS,Contencioso Administrativo,6,4to Juzgado de Trabajo
00890-2026-0-2301-JR-LA-04,890,2026,NUEVOS ADMITIDOS,TOTAL INGRESOS A TRÁMITE,AUTO ADMISORIO,46188.64722,ORDINARIO,DECLARACIÓN DE INEFICACIA DE ACTOS ADMINISTRATIVOS,Contencioso Administrativo,6,4to Juzgado de Trabajo
00884-2026-0-2301-JR-LA-04,884,2026,NUEVOS ADMITIDOS,TOTAL INGRESOS A TRÁMITE,AUTO ADMISORIO,46188.64722,ORDINARIO,CUMPLIMIENTO DE ACTUACIONES DISPUESTA POR LEY,Contencioso Administrativo,6,4to Juzgado de Trabajo
00880-2026-0-2301-JR-LA-01,880,2026,NUEVOS ADMITIDOS,TOTAL INGRESOS A TRÁMITE,AUTO ADMISORIO,46192.70556,ORDINARIO,RECONOCIMIENTO DEL DERECHO TUTELADO,Contencioso Administrativo,6,4to Juzgado de Trabajo
00875-2026-0-2301-JR-LA-01,875,2026,NUEVOS ADMITIDOS,TOTAL INGRESOS A TRÁMITE,AUTO ADMISORIO,46192.65208,ORDINARIO,RECONOCIMIENTO DEL DERECHO TUTELADO,Contencioso Administrativo,6,4to Juzgado de Trabajo
00871-2026-0-2301-JR-LA-01,871,2026,NUEVOS ADMITIDOS,TOTAL INGRESOS A TRÁMITE,AUTO ADMISORIO,46192.64792,ORDINARIO,RECONOCIMIENTO DEL DERECHO TUTELADO,Contencioso Administrativo,6,4to Juzgado de Trabajo
00861-2026-0-2301-JR-LA-04,861,2026,NUEVOS ADMITIDOS,TOTAL INGRESOS A TRÁMITE,AUTO ADMISORIO,46183.71528,ORDINARIO,DECLARACIÓN DE NULIDAD DE ACTOS ADMINISTRATIVOS,Contencioso Administrativo,6,4to Juzgado de Trabajo
00859-2026-0-2301-JR-LA-04,859,2026,NUEVOS ADMITIDOS,TOTAL INGRESOS A TRÁMITE,AUTO ADMISORIO,46182.6625,ORDINARIO,RECONOCIMIENTO DEL DERECHO TUTELADO,Contencioso Administrativo,6,4to Juzgado de Trabajo
00856-2026-0-2301-JR-LA-04,856,2026,NUEVOS ADMITIDOS,TOTAL INGRESOS A TRÁMITE,AUTO ADMISORIO,46182.6625,ORDINARIO,DECLARACIÓN DE NULIDAD DE ACTOS ADMINISTRATIVOS,Contencioso Administrativo,6,4to Juzgado de Trabajo
00854-2026-0-2301-JR-LA-04,854,2026,NUEVOS ADMITIDOS,TOTAL INGRESOS A TRÁMITE,AUTO ADMISORIO,46191.55764,ORDINARIO,RECONOCIMIENTO DEL DERECHO TUTELADO,Contencioso Administrativo,6,4to Juzgado de Trabajo
00850-2026-0-2301-JR-LA-04,850,2026,NUEVOS ADMITIDOS,TOTAL INGRESOS A TRÁMITE,AUTO ADMISORIO,46191.55833,ORDINARIO,DECLARACIÓN DE NULIDAD DE ACTOS ADMINISTRATIVOS,Contencioso Administrativo,6,4to Juzgado de Trabajo
00847-2026-0-2301-JR-LA-04,847,2026,NUEVOS ADMITIDOS,TOTAL INGRESOS A TRÁMITE,AUTO ADMISORIO,46198.70903,ORDINARIO,CUMPLIMIENTO DE ACTUACIONES DISPUESTA POR ACTO ADMINISTRATIVO,Contencioso Administrativo,6,4to Juzgado de Trabajo
00844-2026-0-2301-JR-LA-04,844,2026,NUEVOS ADMITIDOS,TOTAL INGRESOS A TRÁMITE,AUTO ADMISORIO,46181.68611,ORDINARIO,DECLARACIÓN DE NULIDAD DE ACTOS ADMINISTRATIVOS,Contencioso Administrativo,6,4to Juzgado de Trabajo
00840-2026-0-2301-JR-LA-04,840,2026,NUEVOS ADMITIDOS,TOTAL INGRESOS A TRÁMITE,AUTO ADMISORIO,46181.68611,ORDINARIO,DECLARACIÓN DE NULIDAD DE ACTOS ADMINISTRATIVOS,Contencioso Administrativo,6,4to Juzgado de Trabajo
00835-2026-0-2301-JR-LA-04,835,2026,NUEVOS ADMITIDOS,TOTAL INGRESOS A TRÁMITE,AUTO ADMISORIO,46196.68056,ORDINARIO,CUMPLIMIENTO DE ACTUACIONES DISPUESTA POR LEY,Contencioso Administrativo,6,4to Juzgado de Trabajo
00831-2026-0-2301-JR-LA-04,831,2026,NUEVOS ADMITIDOS,TOTAL INGRESOS A TRÁMITE,AUTO ADMISORIO,46181.68611,ORDINARIO,RECONOCIMIENTO DEL DERECHO TUTELADO,Contencioso Administrativo,6,4to Juzgado de Trabajo
00813-2026-0-2301-JR-LA-04,813,2026,NUEVOS ADMITIDOS,TOTAL INGRESOS A TRÁMITE,AUTO ADMISORIO,46183.66389,ORDINARIO,RECONOCIMIENTO DEL DERECHO TUTELADO,Contencioso Administrativo,6,4to Juzgado de Trabajo
00811-2026-0-2301-JR-LA-04,811,2026,NUEVOS ADMITIDOS,TOTAL INGRESOS A TRÁMITE,AUTO ADMISORIO,46199.35,ORDINARIO,DECLARACIÓN DE INEFICACIA DE ACTOS ADMINISTRATIVOS,Contencioso Administrativo,6,4to Juzgado de Trabajo
00805-2026-0-2301-JR-LA-04,805,2026,NUEVOS ADMITIDOS,TOTAL INGRESOS A TRÁMITE,AUTO ADMISORIO,46183.66458,ORDINARIO,DECLARACIÓN DE NULIDAD DE ACTOS ADMINISTRATIVOS,Contencioso Administrativo,6,4to Juzgado de Trabajo
00801-2026-0-2301-JR-LA-04,801,2026,NUEVOS ADMITIDOS,TOTAL INGRESOS A TRÁMITE,AUTO ADMISORIO,46176.33958,ORDINARIO,RECONOCIMIENTO DEL DERECHO TUTELADO,Contencioso Administrativo,6,4to Juzgado de Trabajo
00799-2026-0-2301-JR-LA-04,799,2026,NUEVOS ADMITIDOS,TOTAL INGRESOS A TRÁMITE,AUTO ADMISORIO,46176.34097,ORDINARIO,RECONOCIMIENTO DEL DERECHO TUTELADO,Contencioso Administrativo,6,4to Juzgado de Trabajo
00795-2026-0-2301-JR-LA-04,795,2026,NUEVOS ADMITIDOS,TOTAL INGRESOS A TRÁMITE,AUTO ADMISORIO,46183.66389,ORDINARIO,DECLARACIÓN DE NULIDAD DE ACTOS ADMINISTRATIVOS,Contencioso Administrativo,6,4to Juzgado de Trabajo
00792-2026-0-2301-JR-LA-04,792,2026,NUEVOS ADMITIDOS,TOTAL INGRESOS A TRÁMITE,AUTO ADMISORIO,46183.66319,ORDINARIO,DECLARACIÓN DE NULIDAD DE ACTOS ADMINISTRATIVOS,Contencioso Administrativo,6,4to Juzgado de Trabajo
00784-2026-0-2301-JR-LA-04,784,2026,NUEVOS ADMITIDOS,TOTAL INGRESOS A TRÁMITE,AUTO ADMISORIO,46183.66319,ORDINARIO,RECONOCIMIENTO DEL DERECHO TUTELADO,Contencioso Administrativo,6,4to Juzgado de Trabajo
00779-2026-0-2301-JR-LA-04,779,2026,NUEVOS ADMITIDOS,TOTAL INGRESOS A TRÁMITE,AUTO ADMISORIO,46183.66389,ORDINARIO,RECONOCIMIENTO DEL DERECHO TUTELADO,Contencioso Administrativo,6,4to Juzgado de Trabajo
00775-2026-0-2301-JR-LA-04,775,2026,NUEVOS ADMITIDOS,TOTAL INGRESOS A TRÁMITE,AUTO ADMISORIO,46199.35069,ORDINARIO,RECONOCIMIENTO DEL DERECHO TUTELADO,Contencioso Administrativo,6,4to Juzgado de Trabajo
00771-2026-0-2301-JR-LA-04,771,2026,NUEVOS ADMITIDOS,TOTAL INGRESOS A TRÁMITE,AUTO ADMISORIO,46183.6625,ORDINARIO,CUMPLIMIENTO DE ACTUACIONES DISPUESTA POR ACTO ADMINISTRATIVO,Contencioso Administrativo,6,4to Juzgado de Trabajo
00693-2026-0-2301-JR-LA-04,693,2026,INGRESO DE DEMANDA IMPROCEDENTE/DENUNCIA NO HA LUGAR,TOTAL INGRESOS A TRÁMITE,AUTO IMPROCEDENTE (INGRESA Y RESUELVE),46183.66528,ORDINARIO,DECLARACIÓN DE NULIDAD DE ACTOS ADMINISTRATIVOS,Contencioso Administrativo,6,4to Juzgado de Trabajo
00815-2026-0-2301-JR-LA-04,815,2026,INGRESO DE DEMANDA IMPROCEDENTE/DENUNCIA NO HA LUGAR,TOTAL INGRESOS A TRÁMITE,AUTO IMPROCEDENTE (INGRESA Y RESUELVE),46175.35139,ORDINARIO,RECONOCIMIENTO DEL DERECHO TUTELADO,Contencioso Administrativo,6,4to Juzgado de Trabajo
00852-2026-0-2301-JR-LA-04,852,2026,INGRESO DE DEMANDA IMPROCEDENTE/DENUNCIA NO HA LUGAR,TOTAL INGRESOS A TRÁMITE,AUTO IMPROCEDENTE (INGRESA Y RESUELVE),46182.66181,ORDINARIO,RECONOCIMIENTO DEL DERECHO TUTELADO,Contencioso Administrativo,6,4to Juzgado de Trabajo
00888-2026-0-2301-JR-LA-04,888,2026,INGRESO DE DEMANDA IMPROCEDENTE/DENUNCIA NO HA LUGAR,TOTAL INGRESOS A TRÁMITE,AUTO IMPROCEDENTE (INGRESA Y RESUELVE),46188.64722,URGENTE,CUMPLIMIENTO DE ACTUACIONES DISPUESTA POR LEY,Contencioso Administrativo,6,4to Juzgado de Trabajo
01027-2026-0-2301-JR-LA-04,1027,2026,INGRESO DE DEMANDA IMPROCEDENTE/DENUNCIA NO HA LUGAR,TOTAL INGRESOS A TRÁMITE,AUTO IMPROCEDENTE (INGRESA Y RESUELVE),46203.40764,ORDINARIO,DECLARACIÓN DE NULIDAD DE ACTOS ADMINISTRATIVOS,Contencioso Administrativo,6,4to Juzgado de Trabajo
01004-2026-0-2301-JR-LA-04,1004,2026,INGRESO DE DEMANDA IMPROCEDENTE/DENUNCIA NO HA LUGAR,TOTAL INGRESOS A TRÁMITE,AUTO IMPROCEDENTE (INGRESA Y RESUELVE),46199.35278,ORDINARIO,DECLARACIÓN DE NULIDAD DE ACTOS ADMINISTRATIVOS,Contencioso Administrativo,6,4to Juzgado de Trabajo
01747-2025-0-2301-JR-LA-04,1747,2025,PENDIENTE EN TRÁMITE,TOTAL PENDIENTES AL MES ANTERIOR,CONTINUA EN TRAMITE (1RA INSTANCIA),45994.64722,ORDINARIO,RESTABLECIMIENTO DEL DERECHO TUTELADO,Previsional,6,4to Juzgado de Trabajo
01817-2025-0-2301-JR-LA-04,1817,2025,PENDIENTE EN TRÁMITE,TOTAL PENDIENTES AL MES ANTERIOR,CONTINUA EN TRAMITE (1RA INSTANCIA),46006.47917,ORDINARIO,RESTABLECIMIENTO DEL DERECHO TUTELADO,Previsional,6,4to Juzgado de Trabajo
00748-2026-0-2301-JR-LA-04,748,2026,PENDIENTE EN TRÁMITE,TOTAL PENDIENTES AL MES ANTERIOR,AUTO ADMISORIO,46163.34444,ORDINARIO,RESTABLECIMIENTO DEL DERECHO TUTELADO,Previsional,6,4to Juzgado de Trabajo
00725-2026-0-2301-JR-LA-03,725,2026,PENDIENTE EN TRÁMITE,TOTAL PENDIENTES AL MES ANTERIOR,AUTO ADMISORIO,46167.67083,ORDINARIO,RESTABLECIMIENTO DEL DERECHO TUTELADO,Previsional,6,4to Juzgado de Trabajo
00726-2026-0-2301-JR-LA-01,726,2026,PENDIENTE EN TRÁMITE,TOTAL PENDIENTES AL MES ANTERIOR,AUTO ADMISORIO,46167.55625,ORDINARIO,RESTABLECIMIENTO DEL DERECHO TUTELADO,Previsional,6,4to Juzgado de Trabajo
01329-2025-0-2301-JR-LA-04,1329,2025,PENDIENTE EN TRÁMITE,TOTAL PENDIENTES AL MES ANTERIOR,DECRETO PUESTO A DESPACHO PARA SENTENCIAR(ULTIMA SENTENCIA) (INV.202501),46141.69167,ORDINARIO,RESTABLECIMIENTO DEL DERECHO TUTELADO,Previsional,6,4to Juzgado de Trabajo
00837-2026-0-2301-JR-LA-04,837,2026,NUEVOS ADMITIDOS,TOTAL INGRESOS A TRÁMITE,AUTO ADMISORIO,46199.35347,ORDINARIO,RESTABLECIMIENTO DEL DERECHO TUTELADO,Previsional,6,4to Juzgado de Trabajo
00932-2026-0-2301-JR-LA-04,932,2026,NUEVOS ADMITIDOS,TOTAL INGRESOS A TRÁMITE,AUTO ADMISORIO,46192.65486,ORDINARIO,DECLARACIÓN DE NULIDAD DE ACTOS ADMINISTRATIVOS,Previsional,6,4to Juzgado de Trabajo
00980-2026-0-2301-JR-LA-04,980,2026,NUEVOS ADMITIDOS,TOTAL INGRESOS A TRÁMITE,AUTO ADMISORIO,46199.35347,ORDINARIO,DECLARACIÓN DE NULIDAD DE ACTOS ADMINISTRATIVOS,Previsional,6,4to Juzgado de Trabajo
00998-2026-0-2301-JR-LA-04,998,2026,NUEVOS ADMITIDOS,TOTAL INGRESOS A TRÁMITE,AUTO ADMISORIO,46199.35347,ORDINARIO,DECLARACIÓN DE NULIDAD DE ACTOS ADMINISTRATIVOS,Previsional,6,4to Juzgado de Trabajo
00817-2026-0-2301-JR-LA-03,817,2026,NUEVOS ADMITIDOS,TOTAL INGRESOS A TRÁMITE,AUTO ADMISORIO,46184.47431,ORDINARIO,RESTABLECIMIENTO DEL DERECHO TUTELADO,Previsional,6,4to Juzgado de Trabajo
