EXPEDIENTE,NRO_EXPEDIENTE,AÑO_EXPEDIENTE,DESCRIPCION_VARIABLE,DESCRIPCION_VARIABLE_DESTINO,ACTO_PROCESAL,FECHA_REGISTRO,PROCESO,MATERIA,SUB ESPECIALIDAD,MES,JUZGADO
02027-2025-0-2301-JR-CI-04,2027,2025,PENDIENTE EN TRÁMITE,TOTAL PENDIENTES AL MES ANTERIOR,AUTO ADMISORIO,46098.37986,URGENTE,ACCION CONTENCIOSA ADMINISTRATIVA,Contencioso Administrativo,5,2do Juzgado de Trabajo
02025-2015-82-2301-JR-CI-03,2025,2015,PENDIENTE EN TRÁMITE,TOTAL PENDIENTES AL MES ANTERIOR,CONTINUA EN TRAMITE (1RA INSTANCIA) (INV.202501),42970.50278,CONTENCIOSO ADMINISTRATIVO,ACCION CONTENCIOSA ADMINISTRATIVA,Contencioso Administrativo,5,2do Juzgado de Trabajo
00753-2019-0-2301-JR-LA-02,753,2019,PENDIENTE EN TRÁMITE,TOTAL PENDIENTES AL MES ANTERIOR,CONTINUA EN TRAMITE (1RA INSTANCIA) (INV.202501),44203.68333,CONTENCIOSO ADMINISTRATIVO,ACCION CONTENCIOSA ADMINISTRATIVA,Contencioso Administrativo,5,2do Juzgado de Trabajo
01012-2025-0-2301-JR-CI-04,1012,2025,PENDIENTE EN TRÁMITE,TOTAL PENDIENTES AL MES ANTERIOR,CONTINUA EN TRAMITE (1RA INSTANCIA) (INV.202501),45905.62847,ORDINARIO,ACCION CONTENCIOSA ADMINISTRATIVA,Contencioso Administrativo,5,2do Juzgado de Trabajo
02489-2025-0-2301-JR-CI-04,2489,2025,PENDIENTE EN TRÁMITE,TOTAL PENDIENTES AL MES ANTERIOR,AUTO ADMISORIO,46125.65764,ORDINARIO,ACCION CONTENCIOSA ADMINISTRATIVA,Contencioso Administrativo,5,2do Juzgado de Trabajo
01779-2025-0-2301-JR-CI-03,1779,2025,PENDIENTE EN TRÁMITE,TOTAL PENDIENTES AL MES ANTERIOR,CONTINUA EN TRAMITE (1RA INSTANCIA) (INV.202501),46007.62222,ORDINARIO,ACCION CONTENCIOSA ADMINISTRATIVA,Contencioso Administrativo,5,2do Juzgado de Trabajo
00788-2016-0-2301-JR-LA-02,788,2016,PENDIENTE EN TRÁMITE,TOTAL PENDIENTES AL MES ANTERIOR,RECEPCION  EN DEPENDENCIA POR APELACION - DEVOLUCION,46105.65903,ESPECIAL,ACCION CONTENCIOSA ADMINISTRATIVA,Contencioso Administrativo,5,2do Juzgado de Trabajo
00295-2018-0-2301-JR-LA-02,295,2018,PENDIENTE EN TRÁMITE,TOTAL PENDIENTES AL MES ANTERIOR,CONTINUA EN TRAMITE (1RA INSTANCIA) (INV.202501),43369.4875,ESPECIAL,ACCION CONTENCIOSA ADMINISTRATIVA,Contencioso Administrativo,5,2do Juzgado de Trabajo
00617-2017-0-2301-JR-LA-02,617,2017,PENDIENTE EN TRÁMITE,TOTAL PENDIENTES AL MES ANTERIOR,CONTINUA EN TRAMITE (1RA INSTANCIA) (INV.202501),43462.38889,ESPECIAL,ACCION CONTENCIOSA ADMINISTRATIVA,Contencioso Administrativo,5,2do Juzgado de Trabajo
00346-2021-0-2301-JR-CI-04,346,2021,PENDIENTE EN TRÁMITE,TOTAL PENDIENTES AL MES ANTERIOR,RECEPCION  DE SENTENCIA DE VISTA QUE ANULA A TRAMITE,46101.36319,CONTENCIOSO ADMINISTRATIVO,ACCION CONTENCIOSA ADMINISTRATIVA,Contencioso Administrativo,5,2do Juzgado de Trabajo
00548-2009-0-2301-JR-LA-01,548,2009,PENDIENTE EN TRÁMITE,TOTAL PENDIENTES AL MES ANTERIOR,CONTINUA EN TRAMITE (1RA INSTANCIA) (INV.202501),40204.43194,ESPECIAL,ACCION CONTENCIOSA ADMINISTRATIVA,Contencioso Administrativo,5,2do Juzgado de Trabajo
01024-2020-0-2301-JR-CI-04,1024,2020,PENDIENTE EN TRÁMITE,TOTAL PENDIENTES AL MES ANTERIOR,RECEPCION  EN DEPENDENCIA POR APELACION - DEVOLUCION,46128.52292,CONTENCIOSO ADMINISTRATIVO,ACCION CONTENCIOSA ADMINISTRATIVA,Contencioso Administrativo,5,2do Juzgado de Trabajo
00325-2010-0-2301-JR-LA-01,325,2010,PENDIENTE EN TRÁMITE,TOTAL PENDIENTES AL MES ANTERIOR,CONTINUA EN TRAMITE (1RA INSTANCIA) (INV.202501),40857.37153,ESPECIAL,ACCION CONTENCIOSA ADMINISTRATIVA,Contencioso Administrativo,5,2do Juzgado de Trabajo
00329-2014-0-2301-JR-LA-02,329,2014,PENDIENTE EN TRÁMITE,TOTAL PENDIENTES AL MES ANTERIOR,RECEPCION  DE SENTENCIA DE VISTA QUE ANULA A TRAMITE,46119.37639,ESPECIAL,ACCION CONTENCIOSA ADMINISTRATIVA,Contencioso Administrativo,5,2do Juzgado de Trabajo
00059-2019-0-2301-JR-LA-02,59,2019,PENDIENTE EN TRÁMITE,TOTAL PENDIENTES AL MES ANTERIOR,CONTINUA EN TRAMITE (1RA INSTANCIA) (INV.202501),45105.52986,ESPECIAL,ACCION CONTENCIOSA ADMINISTRATIVA,Contencioso Administrativo,5,2do Juzgado de Trabajo
01196-2014-0-2301-JR-LA-02,1196,2014,PENDIENTE EN TRÁMITE,TOTAL PENDIENTES AL MES ANTERIOR,DECRETO PUESTO A DESPACHO PARA SENTENCIAR(ULTIMA SENTENCIA) (INV.202501),46041.62222,CONTENCIOSO ADMINISTRATIVO,ACCION CONTENCIOSA ADMINISTRATIVA,Contencioso Administrativo,5,2do Juzgado de Trabajo
01685-2023-0-2301-JR-LA-02,1685,2023,PENDIENTE EN TRÁMITE,TOTAL PENDIENTES AL MES ANTERIOR,CONTINUA EN TRAMITE (POR SENTENCIAR) (INV.202501),45776.68681,URGENTE,ACCION CONTENCIOSA ADMINISTRATIVA,Contencioso Administrativo,5,2do Juzgado de Trabajo
01517-2018-0-2301-JR-LA-02,1517,2018,PENDIENTE EN TRÁMITE,TOTAL PENDIENTES AL MES ANTERIOR,CONTINUA EN TRAMITE (POR SENTENCIAR) (INV.202501),45763.37083,ESPECIAL,ACCION CONTENCIOSA ADMINISTRATIVA,Contencioso Administrativo,5,2do Juzgado de Trabajo
02515-2025-0-2301-JR-CI-01,2515,2025,PENDIENTE EN TRÁMITE,TOTAL PENDIENTES AL MES ANTERIOR,AUTO DE SANEAMIENTO QUE NO CONCLUYE EL PROCESO,46093.70139,ORDINARIO,ACCION CONTENCIOSA ADMINISTRATIVA,Contencioso Administrativo,5,2do Juzgado de Trabajo
02169-2017-0-2301-JR-CI-03,2169,2017,PENDIENTE EN TRÁMITE,TOTAL PENDIENTES AL MES ANTERIOR,CONTINUA EN TRAMITE (POR SENTENCIAR) (INV.202501),46022.51944,CONTENCIOSO ADMINISTRATIVO,ACCION CONTENCIOSA ADMINISTRATIVA,Contencioso Administrativo,5,2do Juzgado de Trabajo
01569-2017-0-2301-JR-LA-02,1569,2017,PENDIENTE EN TRÁMITE,TOTAL PENDIENTES AL MES ANTERIOR,CONTINUA EN TRAMITE (POR SENTENCIAR) (INV.202501),45966.68264,CONTENCIOSO ADMINISTRATIVO,ACCION CONTENCIOSA ADMINISTRATIVA,Contencioso Administrativo,5,2do Juzgado de Trabajo
00316-2018-0-2301-JR-LA-02,316,2018,PENDIENTE EN TRÁMITE,TOTAL PENDIENTES AL MES ANTERIOR,CONTINUA EN TRAMITE (POR SENTENCIAR) (INV.202501),45912.32222,ESPECIAL,ACCION CONTENCIOSA ADMINISTRATIVA,Contencioso Administrativo,5,2do Juzgado de Trabajo
01311-2025-0-2301-JR-CI-03,1311,2025,PENDIENTE EN TRÁMITE,TOTAL PENDIENTES AL MES ANTERIOR,CONTINUA EN TRAMITE (POR SENTENCIAR) (INV.202501),45960.49444,ORDINARIO,ACCION CONTENCIOSA ADMINISTRATIVA,Contencioso Administrativo,5,2do Juzgado de Trabajo
02123-2015-0-2301-JR-LA-02,2123,2015,PENDIENTE EN TRÁMITE,TOTAL PENDIENTES AL MES ANTERIOR,CONTINUA EN TRAMITE (POR SENTENCIAR) (INV.202501),45782.63958,CONTENCIOSO ADMINISTRATIVO,ACCION CONTENCIOSA ADMINISTRATIVA,Contencioso Administrativo,5,2do Juzgado de Trabajo
00672-2019-0-2301-JR-LA-02,672,2019,PENDIENTE EN TRÁMITE,TOTAL PENDIENTES AL MES ANTERIOR,CONTINUA EN TRAMITE (POR SENTENCIAR) (INV.202501),45884.61597,ESPECIAL,ACCION CONTENCIOSA ADMINISTRATIVA,Contencioso Administrativo,5,2do Juzgado de Trabajo
00168-2026-0-2301-JR-CI-04,168,2026,PENDIENTE EN TRÁMITE,TOTAL PENDIENTES AL MES ANTERIOR,AUTO DE SANEAMIENTO QUE NO CONCLUYE EL PROCESO,46121.30903,ORDINARIO,ACCION CONTENCIOSA ADMINISTRATIVA,Contencioso Administrativo,5,2do Juzgado de Trabajo
02408-2024-0-2301-JR-CI-03,2408,2024,NUEVOS ADMITIDOS,TOTAL INGRESOS A TRÁMITE,AUTO ADMISORIO,46149.45486,ORDINARIO,ACCION CONTENCIOSA ADMINISTRATIVA,Contencioso Administrativo,5,2do Juzgado de Trabajo
00922-2023-0-2301-JR-LA-02,922,2023,ANULADA A TRÁMITE / HABER NULIDAD,TOTAL INGRESOS A TRÁMITE,RECEPCION  EN DEPENDENCIA POR APELACION - DEVOLUCION,46167.69236,ORDINARIO,ACCION CONTENCIOSA ADMINISTRATIVA,Contencioso Administrativo,5,2do Juzgado de Trabajo
02401-2019-0-2301-JR-LA-02,2401,2019,ANULADA A TRÁMITE / HABER NULIDAD,TOTAL INGRESOS A TRÁMITE,RECEPCION  DE SENTENCIA DE VISTA QUE ANULA A TRAMITE,46169.67708,CONTENCIOSO ADMINISTRATIVO,ACCION CONTENCIOSA ADMINISTRATIVA,Contencioso Administrativo,5,2do Juzgado de Trabajo
01568-2024-0-2301-JR-LA-01,1568,2024,PENDIENTE EN TRÁMITE,TOTAL PENDIENTES AL MES ANTERIOR,RECEPCION  DE SENTENCIA DE VISTA QUE ANULA A TRAMITE (INV.202501),46037.35069,ORDINARIO,ACCION CONTENCIOSA ADMINISTRATIVA,Contencioso Administrativo,5,4to Juzgado de Trabajo
01690-2025-0-2301-JR-CI-03,1690,2025,PENDIENTE EN TRÁMITE,TOTAL PENDIENTES AL MES ANTERIOR,AUTO DE SANEAMIENTO QUE NO CONCLUYE EL PROCESO (INV.202501),46121.66111,ORDINARIO,ACCION CONTENCIOSA ADMINISTRATIVA,Contencioso Administrativo,5,4to Juzgado de Trabajo
00186-2026-0-2301-JR-CI-03,186,2026,PENDIENTE EN TRÁMITE,TOTAL PENDIENTES AL MES ANTERIOR,AUTO DE SANEAMIENTO QUE NO CONCLUYE EL PROCESO,46121.66458,ORDINARIO,ACCION CONTENCIOSA ADMINISTRATIVA,Contencioso Administrativo,5,4to Juzgado de Trabajo
01773-2018-0-2301-JR-LA-03,1773,2018,PENDIENTE EN TRÁMITE,TOTAL PENDIENTES AL MES ANTERIOR,CONTINUA EN TRAMITE (POR SENTENCIAR) (INV.202501),45772.67431,ORDINARIO,CESE DE ACTOS DE HOSTILIDAD DEL EMPLEADOR,Contencioso Administrativo,5,2do Juzgado de Trabajo
01036-2025-0-2301-JR-LA-02,1036,2025,PENDIENTE EN TRÁMITE,TOTAL PENDIENTES AL MES ANTERIOR,CONTINUA EN TRAMITE (POR SENTENCIAR) (INV.202501),45887.52778,ORDINARIO,CESE DE ACTUACION MATERIAL,Contencioso Administrativo,5,2do Juzgado de Trabajo
00066-2026-0-2301-JR-LA-02,66,2026,PENDIENTE EN TRÁMITE,TOTAL PENDIENTES AL MES ANTERIOR,AUTO DE SANEAMIENTO QUE NO CONCLUYE EL PROCESO,46065.7125,ORDINARIO,CESE DE ACTUACION MATERIAL,Contencioso Administrativo,5,2do Juzgado de Trabajo
00958-2020-0-2301-JR-LA-01,958,2020,PENDIENTE EN TRÁMITE,TOTAL PENDIENTES AL MES ANTERIOR,RECEPCION  EN DEPENDENCIA POR APELACION - DEVOLUCION,46052.34444,CONTENCIOSO ADMINISTRATIVO,EJECUCION DE RESOLUCION ADMINISTRATIVA,Contencioso Administrativo,5,2do Juzgado de Trabajo
00539-2021-0-2301-JR-LA-02,539,2021,PENDIENTE EN TRÁMITE,TOTAL PENDIENTES AL MES ANTERIOR,CONTINUA EN TRAMITE (POR SENTENCIAR) (INV.202501),45685.33958,ORDINARIO,IMPUGNACION DE ACTO O RESOLUCION ADMINISTRATIVA,Contencioso Administrativo,5,2do Juzgado de Trabajo
00977-2021-0-2301-JR-LA-02,977,2021,PENDIENTE EN TRÁMITE,TOTAL PENDIENTES AL MES ANTERIOR,CONTINUA EN TRAMITE (POR SENTENCIAR) (INV.202501),45783.60764,ESPECIAL,IMPUGNACION DE ACTO O RESOLUCION ADMINISTRATIVA,Contencioso Administrativo,5,2do Juzgado de Trabajo
00829-2018-0-2301-JR-LA-02,829,2018,PENDIENTE EN TRÁMITE,TOTAL PENDIENTES AL MES ANTERIOR,CONTINUA EN TRAMITE (POR SENTENCIAR) (INV.202501),45910.73472,ESPECIAL,IMPUGNACION DE ACTO O RESOLUCION ADMINISTRATIVA,Contencioso Administrativo,5,2do Juzgado de Trabajo
01022-2014-0-2301-JR-LA-02,1022,2014,PENDIENTE EN TRÁMITE,TOTAL PENDIENTES AL MES ANTERIOR,CONTINUA EN TRAMITE (POR SENTENCIAR) (INV.202501),45792.54444,ORDINARIO,IMPUGNACION DE DESPIDO,Contencioso Administrativo,5,2do Juzgado de Trabajo
00420-2013-0-2301-JR-LA-02,420,2013,PENDIENTE EN TRÁMITE,TOTAL PENDIENTES AL MES ANTERIOR,CONTINUA EN TRAMITE (POR SENTENCIAR) (INV.202501),45782.75208,CONTENCIOSO ADMINISTRATIVO,IMPUGNACION DE RESOLUCION,Contencioso Administrativo,5,2do Juzgado de Trabajo
00835-2024-0-2301-JR-LA-03,835,2024,PENDIENTE EN TRÁMITE,TOTAL PENDIENTES AL MES ANTERIOR,CONTINUA EN TRAMITE (POR SENTENCIAR) (INV.202501),45898.33194,ORDINARIO,INDEMNIZACION POR DESPIDO ARBITRARIO Y OTROS,Contencioso Administrativo,5,2do Juzgado de Trabajo
01693-2017-0-2301-JR-CI-03,1693,2017,PENDIENTE EN TRÁMITE,TOTAL PENDIENTES AL MES ANTERIOR,RECEPCION  EN DEPENDENCIA POR APELACION - DEVOLUCION,46128.69653,CONTENCIOSO ADMINISTRATIVO,NULIDAD DE RESOLUCION ADMINISTRATIVA,Contencioso Administrativo,5,2do Juzgado de Trabajo
00946-2021-0-2301-JR-LA-03,946,2021,PENDIENTE EN TRÁMITE,TOTAL PENDIENTES AL MES ANTERIOR,RECEPCION  EN DEPENDENCIA POR APELACION - DEVOLUCION,46128.53264,CONTENCIOSO ADMINISTRATIVO,NULIDAD DE RESOLUCION ADMINISTRATIVA,Contencioso Administrativo,5,2do Juzgado de Trabajo
01076-2015-0-2301-JR-LA-02,1076,2015,PENDIENTE EN TRÁMITE,TOTAL PENDIENTES AL MES ANTERIOR,RECEPCION  EN DEPENDENCIA POR APELACION - DEVOLUCION,46108.53194,CONTENCIOSO ADMINISTRATIVO,NULIDAD DE RESOLUCION ADMINISTRATIVA,Contencioso Administrativo,5,2do Juzgado de Trabajo
01742-2012-0-2301-JR-LA-02,1742,2012,PENDIENTE EN TRÁMITE,TOTAL PENDIENTES AL MES ANTERIOR,RECEPCION  EN DEPENDENCIA POR APELACION - DEVOLUCION,46029.69931,ESPECIAL,NULIDAD DE RESOLUCION ADMINISTRATIVA,Contencioso Administrativo,5,2do Juzgado de Trabajo
00380-2026-0-2301-JR-CI-04,380,2026,PENDIENTE EN TRÁMITE,TOTAL PENDIENTES AL MES ANTERIOR,AUTO ADMISORIO,46119.70278,ORDINARIO,NULIDAD DE RESOLUCION ADMINISTRATIVA,Contencioso Administrativo,5,2do Juzgado de Trabajo
00405-2021-0-2301-JR-LA-02,405,2021,PENDIENTE EN TRÁMITE,TOTAL PENDIENTES AL MES ANTERIOR,RECEPCION  DE SENTENCIA DE VISTA QUE ANULA A TRAMITE,46133.64931,CONTENCIOSO ADMINISTRATIVO,NULIDAD DE RESOLUCION ADMINISTRATIVA,Contencioso Administrativo,5,2do Juzgado de Trabajo
00050-2026-0-2301-JR-CI-01,50,2026,PENDIENTE EN TRÁMITE,TOTAL PENDIENTES AL MES ANTERIOR,AUTO ADMISORIO,46078.70556,ORDINARIO,NULIDAD DE RESOLUCION ADMINISTRATIVA,Contencioso Administrativo,5,2do Juzgado de Trabajo
00388-2017-0-2301-JR-LA-02,388,2017,PENDIENTE EN TRÁMITE,TOTAL PENDIENTES AL MES ANTERIOR,RECEPCION  EN DEPENDENCIA POR APELACION - DEVOLUCION,46133.38958,CONTENCIOSO ADMINISTRATIVO,NULIDAD DE RESOLUCION ADMINISTRATIVA,Contencioso Administrativo,5,2do Juzgado de Trabajo
00937-2019-0-2301-JR-LA-02,937,2019,PENDIENTE EN TRÁMITE,TOTAL PENDIENTES AL MES ANTERIOR,CONTINUA EN TRAMITE (POR SENTENCIAR) (INV.202501),45846.325,CONTENCIOSO ADMINISTRATIVO,NULIDAD DE RESOLUCION ADMINISTRATIVA,Contencioso Administrativo,5,2do Juzgado de Trabajo
01501-2019-0-2301-JR-LA-02,1501,2019,PENDIENTE EN TRÁMITE,TOTAL PENDIENTES AL MES ANTERIOR,DECRETO PUESTO A DESPACHO PARA SENTENCIAR(ULTIMA SENTENCIA),46034.32014,CONTENCIOSO ADMINISTRATIVO,NULIDAD DE RESOLUCION ADMINISTRATIVA,Contencioso Administrativo,5,2do Juzgado de Trabajo
01429-2025-0-2301-JR-CI-03,1429,2025,PENDIENTE EN TRÁMITE,TOTAL PENDIENTES AL MES ANTERIOR,AUTO DE SANEAMIENTO QUE NO CONCLUYE EL PROCESO (INV.202501),46029.31528,ORDINARIO,NULIDAD DE RESOLUCION ADMINISTRATIVA,Contencioso Administrativo,5,2do Juzgado de Trabajo
00485-2025-0-2301-JR-CI-02,485,2025,PENDIENTE EN TRÁMITE,TOTAL PENDIENTES AL MES ANTERIOR,CONTINUA EN TRAMITE (POR SENTENCIAR) (INV.202501),45835.52778,ORDINARIO,NULIDAD DE RESOLUCION ADMINISTRATIVA,Contencioso Administrativo,5,2do Juzgado de Trabajo
01100-2018-0-2301-JR-LA-02,1100,2018,PENDIENTE EN TRÁMITE,TOTAL PENDIENTES AL MES ANTERIOR,CONTINUA EN TRAMITE (POR SENTENCIAR) (INV.202501),45784.7,ESPECIAL,NULIDAD DE RESOLUCION ADMINISTRATIVA,Contencioso Administrativo,5,2do Juzgado de Trabajo
01211-2018-0-2301-JR-LA-02,1211,2018,PENDIENTE EN TRÁMITE,TOTAL PENDIENTES AL MES ANTERIOR,CONTINUA EN TRAMITE (POR SENTENCIAR) (INV.202501),45776.49097,ESPECIAL,NULIDAD DE RESOLUCION ADMINISTRATIVA,Contencioso Administrativo,5,2do Juzgado de Trabajo
01864-2015-0-2301-JR-LA-02,1864,2015,PENDIENTE EN TRÁMITE,TOTAL PENDIENTES AL MES ANTERIOR,CONTINUA EN TRAMITE (POR SENTENCIAR) (INV.202501),45834.41319,ESPECIAL,NULIDAD DE RESOLUCION ADMINISTRATIVA,Contencioso Administrativo,5,2do Juzgado de Trabajo
02356-2025-0-2301-JR-CI-04,2356,2025,PENDIENTE EN TRÁMITE,TOTAL PENDIENTES AL MES ANTERIOR,AUTO DE SANEAMIENTO QUE NO CONCLUYE EL PROCESO (INV.202501),46121.30833,ORDINARIO,NULIDAD DE RESOLUCION ADMINISTRATIVA,Contencioso Administrativo,5,2do Juzgado de Trabajo
00153-2022-0-2301-JR-LA-02,153,2022,PENDIENTE EN TRÁMITE,TOTAL PENDIENTES AL MES ANTERIOR,CONTINUA EN TRAMITE (POR SENTENCIAR) (INV.202501),45926.69931,ESPECIAL,NULIDAD DE RESOLUCION ADMINISTRATIVA,Contencioso Administrativo,5,2do Juzgado de Trabajo
01599-2019-0-2301-JR-LA-02,1599,2019,PENDIENTE EN TRÁMITE,TOTAL PENDIENTES AL MES ANTERIOR,AUTO DE SANEAMIENTO QUE NO CONCLUYE EL PROCESO (INV.202501),46028.55694,CONTENCIOSO ADMINISTRATIVO,NULIDAD DE RESOLUCION ADMINISTRATIVA,Contencioso Administrativo,5,2do Juzgado de Trabajo
00630-2018-0-2301-JR-LA-02,630,2018,PENDIENTE EN TRÁMITE,TOTAL PENDIENTES AL MES ANTERIOR,CONTINUA EN TRAMITE (POR SENTENCIAR) (INV.202501),45797.5625,CONTENCIOSO ADMINISTRATIVO,NULIDAD DE RESOLUCION ADMINISTRATIVA,Contencioso Administrativo,5,2do Juzgado de Trabajo
01123-2010-0-2301-JR-LA-01,1123,2010,PENDIENTE EN TRÁMITE,TOTAL PENDIENTES AL MES ANTERIOR,CONTINUA EN TRAMITE (POR SENTENCIAR) (INV.202501),45740.33056,CONTENCIOSO ADMINISTRATIVO,NULIDAD DE RESOLUCION ADMINISTRATIVA,Contencioso Administrativo,5,2do Juzgado de Trabajo
01909-2017-0-2301-JR-LA-02,1909,2017,PENDIENTE EN TRÁMITE,TOTAL PENDIENTES AL MES ANTERIOR,CONTINUA EN TRAMITE (POR SENTENCIAR) (INV.202501),45797.56181,CONTENCIOSO ADMINISTRATIVO,NULIDAD DE RESOLUCION ADMINISTRATIVA,Contencioso Administrativo,5,2do Juzgado de Trabajo
00455-2015-0-2301-JR-LA-02,455,2015,PENDIENTE EN TRÁMITE,TOTAL PENDIENTES AL MES ANTERIOR,CONTINUA EN TRAMITE (POR SENTENCIAR) (INV.202501),45908.3875,CONTENCIOSO ADMINISTRATIVO,NULIDAD DE RESOLUCION ADMINISTRATIVA,Contencioso Administrativo,5,2do Juzgado de Trabajo
01888-2017-0-2301-JR-LA-02,1888,2017,PENDIENTE EN TRÁMITE,TOTAL PENDIENTES AL MES ANTERIOR,CONTINUA EN TRAMITE (POR SENTENCIAR) (INV.202501),45834.36944,ESPECIAL,NULIDAD DE RESOLUCION ADMINISTRATIVA,Contencioso Administrativo,5,2do Juzgado de Trabajo
01609-2023-0-2301-JR-LA-02,1609,2023,ANULADA A TRÁMITE / HABER NULIDAD,TOTAL INGRESOS A TRÁMITE,RECEPCION  EN DEPENDENCIA POR APELACION - DEVOLUCION,46162.67778,ORDINARIO,NULIDAD DE RESOLUCION ADMINISTRATIVA,Contencioso Administrativo,5,2do Juzgado de Trabajo
01874-2022-0-2301-JR-LA-02,1874,2022,ANULADA A TRÁMITE / HABER NULIDAD,TOTAL INGRESOS A TRÁMITE,RECEPCION  EN DEPENDENCIA POR APELACION - DEVOLUCION,46171.65417,CONTENCIOSO ADMINISTRATIVO,NULIDAD DE RESOLUCION ADMINISTRATIVA,Contencioso Administrativo,5,2do Juzgado de Trabajo
02439-2025-0-2301-JR-CI-01,2439,2025,PENDIENTE EN TRÁMITE,TOTAL PENDIENTES AL MES ANTERIOR,AUTO ADMISORIO,46097.71181,ORDINARIO,NULIDAD DE RESOLUCIÓN O ACTO ADMINISTRATIVO,Contencioso Administrativo,5,4to Juzgado de Trabajo
01986-2019-0-2301-JR-LA-01,1986,2019,PENDIENTE EN TRÁMITE,TOTAL PENDIENTES AL MES ANTERIOR,CONTINUA EN TRAMITE (POR SENTENCIAR) (INV.202501),45720.60278,CONTENCIOSO ADMINISTRATIVO,PAGO DE BENEFICIOS SOCIALES Y/O INDEMNIZACION U OTROS BENEFICIOS ECONOMICOS,Contencioso Administrativo,5,2do Juzgado de Trabajo
00186-2009-0-2301-JR-LA-01,186,2009,PENDIENTE EN TRÁMITE,TOTAL PENDIENTES AL MES ANTERIOR,CONTINUA EN TRAMITE (1RA INSTANCIA) (INV.202501),40742.73194,ESPECIAL,POR DEFINIR,Contencioso Administrativo,5,2do Juzgado de Trabajo
01059-2025-0-2301-JR-LA-03,1059,2025,PENDIENTE EN TRÁMITE,TOTAL PENDIENTES AL MES ANTERIOR,CONTINUA EN TRAMITE (POR SENTENCIAR) (INV.202501),45908.54097,ORDINARIO,REPOSICION,Contencioso Administrativo,5,2do Juzgado de Trabajo
00579-2026-0-2301-JR-LA-01,579,2026,NUEVOS ADMITIDOS,TOTAL INGRESOS A TRÁMITE,AUTO ADMISORIO,46150.35486,ORDINARIO,REPOSICION,Contencioso Administrativo,5,2do Juzgado de Trabajo
01748-2025-0-2301-JR-LA-02,1748,2025,PENDIENTE EN TRÁMITE,TOTAL PENDIENTES AL MES ANTERIOR,CONTINUA EN TRAMITE (1RA INSTANCIA) (INV.202501),46013.67708,ORDINARIO,RECONOCIMIENTO DEL DERECHO TUTELADO,Contencioso Administrativo,5,2do Juzgado de Trabajo
00357-2026-0-2301-JR-LA-02,357,2026,PENDIENTE EN TRÁMITE,TOTAL PENDIENTES AL MES ANTERIOR,AUTO ADMISORIO,46098.54792,ORDINARIO,RECONOCIMIENTO DEL DERECHO TUTELADO,Contencioso Administrativo,5,2do Juzgado de Trabajo
00533-2026-0-2301-JR-LA-02,533,2026,PENDIENTE EN TRÁMITE,TOTAL PENDIENTES AL MES ANTERIOR,AUTO ADMISORIO,46122.34236,ORDINARIO,RECONOCIMIENTO DEL DERECHO TUTELADO,Contencioso Administrativo,5,2do Juzgado de Trabajo
01659-2025-0-2301-JR-LA-03,1659,2025,PENDIENTE EN TRÁMITE,TOTAL PENDIENTES AL MES ANTERIOR,CONTINUA EN TRAMITE (1RA INSTANCIA),46013.67639,ORDINARIO,RECONOCIMIENTO DEL DERECHO TUTELADO,Contencioso Administrativo,5,2do Juzgado de Trabajo
00454-2026-0-2301-JR-LA-01,454,2026,PENDIENTE EN TRÁMITE,TOTAL PENDIENTES AL MES ANTERIOR,AUTO ADMISORIO,46126.55903,ORDINARIO,RECONOCIMIENTO DEL DERECHO TUTELADO,Contencioso Administrativo,5,2do Juzgado de Trabajo
00605-2026-0-2301-JR-LA-02,605,2026,PENDIENTE EN TRÁMITE,TOTAL PENDIENTES AL MES ANTERIOR,AUTO ADMISORIO,46134.34236,ORDINARIO,RECONOCIMIENTO DEL DERECHO TUTELADO,Contencioso Administrativo,5,2do Juzgado de Trabajo
00646-2026-0-2301-JR-LA-02,646,2026,PENDIENTE EN TRÁMITE,TOTAL PENDIENTES AL MES ANTERIOR,AUTO ADMISORIO,46140.52292,ORDINARIO,RECONOCIMIENTO DEL DERECHO TUTELADO,Contencioso Administrativo,5,2do Juzgado de Trabajo
00307-2026-0-2301-JR-LA-02,307,2026,PENDIENTE EN TRÁMITE,TOTAL PENDIENTES AL MES ANTERIOR,AUTO ADMISORIO,46112.47708,ORDINARIO,DECLARACIÓN DE NULIDAD DE ACTOS ADMINISTRATIVOS,Contencioso Administrativo,5,2do Juzgado de Trabajo
00535-2026-0-2301-JR-LA-02,535,2026,PENDIENTE EN TRÁMITE,TOTAL PENDIENTES AL MES ANTERIOR,AUTO ADMISORIO,46126.55903,ORDINARIO,RECONOCIMIENTO DEL DERECHO TUTELADO,Contencioso Administrativo,5,2do Juzgado de Trabajo
00451-2026-0-2301-JR-LA-03,451,2026,PENDIENTE EN TRÁMITE,TOTAL PENDIENTES AL MES ANTERIOR,AUTO ADMISORIO,46139.47083,ORDINARIO,RECONOCIMIENTO DEL DERECHO TUTELADO,Contencioso Administrativo,5,2do Juzgado de Trabajo
00447-2026-0-2301-JR-LA-03,447,2026,PENDIENTE EN TRÁMITE,TOTAL PENDIENTES AL MES ANTERIOR,AUTO ADMISORIO,46134.34306,ORDINARIO,RECONOCIMIENTO DEL DERECHO TUTELADO,Contencioso Administrativo,5,2do Juzgado de Trabajo
01729-2025-0-2301-JR-LA-02,1729,2025,PENDIENTE EN TRÁMITE,TOTAL PENDIENTES AL MES ANTERIOR,CONTINUA EN TRAMITE (1RA INSTANCIA) (INV.202501),46013.67639,ORDINARIO,RECONOCIMIENTO DEL DERECHO TUTELADO,Contencioso Administrativo,5,2do Juzgado de Trabajo
00372-2026-0-2301-JR-LA-02,372,2026,PENDIENTE EN TRÁMITE,TOTAL PENDIENTES AL MES ANTERIOR,AUTO ADMISORIO,46097.33889,ORDINARIO,DECLARACIÓN DE NULIDAD DE ACTOS ADMINISTRATIVOS,Contencioso Administrativo,5,2do Juzgado de Trabajo
00555-2026-0-2301-JR-LA-02,555,2026,PENDIENTE EN TRÁMITE,TOTAL PENDIENTES AL MES ANTERIOR,AUTO ADMISORIO,46133.33681,ORDINARIO,RECONOCIMIENTO DEL DERECHO TUTELADO,Contencioso Administrativo,5,2do Juzgado de Trabajo
00619-2026-0-2301-JR-LA-02,619,2026,PENDIENTE EN TRÁMITE,TOTAL PENDIENTES AL MES ANTERIOR,AUTO ADMISORIO,46141.34375,ORDINARIO,CUMPLIMIENTO DE ACTUACIONES DISPUESTA POR LEY,Contencioso Administrativo,5,2do Juzgado de Trabajo
00529-2026-0-2301-JR-LA-02,529,2026,PENDIENTE EN TRÁMITE,TOTAL PENDIENTES AL MES ANTERIOR,AUTO ADMISORIO,46142.67569,ORDINARIO,DECLARACIÓN DE NULIDAD DE ACTOS ADMINISTRATIVOS,Contencioso Administrativo,5,2do Juzgado de Trabajo
00291-2026-0-2301-JR-LA-02,291,2026,PENDIENTE EN TRÁMITE,TOTAL PENDIENTES AL MES ANTERIOR,AUTO ADMISORIO,46106.65278,ORDINARIO,DECLARACIÓN DE NULIDAD DE ACTOS ADMINISTRATIVOS,Contencioso Administrativo,5,2do Juzgado de Trabajo
00591-2026-0-2301-JR-LA-02,591,2026,PENDIENTE EN TRÁMITE,TOTAL PENDIENTES AL MES ANTERIOR,AUTO ADMISORIO,46133.33611,ORDINARIO,RECONOCIMIENTO DEL DERECHO TUTELADO,Contencioso Administrativo,5,2do Juzgado de Trabajo
00497-2026-0-2301-JR-LA-02,497,2026,PENDIENTE EN TRÁMITE,TOTAL PENDIENTES AL MES ANTERIOR,AUTO ADMISORIO,46122.34236,ORDINARIO,DECLARACIÓN DE INEFICACIA DE ACTOS ADMINISTRATIVOS,Contencioso Administrativo,5,2do Juzgado de Trabajo
01630-2025-0-2301-JR-LA-02,1630,2025,PENDIENTE EN TRÁMITE,TOTAL PENDIENTES AL MES ANTERIOR,CONTINUA EN TRAMITE (1RA INSTANCIA) (INV.202501),45993.67083,ORDINARIO,RECONOCIMIENTO DEL DERECHO TUTELADO,Contencioso Administrativo,5,2do Juzgado de Trabajo
00407-2026-0-2301-JR-LA-02,407,2026,PENDIENTE EN TRÁMITE,TOTAL PENDIENTES AL MES ANTERIOR,AUTO ADMISORIO,46134.34306,ORDINARIO,RECONOCIMIENTO DEL DERECHO TUTELADO,Contencioso Administrativo,5,2do Juzgado de Trabajo
00303-2026-0-2301-JR-LA-02,303,2026,PENDIENTE EN TRÁMITE,TOTAL PENDIENTES AL MES ANTERIOR,AUTO ADMISORIO,46106.65278,ORDINARIO,RECONOCIMIENTO DEL DERECHO TUTELADO,Contencioso Administrativo,5,2do Juzgado de Trabajo
02437-2025-0-2301-JR-CI-01,2437,2025,PENDIENTE EN TRÁMITE,TOTAL PENDIENTES AL MES ANTERIOR,AUTO ADMISORIO (INV.202501),46048.67083,ORDINARIO,RECONOCIMIENTO DEL DERECHO TUTELADO,Contencioso Administrativo,5,2do Juzgado de Trabajo
00514-2026-0-2301-JR-LA-02,514,2026,PENDIENTE EN TRÁMITE,TOTAL PENDIENTES AL MES ANTERIOR,AUTO ADMISORIO,46118.51875,ORDINARIO,CUMPLIMIENTO DE ACTUACIONES DISPUESTA POR ACTO ADMINISTRATIVO,Contencioso Administrativo,5,2do Juzgado de Trabajo
00170-2026-0-2301-JR-LA-02,170,2026,PENDIENTE EN TRÁMITE,TOTAL PENDIENTES AL MES ANTERIOR,AUTO ADMISORIO,46107.50347,ORDINARIO,CUMPLIMIENTO DE ACTUACIONES DISPUESTA POR ACTO ADMINISTRATIVO,Contencioso Administrativo,5,2do Juzgado de Trabajo
00519-2026-0-2301-JR-LA-02,519,2026,PENDIENTE EN TRÁMITE,TOTAL PENDIENTES AL MES ANTERIOR,AUTO ADMISORIO,46126.51319,ORDINARIO,DECLARACIÓN DE NULIDAD DE ACTOS ADMINISTRATIVOS,Contencioso Administrativo,5,2do Juzgado de Trabajo
00612-2026-0-2301-JR-LA-02,612,2026,PENDIENTE EN TRÁMITE,TOTAL PENDIENTES AL MES ANTERIOR,AUTO ADMISORIO,46134.40625,ORDINARIO,RECONOCIMIENTO DEL DERECHO TUTELADO,Contencioso Administrativo,5,2do Juzgado de Trabajo
00541-2026-0-2301-JR-LA-02,541,2026,PENDIENTE EN TRÁMITE,TOTAL PENDIENTES AL MES ANTERIOR,AUTO ADMISORIO,46126.38542,ORDINARIO,DECLARACIÓN DE NULIDAD DE ACTOS ADMINISTRATIVOS,Contencioso Administrativo,5,2do Juzgado de Trabajo
00359-2026-0-2301-JR-LA-02,359,2026,PENDIENTE EN TRÁMITE,TOTAL PENDIENTES AL MES ANTERIOR,AUTO ADMISORIO,46098.54792,ORDINARIO,RECONOCIMIENTO DEL DERECHO TUTELADO,Contencioso Administrativo,5,2do Juzgado de Trabajo
00548-2026-0-2301-JR-LA-02,548,2026,PENDIENTE EN TRÁMITE,TOTAL PENDIENTES AL MES ANTERIOR,AUTO ADMISORIO,46126.42847,ORDINARIO,DECLARACIÓN DE NULIDAD DE ACTOS ADMINISTRATIVOS,Contencioso Administrativo,5,2do Juzgado de Trabajo
00640-2026-0-2301-JR-LA-02,640,2026,PENDIENTE EN TRÁMITE,TOTAL PENDIENTES AL MES ANTERIOR,AUTO ADMISORIO,46139.65903,ORDINARIO,DECLARACIÓN DE NULIDAD DE ACTOS ADMINISTRATIVOS,Contencioso Administrativo,5,2do Juzgado de Trabajo
00189-2026-0-2301-JR-CI-01,189,2026,PENDIENTE EN TRÁMITE,TOTAL PENDIENTES AL MES ANTERIOR,AUTO ADMISORIO,46125.65694,ORDINARIO,RECONOCIMIENTO DEL DERECHO TUTELADO,Contencioso Administrativo,5,2do Juzgado de Trabajo
00004-2026-0-2301-JR-LA-02,4,2026,PENDIENTE EN TRÁMITE,TOTAL PENDIENTES AL MES ANTERIOR,AUTO ADMISORIO,46041.74167,ORDINARIO,RECONOCIMIENTO DEL DERECHO TUTELADO,Contencioso Administrativo,5,2do Juzgado de Trabajo
00593-2026-0-2301-JR-LA-02,593,2026,PENDIENTE EN TRÁMITE,TOTAL PENDIENTES AL MES ANTERIOR,AUTO ADMISORIO,46139.47014,ORDINARIO,DECLARACIÓN DE NULIDAD DE ACTOS ADMINISTRATIVOS,Contencioso Administrativo,5,2do Juzgado de Trabajo
00651-2026-0-2301-JR-LA-02,651,2026,PENDIENTE EN TRÁMITE,TOTAL PENDIENTES AL MES ANTERIOR,AUTO ADMISORIO,46140.52292,ORDINARIO,RECONOCIMIENTO DEL DERECHO TUTELADO,Contencioso Administrativo,5,2do Juzgado de Trabajo
00213-2026-0-2301-JR-LA-02,213,2026,PENDIENTE EN TRÁMITE,TOTAL PENDIENTES AL MES ANTERIOR,AUTO ADMISORIO,46112.45556,ORDINARIO,RECONOCIMIENTO DEL DERECHO TUTELADO,Contencioso Administrativo,5,2do Juzgado de Trabajo
00217-2026-0-2301-JR-LA-02,217,2026,PENDIENTE EN TRÁMITE,TOTAL PENDIENTES AL MES ANTERIOR,AUTO ADMISORIO,46098.54931,ORDINARIO,RECONOCIMIENTO DEL DERECHO TUTELADO,Contencioso Administrativo,5,2do Juzgado de Trabajo
00472-2026-0-2301-JR-LA-02,472,2026,PENDIENTE EN TRÁMITE,TOTAL PENDIENTES AL MES ANTERIOR,AUTO ADMISORIO,46118.40764,ORDINARIO,DECLARACIÓN DE INEFICACIA DE ACTOS ADMINISTRATIVOS,Contencioso Administrativo,5,2do Juzgado de Trabajo
00175-2026-0-2301-JR-LA-02,175,2026,PENDIENTE EN TRÁMITE,TOTAL PENDIENTES AL MES ANTERIOR,AUTO ADMISORIO,46084.48472,ORDINARIO,DECLARACIÓN DE NULIDAD DE ACTOS ADMINISTRATIVOS,Contencioso Administrativo,5,2do Juzgado de Trabajo
00442-2026-0-2301-JR-LA-02,442,2026,PENDIENTE EN TRÁMITE,TOTAL PENDIENTES AL MES ANTERIOR,AUTO ADMISORIO,46112.45556,ORDINARIO,RECONOCIMIENTO DEL DERECHO TUTELADO,Contencioso Administrativo,5,2do Juzgado de Trabajo
00638-2026-0-2301-JR-LA-02,638,2026,PENDIENTE EN TRÁMITE,TOTAL PENDIENTES AL MES ANTERIOR,AUTO ADMISORIO,46139.47083,ORDINARIO,DECLARACIÓN DE NULIDAD DE ACTOS ADMINISTRATIVOS,Contencioso Administrativo,5,2do Juzgado de Trabajo
00290-2026-0-2301-JR-LA-01,290,2026,PENDIENTE EN TRÁMITE,TOTAL PENDIENTES AL MES ANTERIOR,AUTO ADMISORIO,46118.65625,ORDINARIO,RECONOCIMIENTO DEL DERECHO TUTELADO,Contencioso Administrativo,5,2do Juzgado de Trabajo
01046-2017-0-2301-JR-LA-02,1046,2017,PENDIENTE EN TRÁMITE,TOTAL PENDIENTES AL MES ANTERIOR,CONTINUA EN TRAMITE (1RA INSTANCIA) (INV.202501),45695.70972,ORDINARIO,RECONOCIMIENTO DEL DERECHO TUTELADO,Contencioso Administrativo,5,2do Juzgado de Trabajo
01665-2025-0-2301-JR-LA-02,1665,2025,PENDIENTE EN TRÁMITE,TOTAL PENDIENTES AL MES ANTERIOR,CONTINUA EN TRAMITE (1RA INSTANCIA) (INV.202501),45993.67014,ORDINARIO,CUMPLIMIENTO DE ACTUACIONES DISPUESTA POR LEY,Contencioso Administrativo,5,2do Juzgado de Trabajo
00649-2026-0-2301-JR-LA-02,649,2026,PENDIENTE EN TRÁMITE,TOTAL PENDIENTES AL MES ANTERIOR,AUTO ADMISORIO,46140.52292,ORDINARIO,RECONOCIMIENTO DEL DERECHO TUTELADO,Contencioso Administrativo,5,2do Juzgado de Trabajo
00151-2026-0-2301-JR-LA-02,151,2026,PENDIENTE EN TRÁMITE,TOTAL PENDIENTES AL MES ANTERIOR,AUTO ADMISORIO,46085.37431,ORDINARIO,RECONOCIMIENTO DEL DERECHO TUTELADO,Contencioso Administrativo,5,2do Juzgado de Trabajo
00546-2024-0-2301-JR-LA-02,546,2024,PENDIENTE EN TRÁMITE,TOTAL PENDIENTES AL MES ANTERIOR,RECEPCION  EN DEPENDENCIA POR APELACION - DEVOLUCION,46129.60833,ORDINARIO,DECLARACIÓN DE NULIDAD DE ACTOS ADMINISTRATIVOS,Contencioso Administrativo,5,2do Juzgado de Trabajo
00632-2026-0-2301-JR-LA-02,632,2026,PENDIENTE EN TRÁMITE,TOTAL PENDIENTES AL MES ANTERIOR,AUTO ADMISORIO,46139.47153,ORDINARIO,RECONOCIMIENTO DEL DERECHO TUTELADO,Contencioso Administrativo,5,2do Juzgado de Trabajo
01750-2025-0-2301-JR-LA-02,1750,2025,PENDIENTE EN TRÁMITE,TOTAL PENDIENTES AL MES ANTERIOR,CONTINUA EN TRAMITE (1RA INSTANCIA) (INV.202501),45992.98333,ORDINARIO,DECLARACIÓN DE NULIDAD DE ACTOS ADMINISTRATIVOS,Contencioso Administrativo,5,2do Juzgado de Trabajo
00470-2026-0-2301-JR-LA-02,470,2026,PENDIENTE EN TRÁMITE,TOTAL PENDIENTES AL MES ANTERIOR,AUTO ADMISORIO,46126.55903,ORDINARIO,RECONOCIMIENTO DEL DERECHO TUTELADO,Contencioso Administrativo,5,2do Juzgado de Trabajo
00179-2026-0-2301-JR-LA-02,179,2026,PENDIENTE EN TRÁMITE,TOTAL PENDIENTES AL MES ANTERIOR,AUTO ADMISORIO,46065.35972,URGENTE,CUMPLIMIENTO DE ACTUACIONES DISPUESTA POR ACTO ADMINISTRATIVO,Contencioso Administrativo,5,2do Juzgado de Trabajo
01913-2025-0-2301-JR-LA-02,1913,2025,PENDIENTE EN TRÁMITE,TOTAL PENDIENTES AL MES ANTERIOR,AUTO ADMISORIO (INV.202501),46097.92014,ORDINARIO,DECLARACIÓN DE NULIDAD DE ACTOS ADMINISTRATIVOS,Contencioso Administrativo,5,2do Juzgado de Trabajo
00644-2026-0-2301-JR-LA-02,644,2026,PENDIENTE EN TRÁMITE,TOTAL PENDIENTES AL MES ANTERIOR,AUTO ADMISORIO,46140.52292,ORDINARIO,RECONOCIMIENTO DEL DERECHO TUTELADO,Contencioso Administrativo,5,2do Juzgado de Trabajo
01687-2025-0-2301-JR-LA-02,1687,2025,PENDIENTE EN TRÁMITE,TOTAL PENDIENTES AL MES ANTERIOR,CONTINUA EN TRAMITE (1RA INSTANCIA) (INV.202501),45985.49792,ORDINARIO,DECLARACIÓN DE NULIDAD DE ACTOS ADMINISTRATIVOS,Contencioso Administrativo,5,2do Juzgado de Trabajo
00524-2026-0-2301-JR-LA-02,524,2026,PENDIENTE EN TRÁMITE,TOTAL PENDIENTES AL MES ANTERIOR,AUTO ADMISORIO,46134.34306,ORDINARIO,DECLARACIÓN DE INEFICACIA DE ACTOS ADMINISTRATIVOS,Contencioso Administrativo,5,2do Juzgado de Trabajo
00610-2026-0-2301-JR-LA-02,610,2026,PENDIENTE EN TRÁMITE,TOTAL PENDIENTES AL MES ANTERIOR,AUTO ADMISORIO,46140.54306,ORDINARIO,CUMPLIMIENTO DE ACTUACIONES DISPUESTA POR LEY,Contencioso Administrativo,5,2do Juzgado de Trabajo
00501-2026-0-2301-JR-LA-02,501,2026,PENDIENTE EN TRÁMITE,TOTAL PENDIENTES AL MES ANTERIOR,AUTO ADMISORIO,46126.55903,ORDINARIO,DECLARACIÓN DE NULIDAD DE ACTOS ADMINISTRATIVOS,Contencioso Administrativo,5,2do Juzgado de Trabajo
00330-2026-0-2301-JR-LA-02,330,2026,PENDIENTE EN TRÁMITE,TOTAL PENDIENTES AL MES ANTERIOR,AUTO ADMISORIO,46091.63542,ORDINARIO,DECLARACIÓN DE NULIDAD DE ACTOS ADMINISTRATIVOS,Contencioso Administrativo,5,2do Juzgado de Trabajo
00539-2026-0-2301-JR-LA-02,539,2026,PENDIENTE EN TRÁMITE,TOTAL PENDIENTES AL MES ANTERIOR,AUTO ADMISORIO,46126.38542,ORDINARIO,DECLARACIÓN DE NULIDAD DE ACTOS ADMINISTRATIVOS,Contencioso Administrativo,5,2do Juzgado de Trabajo
01595-2025-0-2301-JR-LA-02,1595,2025,PENDIENTE EN TRÁMITE,TOTAL PENDIENTES AL MES ANTERIOR,CONTINUA EN TRAMITE (1RA INSTANCIA) (INV.202501),45995.7,ORDINARIO,RECONOCIMIENTO DEL DERECHO TUTELADO,Contencioso Administrativo,5,2do Juzgado de Trabajo
00586-2026-0-2301-JR-LA-02,586,2026,PENDIENTE EN TRÁMITE,TOTAL PENDIENTES AL MES ANTERIOR,AUTO ADMISORIO,46134.70069,ORDINARIO,RECONOCIMIENTO DEL DERECHO TUTELADO,Contencioso Administrativo,5,2do Juzgado de Trabajo
00481-2026-0-2301-JR-LA-02,481,2026,PENDIENTE EN TRÁMITE,TOTAL PENDIENTES AL MES ANTERIOR,AUTO ADMISORIO,46118.40764,ORDINARIO,DECLARACIÓN DE NULIDAD DE ACTOS ADMINISTRATIVOS,Contencioso Administrativo,5,2do Juzgado de Trabajo
00412-2026-0-2301-JR-LA-02,412,2026,PENDIENTE EN TRÁMITE,TOTAL PENDIENTES AL MES ANTERIOR,AUTO ADMISORIO,46105.67917,ORDINARIO,RECONOCIMIENTO DEL DERECHO TUTELADO,Contencioso Administrativo,5,2do Juzgado de Trabajo
00450-2026-0-2301-JR-LA-01,450,2026,PENDIENTE EN TRÁMITE,TOTAL PENDIENTES AL MES ANTERIOR,AUTO ADMISORIO,46134.34236,ORDINARIO,RECONOCIMIENTO DEL DERECHO TUTELADO,Contencioso Administrativo,5,2do Juzgado de Trabajo
00583-2026-0-2301-JR-LA-01,583,2026,PENDIENTE EN TRÁMITE,TOTAL PENDIENTES AL MES ANTERIOR,AUTO ADMISORIO,46141.45764,ORDINARIO,RECONOCIMIENTO DEL DERECHO TUTELADO,Contencioso Administrativo,5,2do Juzgado de Trabajo
00553-2026-0-2301-JR-LA-02,553,2026,PENDIENTE EN TRÁMITE,TOTAL PENDIENTES AL MES ANTERIOR,AUTO ADMISORIO,46126.42917,ORDINARIO,RECONOCIMIENTO DEL DERECHO TUTELADO,Contencioso Administrativo,5,2do Juzgado de Trabajo
00617-2026-0-2301-JR-LA-02,617,2026,PENDIENTE EN TRÁMITE,TOTAL PENDIENTES AL MES ANTERIOR,AUTO ADMISORIO,46139.53681,ORDINARIO,DECLARACIÓN DE INEFICACIA DE ACTOS ADMINISTRATIVOS,Contencioso Administrativo,5,2do Juzgado de Trabajo
00421-2026-0-2301-JR-LA-02,421,2026,PENDIENTE EN TRÁMITE,TOTAL PENDIENTES AL MES ANTERIOR,AUTO ADMISORIO,46142.68194,ORDINARIO,DECLARACIÓN DE NULIDAD DE ACTOS ADMINISTRATIVOS,Contencioso Administrativo,5,2do Juzgado de Trabajo
01011-2020-0-2301-JR-LA-03,1011,2020,PENDIENTE EN TRÁMITE,TOTAL PENDIENTES AL MES ANTERIOR,RECEPCION  DE SENTENCIA DE VISTA QUE ANULA A TRAMITE,46049.35625,ORDINARIO,RECONOCIMIENTO DEL DERECHO TUTELADO,Contencioso Administrativo,5,2do Juzgado de Trabajo
00409-2026-0-2301-JR-LA-02,409,2026,PENDIENTE EN TRÁMITE,TOTAL PENDIENTES AL MES ANTERIOR,AUTO ADMISORIO,46140.52222,ORDINARIO,DECLARACIÓN DE NULIDAD DE ACTOS ADMINISTRATIVOS,Contencioso Administrativo,5,2do Juzgado de Trabajo
00561-2026-0-2301-JR-LA-02,561,2026,PENDIENTE EN TRÁMITE,TOTAL PENDIENTES AL MES ANTERIOR,AUTO ADMISORIO,46126.42917,ORDINARIO,RECONOCIMIENTO DEL DERECHO TUTELADO,Contencioso Administrativo,5,2do Juzgado de Trabajo
00630-2026-0-2301-JR-LA-02,630,2026,PENDIENTE EN TRÁMITE,TOTAL PENDIENTES AL MES ANTERIOR,AUTO ADMISORIO,46139.47083,URGENTE,CUMPLIMIENTO DE ACTUACIONES DISPUESTA POR ACTO ADMINISTRATIVO,Contencioso Administrativo,5,2do Juzgado de Trabajo
00483-2026-0-2301-JR-LA-02,483,2026,PENDIENTE EN TRÁMITE,TOTAL PENDIENTES AL MES ANTERIOR,AUTO ADMISORIO,46118.40764,ORDINARIO,DECLARACIÓN DE NULIDAD DE ACTOS ADMINISTRATIVOS,Contencioso Administrativo,5,2do Juzgado de Trabajo
00168-2026-0-2301-JR-LA-02,168,2026,PENDIENTE EN TRÁMITE,TOTAL PENDIENTES AL MES ANTERIOR,AUTO ADMISORIO,46084.42431,ORDINARIO,DECLARACIÓN DE NULIDAD DE ACTOS ADMINISTRATIVOS,Contencioso Administrativo,5,2do Juzgado de Trabajo
00163-2026-0-2301-JR-LA-02,163,2026,PENDIENTE EN TRÁMITE,TOTAL PENDIENTES AL MES ANTERIOR,AUTO ADMISORIO,46106.65208,ORDINARIO,RECONOCIMIENTO DEL DERECHO TUTELADO,Contencioso Administrativo,5,2do Juzgado de Trabajo
00157-2026-0-2301-JR-LA-02,157,2026,PENDIENTE EN TRÁMITE,TOTAL PENDIENTES AL MES ANTERIOR,AUTO ADMISORIO,46065.35833,URGENTE,CUMPLIMIENTO DE ACTUACIONES DISPUESTA POR ACTO ADMINISTRATIVO,Contencioso Administrativo,5,2do Juzgado de Trabajo
01263-2024-0-2301-JR-LA-02,1263,2024,PENDIENTE EN TRÁMITE,TOTAL PENDIENTES AL MES ANTERIOR,RECEPCION  EN DEPENDENCIA POR APELACION - DEVOLUCION,46097.71944,ORDINARIO,DECLARACIÓN DE NULIDAD DE ACTOS ADMINISTRATIVOS,Contencioso Administrativo,5,2do Juzgado de Trabajo
00327-2026-0-2301-JR-LA-02,327,2026,PENDIENTE EN TRÁMITE,TOTAL PENDIENTES AL MES ANTERIOR,AUTO ADMISORIO,46106.65278,ORDINARIO,DECLARACIÓN DE NULIDAD DE ACTOS ADMINISTRATIVOS,Contencioso Administrativo,5,2do Juzgado de Trabajo
00446-2026-0-2301-JR-LA-01,446,2026,PENDIENTE EN TRÁMITE,TOTAL PENDIENTES AL MES ANTERIOR,AUTO ADMISORIO,46126.51319,ORDINARIO,RECONOCIMIENTO DEL DERECHO TUTELADO,Contencioso Administrativo,5,2do Juzgado de Trabajo
00040-2026-0-2301-JR-CI-02,40,2026,PENDIENTE EN TRÁMITE,TOTAL PENDIENTES AL MES ANTERIOR,AUTO ADMISORIO,46125.65694,ORDINARIO,RECONOCIMIENTO DEL DERECHO TUTELADO,Contencioso Administrativo,5,2do Juzgado de Trabajo
01363-2025-0-2301-JR-LA-02,1363,2025,PENDIENTE EN TRÁMITE,TOTAL PENDIENTES AL MES ANTERIOR,RECEPCION  DE SENTENCIA DE VISTA QUE ANULA A TRAMITE,46049.34722,ORDINARIO,DECLARACIÓN DE NULIDAD DE ACTOS ADMINISTRATIVOS,Contencioso Administrativo,5,2do Juzgado de Trabajo
00589-2026-0-2301-JR-LA-02,589,2026,PENDIENTE EN TRÁMITE,TOTAL PENDIENTES AL MES ANTERIOR,AUTO ADMISORIO,46139.47014,ORDINARIO,DECLARACIÓN DE NULIDAD DE ACTOS ADMINISTRATIVOS,Contencioso Administrativo,5,2do Juzgado de Trabajo
00188-2026-0-2301-JR-LA-02,188,2026,PENDIENTE EN TRÁMITE,TOTAL PENDIENTES AL MES ANTERIOR,AUTO ADMISORIO,46094.52361,ORDINARIO,DECLARACIÓN DE NULIDAD DE ACTOS ADMINISTRATIVOS,Contencioso Administrativo,5,2do Juzgado de Trabajo
01399-2025-0-2301-JR-LA-02,1399,2025,PENDIENTE EN TRÁMITE,TOTAL PENDIENTES AL MES ANTERIOR,CONTINUA EN TRAMITE (POR SENTENCIAR) (INV.202501),46020.73889,ORDINARIO,DECLARACIÓN DE INEFICACIA DE ACTOS ADMINISTRATIVOS,Contencioso Administrativo,5,2do Juzgado de Trabajo
01429-2025-0-2301-JR-LA-02,1429,2025,PENDIENTE EN TRÁMITE,TOTAL PENDIENTES AL MES ANTERIOR,CONTINUA EN TRAMITE (POR SENTENCIAR) (INV.202501),45967.64722,ORDINARIO,DECLARACIÓN DE INEFICACIA DE ACTOS ADMINISTRATIVOS,Contencioso Administrativo,5,2do Juzgado de Trabajo
01552-2025-0-2301-JR-LA-02,1552,2025,PENDIENTE EN TRÁMITE,TOTAL PENDIENTES AL MES ANTERIOR,AUTO DE SANEAMIENTO QUE NO CONCLUYE EL PROCESO (INV.202501),46045.64097,ORDINARIO,DECLARACIÓN DE NULIDAD DE ACTOS ADMINISTRATIVOS,Contencioso Administrativo,5,2do Juzgado de Trabajo
00982-2025-0-2301-JR-LA-02,982,2025,PENDIENTE EN TRÁMITE,TOTAL PENDIENTES AL MES ANTERIOR,CONTINUA EN TRAMITE (POR SENTENCIAR) (INV.202501),45936.50833,ORDINARIO,DECLARACIÓN DE NULIDAD DE ACTOS ADMINISTRATIVOS,Contencioso Administrativo,5,2do Juzgado de Trabajo
00324-2026-0-2301-JR-LA-02,324,2026,PENDIENTE EN TRÁMITE,TOTAL PENDIENTES AL MES ANTERIOR,AUTO DE SANEAMIENTO QUE NO CONCLUYE EL PROCESO,46120.60139,ORDINARIO,DECLARACIÓN DE NULIDAD DE ACTOS ADMINISTRATIVOS,Contencioso Administrativo,5,2do Juzgado de Trabajo
00354-2026-0-2301-JR-LA-02,354,2026,PENDIENTE EN TRÁMITE,TOTAL PENDIENTES AL MES ANTERIOR,AUTO DE SANEAMIENTO QUE NO CONCLUYE EL PROCESO,46136.66319,ORDINARIO,RECONOCIMIENTO DEL DERECHO TUTELADO,Contencioso Administrativo,5,2do Juzgado de Trabajo
02569-2024-0-2301-JR-CI-02,2569,2024,PENDIENTE EN TRÁMITE,TOTAL PENDIENTES AL MES ANTERIOR,CONTINUA EN TRAMITE (POR SENTENCIAR) (INV.202501),45776.49236,ORDINARIO,DECLARACIÓN DE INEFICACIA DE ACTOS ADMINISTRATIVOS,Contencioso Administrativo,5,2do Juzgado de Trabajo
00503-2026-0-2301-JR-LA-02,503,2026,PENDIENTE EN TRÁMITE,TOTAL PENDIENTES AL MES ANTERIOR,AUTO DE SANEAMIENTO QUE NO CONCLUYE EL PROCESO,46134.69306,ORDINARIO,DECLARACIÓN DE NULIDAD DE ACTOS ADMINISTRATIVOS,Contencioso Administrativo,5,2do Juzgado de Trabajo
01138-2024-0-2301-JR-LA-02,1138,2024,PENDIENTE EN TRÁMITE,TOTAL PENDIENTES AL MES ANTERIOR,CONTINUA EN TRAMITE (POR SENTENCIAR) (INV.202501),45853.4,ORDINARIO,DECLARACIÓN DE NULIDAD DE ACTOS ADMINISTRATIVOS,Contencioso Administrativo,5,2do Juzgado de Trabajo
00745-2024-0-2301-JR-LA-02,745,2024,PENDIENTE EN TRÁMITE,TOTAL PENDIENTES AL MES ANTERIOR,CONTINUA EN TRAMITE (POR SENTENCIAR) (INV.202501),45853.39306,ORDINARIO,DECLARACIÓN DE NULIDAD DE ACTOS ADMINISTRATIVOS,Contencioso Administrativo,5,2do Juzgado de Trabajo
00508-2026-0-2301-JR-LA-02,508,2026,PENDIENTE EN TRÁMITE,TOTAL PENDIENTES AL MES ANTERIOR,AUTO DE SANEAMIENTO QUE NO CONCLUYE EL PROCESO,46133.35069,ORDINARIO,RECONOCIMIENTO DEL DERECHO TUTELADO,Contencioso Administrativo,5,2do Juzgado de Trabajo
01233-2024-0-2301-JR-LA-02,1233,2024,PENDIENTE EN TRÁMITE,TOTAL PENDIENTES AL MES ANTERIOR,CONTINUA EN TRAMITE (POR SENTENCIAR) (INV.202501),45672.71181,ORDINARIO,DECLARACIÓN DE NULIDAD DE ACTOS ADMINISTRATIVOS,Contencioso Administrativo,5,2do Juzgado de Trabajo
00082-2026-0-2301-JR-LA-02,82,2026,PENDIENTE EN TRÁMITE,TOTAL PENDIENTES AL MES ANTERIOR,AUTO DE SANEAMIENTO QUE NO CONCLUYE EL PROCESO,46085.69931,ORDINARIO,RECONOCIMIENTO DEL DERECHO TUTELADO,Contencioso Administrativo,5,2do Juzgado de Trabajo
00572-2026-0-2301-JR-LA-02,572,2026,PENDIENTE EN TRÁMITE,TOTAL PENDIENTES AL MES ANTERIOR,AUTO DE SANEAMIENTO QUE NO CONCLUYE EL PROCESO,46140.73403,ORDINARIO,RECONOCIMIENTO DEL DERECHO TUTELADO,Contencioso Administrativo,5,2do Juzgado de Trabajo
00201-2026-0-2301-JR-LA-02,201,2026,PENDIENTE EN TRÁMITE,TOTAL PENDIENTES AL MES ANTERIOR,AUTO DE SANEAMIENTO QUE NO CONCLUYE EL PROCESO,46125.64722,ORDINARIO,DECLARACIÓN DE NULIDAD DE ACTOS ADMINISTRATIVOS,Contencioso Administrativo,5,2do Juzgado de Trabajo
00133-2026-0-2301-JR-LA-02,133,2026,PENDIENTE EN TRÁMITE,TOTAL PENDIENTES AL MES ANTERIOR,AUTO DE SANEAMIENTO QUE NO CONCLUYE EL PROCESO,46087.48542,ORDINARIO,CUMPLIMIENTO DE ACTUACIONES DISPUESTA POR ACTO ADMINISTRATIVO,Contencioso Administrativo,5,2do Juzgado de Trabajo
00197-2026-0-2301-JR-LA-02,197,2026,PENDIENTE EN TRÁMITE,TOTAL PENDIENTES AL MES ANTERIOR,AUTO DE SANEAMIENTO QUE NO CONCLUYE EL PROCESO,46107.61528,ORDINARIO,RECONOCIMIENTO DEL DERECHO TUTELADO,Contencioso Administrativo,5,2do Juzgado de Trabajo
01869-2025-0-2301-JR-LA-02,1869,2025,PENDIENTE EN TRÁMITE,TOTAL PENDIENTES AL MES ANTERIOR,AUTO DE SANEAMIENTO QUE NO CONCLUYE EL PROCESO (INV.202501),46048.47778,ORDINARIO,RECONOCIMIENTO DEL DERECHO TUTELADO,Contencioso Administrativo,5,2do Juzgado de Trabajo
01752-2025-0-2301-JR-LA-02,1752,2025,PENDIENTE EN TRÁMITE,TOTAL PENDIENTES AL MES ANTERIOR,CONTINUA EN TRAMITE (POR SENTENCIAR) (INV.202501),46010.54653,ORDINARIO,RECONOCIMIENTO DEL DERECHO TUTELADO,Contencioso Administrativo,5,2do Juzgado de Trabajo
01365-2025-0-2301-JR-LA-02,1365,2025,PENDIENTE EN TRÁMITE,TOTAL PENDIENTES AL MES ANTERIOR,CONTINUA EN TRAMITE (POR SENTENCIAR) (INV.202501),45952.49444,ORDINARIO,DECLARACIÓN DE NULIDAD DE ACTOS ADMINISTRATIVOS,Contencioso Administrativo,5,2do Juzgado de Trabajo
01432-2025-0-2301-JR-LA-01,1432,2025,PENDIENTE EN TRÁMITE,TOTAL PENDIENTES AL MES ANTERIOR,CONTINUA EN TRAMITE (POR SENTENCIAR) (INV.202501),45988.70417,ORDINARIO,RECONOCIMIENTO DEL DERECHO TUTELADO,Contencioso Administrativo,5,2do Juzgado de Trabajo
00426-2026-0-2301-JR-LA-02,426,2026,PENDIENTE EN TRÁMITE,TOTAL PENDIENTES AL MES ANTERIOR,AUTO DE SANEAMIENTO QUE NO CONCLUYE EL PROCESO,46125.64444,ORDINARIO,RECONOCIMIENTO DEL DERECHO TUTELADO,Contencioso Administrativo,5,2do Juzgado de Trabajo
01030-2025-0-2301-JR-LA-02,1030,2025,PENDIENTE EN TRÁMITE,TOTAL PENDIENTES AL MES ANTERIOR,CONTINUA EN TRAMITE (POR SENTENCIAR) (INV.202501),45881.67083,ORDINARIO,DECLARACIÓN DE NULIDAD DE ACTOS ADMINISTRATIVOS,Contencioso Administrativo,5,2do Juzgado de Trabajo
00518-2024-0-2301-JR-LA-02,518,2024,PENDIENTE EN TRÁMITE,TOTAL PENDIENTES AL MES ANTERIOR,CONTINUA EN TRAMITE (POR SENTENCIAR) (INV.202501),45659.34306,ORDINARIO,DECLARACIÓN DE NULIDAD DE ACTOS ADMINISTRATIVOS,Contencioso Administrativo,5,2do Juzgado de Trabajo
00404-2026-0-2301-JR-LA-02,404,2026,PENDIENTE EN TRÁMITE,TOTAL PENDIENTES AL MES ANTERIOR,AUTO DE SANEAMIENTO QUE NO CONCLUYE EL PROCESO,46125.73125,ORDINARIO,RECONOCIMIENTO DEL DERECHO TUTELADO,Contencioso Administrativo,5,2do Juzgado de Trabajo
01208-2025-0-2301-JR-LA-02,1208,2025,PENDIENTE EN TRÁMITE,TOTAL PENDIENTES AL MES ANTERIOR,AUTO DE SANEAMIENTO QUE NO CONCLUYE EL PROCESO (INV.202501),46084.40417,ORDINARIO,RESTABLECIMIENTO DEL DERECHO TUTELADO,Contencioso Administrativo,5,2do Juzgado de Trabajo
00807-2025-0-2301-JR-LA-02,807,2025,PENDIENTE EN TRÁMITE,TOTAL PENDIENTES AL MES ANTERIOR,CONTINUA EN TRAMITE (POR SENTENCIAR) (INV.202501),45828.4625,ORDINARIO,DECLARACIÓN DE NULIDAD DE ACTOS ADMINISTRATIVOS,Contencioso Administrativo,5,2do Juzgado de Trabajo
01651-2025-0-2301-JR-LA-02,1651,2025,PENDIENTE EN TRÁMITE,TOTAL PENDIENTES AL MES ANTERIOR,AUTO DE SANEAMIENTO QUE NO CONCLUYE EL PROCESO (INV.202501),46072.69583,ORDINARIO,RESTABLECIMIENTO DEL DERECHO TUTELADO,Contencioso Administrativo,5,2do Juzgado de Trabajo
00546-2026-0-2301-JR-LA-02,546,2026,PENDIENTE EN TRÁMITE,TOTAL PENDIENTES AL MES ANTERIOR,AUTO DE SANEAMIENTO QUE NO CONCLUYE EL PROCESO,46140.56319,ORDINARIO,RECONOCIMIENTO DEL DERECHO TUTELADO,Contencioso Administrativo,5,2do Juzgado de Trabajo
00759-2024-0-2301-JR-LA-03,759,2024,PENDIENTE EN TRÁMITE,TOTAL PENDIENTES AL MES ANTERIOR,CONTINUA EN TRAMITE (POR SENTENCIAR) (INV.202501),45580.48542,ORDINARIO,DECLARACIÓN DE INEFICACIA DE ACTOS ADMINISTRATIVOS,Contencioso Administrativo,5,2do Juzgado de Trabajo
00576-2026-0-2301-JR-LA-02,576,2026,PENDIENTE EN TRÁMITE,TOTAL PENDIENTES AL MES ANTERIOR,AUTO DE SANEAMIENTO QUE NO CONCLUYE EL PROCESO,46141.68958,ORDINARIO,DECLARACIÓN DE NULIDAD DE ACTOS ADMINISTRATIVOS,Contencioso Administrativo,5,2do Juzgado de Trabajo
01853-2025-0-2301-JR-LA-03,1853,2025,PENDIENTE EN TRÁMITE,TOTAL PENDIENTES AL MES ANTERIOR,AUTO DE SANEAMIENTO QUE NO CONCLUYE EL PROCESO,46084.67014,ORDINARIO,DECLARACIÓN DE INEFICACIA DE ACTOS ADMINISTRATIVOS,Contencioso Administrativo,5,2do Juzgado de Trabajo
00624-2026-0-2301-JR-LA-02,624,2026,PENDIENTE EN TRÁMITE,TOTAL PENDIENTES AL MES ANTERIOR,DECRETO PUESTO A DESPACHO PARA SENTENCIAR(ULTIMA SENTENCIA),46142.65139,URGENTE,CUMPLIMIENTO DE ACTUACIONES DISPUESTA POR ACTO ADMINISTRATIVO,Contencioso Administrativo,5,2do Juzgado de Trabajo
00485-2026-0-2301-JR-LA-02,485,2026,PENDIENTE EN TRÁMITE,TOTAL PENDIENTES AL MES ANTERIOR,AUTO DE SANEAMIENTO QUE NO CONCLUYE EL PROCESO,46135.62847,ORDINARIO,RECONOCIMIENTO DEL DERECHO TUTELADO,Contencioso Administrativo,5,2do Juzgado de Trabajo
00318-2026-0-2301-JR-LA-02,318,2026,PENDIENTE EN TRÁMITE,TOTAL PENDIENTES AL MES ANTERIOR,AUTO DE SANEAMIENTO QUE NO CONCLUYE EL PROCESO,46108.73403,ORDINARIO,DECLARACIÓN DE NULIDAD DE ACTOS ADMINISTRATIVOS,Contencioso Administrativo,5,2do Juzgado de Trabajo
01229-2025-0-2301-JR-LA-02,1229,2025,PENDIENTE EN TRÁMITE,TOTAL PENDIENTES AL MES ANTERIOR,AUTO DE SANEAMIENTO QUE NO CONCLUYE EL PROCESO (INV.202501),46035.65556,ORDINARIO,RESTABLECIMIENTO DEL DERECHO TUTELADO,Contencioso Administrativo,5,2do Juzgado de Trabajo
00346-2026-0-2301-JR-LA-02,346,2026,PENDIENTE EN TRÁMITE,TOTAL PENDIENTES AL MES ANTERIOR,AUTO DE SANEAMIENTO QUE NO CONCLUYE EL PROCESO,46120.50972,ORDINARIO,RECONOCIMIENTO DEL DERECHO TUTELADO,Contencioso Administrativo,5,2do Juzgado de Trabajo
01556-2025-0-2301-JR-LA-02,1556,2025,PENDIENTE EN TRÁMITE,TOTAL PENDIENTES AL MES ANTERIOR,CONTINUA EN TRAMITE (POR SENTENCIAR) (INV.202501),45996.65694,ORDINARIO,DECLARACIÓN DE NULIDAD DE ACTOS ADMINISTRATIVOS,Contencioso Administrativo,5,2do Juzgado de Trabajo
01233-2025-0-2301-JR-LA-03,1233,2025,PENDIENTE EN TRÁMITE,TOTAL PENDIENTES AL MES ANTERIOR,CONTINUA EN TRAMITE (POR SENTENCIAR) (INV.202501),45951.67292,ORDINARIO,RECONOCIMIENTO DEL DERECHO TUTELADO,Contencioso Administrativo,5,2do Juzgado de Trabajo
01467-2025-0-2301-JR-LA-03,1467,2025,PENDIENTE EN TRÁMITE,TOTAL PENDIENTES AL MES ANTERIOR,AUTO DE SANEAMIENTO QUE NO CONCLUYE EL PROCESO (INV.202501),46072.69514,ORDINARIO,RECONOCIMIENTO DEL DERECHO TUTELADO,Contencioso Administrativo,5,2do Juzgado de Trabajo
00855-2025-0-2301-JR-LA-02,855,2025,PENDIENTE EN TRÁMITE,TOTAL PENDIENTES AL MES ANTERIOR,CONTINUA EN TRAMITE (POR SENTENCIAR) (INV.202501),45891.49792,ORDINARIO,DECLARACIÓN DE NULIDAD DE ACTOS ADMINISTRATIVOS,Contencioso Administrativo,5,2do Juzgado de Trabajo
01053-2025-0-2301-JR-LA-02,1053,2025,PENDIENTE EN TRÁMITE,TOTAL PENDIENTES AL MES ANTERIOR,CONTINUA EN TRAMITE (POR SENTENCIAR) (INV.202501),45882.49167,ORDINARIO,DECLARACIÓN DE NULIDAD DE ACTOS ADMINISTRATIVOS,Contencioso Administrativo,5,2do Juzgado de Trabajo
00971-2024-0-2301-JR-LA-02,971,2024,PENDIENTE EN TRÁMITE,TOTAL PENDIENTES AL MES ANTERIOR,CONTINUA EN TRAMITE (POR SENTENCIAR) (INV.202501),45853.39097,ORDINARIO,DECLARACIÓN DE NULIDAD DE ACTOS ADMINISTRATIVOS,Contencioso Administrativo,5,2do Juzgado de Trabajo
00383-2026-0-2301-JR-LA-02,383,2026,PENDIENTE EN TRÁMITE,TOTAL PENDIENTES AL MES ANTERIOR,AUTO DE SANEAMIENTO QUE NO CONCLUYE EL PROCESO,46128.64236,ORDINARIO,CUMPLIMIENTO DE ACTUACIONES DISPUESTA POR LEY,Contencioso Administrativo,5,2do Juzgado de Trabajo
00918-2025-0-2301-JR-LA-02,918,2025,PENDIENTE EN TRÁMITE,TOTAL PENDIENTES AL MES ANTERIOR,CONTINUA EN TRAMITE (POR SENTENCIAR) (INV.202501),45904.71111,ORDINARIO,DECLARACIÓN DE NULIDAD DE ACTOS ADMINISTRATIVOS,Contencioso Administrativo,5,2do Juzgado de Trabajo
00294-2026-0-2301-JR-LA-02,294,2026,PENDIENTE EN TRÁMITE,TOTAL PENDIENTES AL MES ANTERIOR,AUTO DE SANEAMIENTO QUE NO CONCLUYE EL PROCESO,46133.56597,ORDINARIO,DECLARACIÓN DE NULIDAD DE ACTOS ADMINISTRATIVOS,Contencioso Administrativo,5,2do Juzgado de Trabajo
00363-2026-0-2301-JR-LA-02,363,2026,PENDIENTE EN TRÁMITE,TOTAL PENDIENTES AL MES ANTERIOR,AUTO DE SANEAMIENTO QUE NO CONCLUYE EL PROCESO,46133.56528,ORDINARIO,RECONOCIMIENTO DEL DERECHO TUTELADO,Contencioso Administrativo,5,2do Juzgado de Trabajo
00977-2025-0-2301-JR-LA-02,977,2025,PENDIENTE EN TRÁMITE,TOTAL PENDIENTES AL MES ANTERIOR,CONTINUA EN TRAMITE (POR SENTENCIAR) (INV.202501),45939.42917,ORDINARIO,DECLARACIÓN DE NULIDAD DE ACTOS ADMINISTRATIVOS,Contencioso Administrativo,5,2do Juzgado de Trabajo
01431-2024-0-2301-JR-LA-02,1431,2024,PENDIENTE EN TRÁMITE,TOTAL PENDIENTES AL MES ANTERIOR,CONTINUA EN TRAMITE (POR SENTENCIAR) (INV.202501),45936.37292,ORDINARIO,RECONOCIMIENTO DEL DERECHO TUTELADO,Contencioso Administrativo,5,2do Juzgado de Trabajo
00727-2024-0-2301-JR-LA-02,727,2024,PENDIENTE EN TRÁMITE,TOTAL PENDIENTES AL MES ANTERIOR,CONTINUA EN TRAMITE (POR SENTENCIAR) (INV.202501),45677.5625,ORDINARIO,DECLARACIÓN DE INEFICACIA DE ACTOS ADMINISTRATIVOS,Contencioso Administrativo,5,2do Juzgado de Trabajo
01242-2024-0-2301-JR-LA-02,1242,2024,PENDIENTE EN TRÁMITE,TOTAL PENDIENTES AL MES ANTERIOR,CONTINUA EN TRAMITE (POR SENTENCIAR) (INV.202501),45735.66806,ORDINARIO,DECLARACIÓN DE NULIDAD DE ACTOS ADMINISTRATIVOS,Contencioso Administrativo,5,2do Juzgado de Trabajo
00458-2026-0-2301-JR-LA-02,458,2026,PENDIENTE EN TRÁMITE,TOTAL PENDIENTES AL MES ANTERIOR,AUTO DE SANEAMIENTO QUE NO CONCLUYE EL PROCESO,46133.56597,ORDINARIO,RECONOCIMIENTO DEL DERECHO TUTELADO,Contencioso Administrativo,5,2do Juzgado de Trabajo
00139-2026-0-2301-JR-LA-02,139,2026,PENDIENTE EN TRÁMITE,TOTAL PENDIENTES AL MES ANTERIOR,DECRETO PUESTO A DESPACHO PARA SENTENCIAR(ULTIMA SENTENCIA),46113.69861,ORDINARIO,RESTABLECIMIENTO DEL DERECHO TUTELADO,Contencioso Administrativo,5,2do Juzgado de Trabajo
01257-2025-0-2301-JR-LA-02,1257,2025,PENDIENTE EN TRÁMITE,TOTAL PENDIENTES AL MES ANTERIOR,CONTINUA EN TRAMITE (POR SENTENCIAR) (INV.202501),45925.47708,ORDINARIO,RECONOCIMIENTO DEL DERECHO TUTELADO,Contencioso Administrativo,5,2do Juzgado de Trabajo
01385-2024-0-2301-JR-LA-02,1385,2024,PENDIENTE EN TRÁMITE,TOTAL PENDIENTES AL MES ANTERIOR,CONTINUA EN TRAMITE (POR SENTENCIAR) (INV.202501),45734.73889,ORDINARIO,DECLARACIÓN DE NULIDAD DE ACTOS ADMINISTRATIVOS,Contencioso Administrativo,5,2do Juzgado de Trabajo
00839-2025-0-2301-JR-LA-04,839,2025,PENDIENTE EN TRÁMITE,TOTAL PENDIENTES AL MES ANTERIOR,CONTINUA EN TRAMITE (POR SENTENCIAR) (INV.202501),45869.6,URGENTE,DECLARACIÓN DE NULIDAD DE ACTOS ADMINISTRATIVOS,Contencioso Administrativo,5,2do Juzgado de Trabajo
02188-2024-0-2301-JR-CI-03,2188,2024,PENDIENTE EN TRÁMITE,TOTAL PENDIENTES AL MES ANTERIOR,CONTINUA EN TRAMITE (POR SENTENCIAR) (INV.202501),45707.33472,ORDINARIO,DECLARACIÓN DE NULIDAD DE ACTOS ADMINISTRATIVOS,Contencioso Administrativo,5,2do Juzgado de Trabajo
01376-2025-0-2301-JR-LA-02,1376,2025,PENDIENTE EN TRÁMITE,TOTAL PENDIENTES AL MES ANTERIOR,CONTINUA EN TRAMITE (POR SENTENCIAR) (INV.202501),45981.33958,ORDINARIO,DECLARACIÓN DE NULIDAD DE ACTOS ADMINISTRATIVOS,Contencioso Administrativo,5,2do Juzgado de Trabajo
01350-2025-0-2301-JR-LA-02,1350,2025,PENDIENTE EN TRÁMITE,TOTAL PENDIENTES AL MES ANTERIOR,AUTO DE SANEAMIENTO QUE NO CONCLUYE EL PROCESO (INV.202501),46044.70208,ORDINARIO,DECLARACIÓN DE NULIDAD DE ACTOS ADMINISTRATIVOS,Contencioso Administrativo,5,2do Juzgado de Trabajo
00521-2026-0-2301-JR-LA-02,521,2026,PENDIENTE EN TRÁMITE,TOTAL PENDIENTES AL MES ANTERIOR,AUTO DE SANEAMIENTO QUE NO CONCLUYE EL PROCESO,46136.68958,ORDINARIO,DECLARACIÓN DE NULIDAD DE ACTOS ADMINISTRATIVOS,Contencioso Administrativo,5,2do Juzgado de Trabajo
00430-2026-0-2301-JR-LA-02,430,2026,PENDIENTE EN TRÁMITE,TOTAL PENDIENTES AL MES ANTERIOR,AUTO DE SANEAMIENTO QUE NO CONCLUYE EL PROCESO,46135.375,ORDINARIO,DECLARACIÓN DE NULIDAD DE ACTOS ADMINISTRATIVOS,Contencioso Administrativo,5,2do Juzgado de Trabajo
01734-2023-0-2301-JR-LA-02,1734,2023,PENDIENTE EN TRÁMITE,TOTAL PENDIENTES AL MES ANTERIOR,CONTINUA EN TRAMITE (POR SENTENCIAR) (INV.202501),45307.64861,ORDINARIO,DECLARACIÓN DE INEFICACIA DE ACTOS ADMINISTRATIVOS,Contencioso Administrativo,5,2do Juzgado de Trabajo
01366-2024-0-2301-JR-LA-02,1366,2024,PENDIENTE EN TRÁMITE,TOTAL PENDIENTES AL MES ANTERIOR,CONTINUA EN TRAMITE (POR SENTENCIAR) (INV.202501),45853.38611,ORDINARIO,DECLARACIÓN DE NULIDAD DE ACTOS ADMINISTRATIVOS,Contencioso Administrativo,5,2do Juzgado de Trabajo
00301-2026-0-2301-JR-LA-03,301,2026,PENDIENTE EN TRÁMITE,TOTAL PENDIENTES AL MES ANTERIOR,AUTO DE SANEAMIENTO QUE NO CONCLUYE EL PROCESO,46133.34792,ORDINARIO,CUMPLIMIENTO DE ACTUACIONES DISPUESTA POR ACTO ADMINISTRATIVO,Contencioso Administrativo,5,2do Juzgado de Trabajo
00257-2026-0-2301-JR-LA-02,257,2026,PENDIENTE EN TRÁMITE,TOTAL PENDIENTES AL MES ANTERIOR,AUTO DE SANEAMIENTO QUE NO CONCLUYE EL PROCESO,46120.70069,ORDINARIO,DECLARACIÓN DE NULIDAD DE ACTOS ADMINISTRATIVOS,Contencioso Administrativo,5,2do Juzgado de Trabajo
00283-2026-0-2301-JR-LA-02,283,2026,PENDIENTE EN TRÁMITE,TOTAL PENDIENTES AL MES ANTERIOR,AUTO DE SANEAMIENTO QUE NO CONCLUYE EL PROCESO,46120.60139,ORDINARIO,DECLARACIÓN DE NULIDAD DE ACTOS ADMINISTRATIVOS,Contencioso Administrativo,5,2do Juzgado de Trabajo
00230-2026-0-2301-JR-LA-02,230,2026,PENDIENTE EN TRÁMITE,TOTAL PENDIENTES AL MES ANTERIOR,AUTO DE SANEAMIENTO QUE NO CONCLUYE EL PROCESO,46119.74236,ORDINARIO,DECLARACIÓN DE NULIDAD DE ACTOS ADMINISTRATIVOS,Contencioso Administrativo,5,2do Juzgado de Trabajo
01723-2025-0-2301-JR-LA-02,1723,2025,PENDIENTE EN TRÁMITE,TOTAL PENDIENTES AL MES ANTERIOR,AUTO DE SANEAMIENTO QUE NO CONCLUYE EL PROCESO (INV.202501),46112.33681,ORDINARIO,RECONOCIMIENTO DEL DERECHO TUTELADO,Contencioso Administrativo,5,2do Juzgado de Trabajo
01616-2024-0-2301-JR-LA-02,1616,2024,PENDIENTE EN TRÁMITE,TOTAL PENDIENTES AL MES ANTERIOR,DECRETO PUESTO A DESPACHO PARA SENTENCIAR(ULTIMA SENTENCIA),46122.68819,ORDINARIO,DECLARACIÓN DE NULIDAD DE ACTOS ADMINISTRATIVOS,Contencioso Administrativo,5,2do Juzgado de Trabajo
01906-2025-0-2301-JR-LA-02,1906,2025,PENDIENTE EN TRÁMITE,TOTAL PENDIENTES AL MES ANTERIOR,AUTO DE SANEAMIENTO QUE NO CONCLUYE EL PROCESO (INV.202501),46057.33403,ORDINARIO,RECONOCIMIENTO DEL DERECHO TUTELADO,Contencioso Administrativo,5,2do Juzgado de Trabajo
01808-2025-0-2301-JR-LA-02,1808,2025,PENDIENTE EN TRÁMITE,TOTAL PENDIENTES AL MES ANTERIOR,AUTO DE SANEAMIENTO QUE NO CONCLUYE EL PROCESO (INV.202501),46105.67708,ORDINARIO,DECLARACIÓN DE NULIDAD DE ACTOS ADMINISTRATIVOS,Contencioso Administrativo,5,2do Juzgado de Trabajo
01589-2024-0-2301-JR-LA-02,1589,2024,PENDIENTE EN TRÁMITE,TOTAL PENDIENTES AL MES ANTERIOR,CONTINUA EN TRAMITE (POR SENTENCIAR) (INV.202501),45806.50764,ORDINARIO,DECLARACIÓN DE INEFICACIA DE ACTOS ADMINISTRATIVOS,Contencioso Administrativo,5,2do Juzgado de Trabajo
00444-2026-0-2301-JR-LA-02,444,2026,PENDIENTE EN TRÁMITE,TOTAL PENDIENTES AL MES ANTERIOR,AUTO DE SANEAMIENTO QUE NO CONCLUYE EL PROCESO,46132.68333,ORDINARIO,RECONOCIMIENTO DEL DERECHO TUTELADO,Contencioso Administrativo,5,2do Juzgado de Trabajo
00055-2026-0-2301-JR-LA-02,55,2026,PENDIENTE EN TRÁMITE,TOTAL PENDIENTES AL MES ANTERIOR,AUTO DE SANEAMIENTO QUE NO CONCLUYE EL PROCESO,46087.55486,ORDINARIO,DECLARACIÓN DE NULIDAD DE ACTOS ADMINISTRATIVOS,Contencioso Administrativo,5,2do Juzgado de Trabajo
01398-2025-0-2301-JR-CI-03,1398,2025,PENDIENTE EN TRÁMITE,TOTAL PENDIENTES AL MES ANTERIOR,CONTINUA EN TRAMITE (POR SENTENCIAR) (INV.202501),46009.72569,ORDINARIO,RECONOCIMIENTO DEL DERECHO TUTELADO,Contencioso Administrativo,5,2do Juzgado de Trabajo
01601-2025-0-2301-JR-CI-03,1601,2025,PENDIENTE EN TRÁMITE,TOTAL PENDIENTES AL MES ANTERIOR,AUTO DE SANEAMIENTO QUE NO CONCLUYE EL PROCESO (INV.202501),46085.69375,ORDINARIO,DECLARACIÓN DE NULIDAD DE ACTOS ADMINISTRATIVOS,Contencioso Administrativo,5,2do Juzgado de Trabajo
01634-2025-0-2301-JR-LA-02,1634,2025,PENDIENTE EN TRÁMITE,TOTAL PENDIENTES AL MES ANTERIOR,CONTINUA EN TRAMITE (POR SENTENCIAR) (INV.202501),46021.67292,ORDINARIO,DECLARACIÓN DE INEFICACIA DE ACTOS ADMINISTRATIVOS,Contencioso Administrativo,5,2do Juzgado de Trabajo
01507-2025-0-2301-JR-LA-02,1507,2025,PENDIENTE EN TRÁMITE,TOTAL PENDIENTES AL MES ANTERIOR,CONTINUA EN TRAMITE (POR SENTENCIAR) (INV.202501),46014.65625,ORDINARIO,DECLARACIÓN DE NULIDAD DE ACTOS ADMINISTRATIVOS,Contencioso Administrativo,5,2do Juzgado de Trabajo
00916-2025-0-2301-JR-LA-02,916,2025,PENDIENTE EN TRÁMITE,TOTAL PENDIENTES AL MES ANTERIOR,CONTINUA EN TRAMITE (POR SENTENCIAR) (INV.202501),45854.52569,ORDINARIO,CUMPLIMIENTO DE ACTUACIONES DISPUESTA POR ACTO ADMINISTRATIVO,Contencioso Administrativo,5,2do Juzgado de Trabajo
00259-2026-0-2301-JR-LA-02,259,2026,PENDIENTE EN TRÁMITE,TOTAL PENDIENTES AL MES ANTERIOR,AUTO DE SANEAMIENTO QUE NO CONCLUYE EL PROCESO,46133.71597,ORDINARIO,DECLARACIÓN DE NULIDAD DE ACTOS ADMINISTRATIVOS,Contencioso Administrativo,5,2do Juzgado de Trabajo
00537-2026-0-2301-JR-LA-02,537,2026,PENDIENTE EN TRÁMITE,TOTAL PENDIENTES AL MES ANTERIOR,AUTO DE SANEAMIENTO QUE NO CONCLUYE EL PROCESO,46141.68819,ORDINARIO,DECLARACIÓN DE NULIDAD DE ACTOS ADMINISTRATIVOS,Contencioso Administrativo,5,2do Juzgado de Trabajo
00267-2025-0-2301-JR-LA-02,267,2025,PENDIENTE EN TRÁMITE,TOTAL PENDIENTES AL MES ANTERIOR,CONTINUA EN TRAMITE (POR SENTENCIAR) (INV.202501),45814.36736,ORDINARIO,RESTABLECIMIENTO DEL DERECHO TUTELADO,Contencioso Administrativo,5,2do Juzgado de Trabajo
01001-2025-0-2301-JR-LA-02,1001,2025,PENDIENTE EN TRÁMITE,TOTAL PENDIENTES AL MES ANTERIOR,CONTINUA EN TRAMITE (POR SENTENCIAR) (INV.202501),45876.425,ORDINARIO,CUMPLIMIENTO DE ACTUACIONES DISPUESTA POR ACTO ADMINISTRATIVO,Contencioso Administrativo,5,2do Juzgado de Trabajo
00846-2025-0-2301-JR-LA-02,846,2025,PENDIENTE EN TRÁMITE,TOTAL PENDIENTES AL MES ANTERIOR,CONTINUA EN TRAMITE (POR SENTENCIAR) (INV.202501),45910.32917,ORDINARIO,DECLARACIÓN DE INEFICACIA DE ACTOS ADMINISTRATIVOS,Contencioso Administrativo,5,2do Juzgado de Trabajo
00227-2026-0-2301-JR-LA-02,227,2026,PENDIENTE EN TRÁMITE,TOTAL PENDIENTES AL MES ANTERIOR,AUTO DE SANEAMIENTO QUE NO CONCLUYE EL PROCESO,46108.73542,ORDINARIO,DECLARACIÓN DE NULIDAD DE ACTOS ADMINISTRATIVOS,Contencioso Administrativo,5,2do Juzgado de Trabajo
01620-2025-0-2301-JR-LA-02,1620,2025,PENDIENTE EN TRÁMITE,TOTAL PENDIENTES AL MES ANTERIOR,AUTO DE SANEAMIENTO QUE NO CONCLUYE EL PROCESO (INV.202501),46093.53264,ORDINARIO,DECLARACIÓN DE NULIDAD DE ACTOS ADMINISTRATIVOS,Contencioso Administrativo,5,2do Juzgado de Trabajo
00640-2023-0-2301-JR-LA-02,640,2023,PENDIENTE EN TRÁMITE,TOTAL PENDIENTES AL MES ANTERIOR,CONTINUA EN TRAMITE (POR SENTENCIAR) (INV.202501),45883.51944,ORDINARIO,DECLARACIÓN DE NULIDAD DE ACTOS ADMINISTRATIVOS,Contencioso Administrativo,5,2do Juzgado de Trabajo
01518-2025-0-2301-JR-LA-02,1518,2025,PENDIENTE EN TRÁMITE,TOTAL PENDIENTES AL MES ANTERIOR,CONTINUA EN TRAMITE (POR SENTENCIAR) (INV.202501),46008.65069,ORDINARIO,DECLARACIÓN DE NULIDAD DE ACTOS ADMINISTRATIVOS,Contencioso Administrativo,5,2do Juzgado de Trabajo
00135-2026-0-2301-JR-LA-02,135,2026,PENDIENTE EN TRÁMITE,TOTAL PENDIENTES AL MES ANTERIOR,AUTO DE SANEAMIENTO QUE NO CONCLUYE EL PROCESO,46073.69167,ORDINARIO,CUMPLIMIENTO DE ACTUACIONES DISPUESTA POR ACTO ADMINISTRATIVO,Contencioso Administrativo,5,2do Juzgado de Trabajo
00661-2024-0-2301-JR-LA-02,661,2024,PENDIENTE EN TRÁMITE,TOTAL PENDIENTES AL MES ANTERIOR,CONTINUA EN TRAMITE (POR SENTENCIAR) (INV.202501),45853.40069,ORDINARIO,DECLARACIÓN DE NULIDAD DE ACTOS ADMINISTRATIVOS,Contencioso Administrativo,5,2do Juzgado de Trabajo
00781-2025-0-2301-JR-LA-02,781,2025,PENDIENTE EN TRÁMITE,TOTAL PENDIENTES AL MES ANTERIOR,CONTINUA EN TRAMITE (POR SENTENCIAR) (INV.202501),45868.47778,ORDINARIO,DECLARACIÓN DE NULIDAD DE ACTOS ADMINISTRATIVOS,Contencioso Administrativo,5,2do Juzgado de Trabajo
00493-2026-0-2301-JR-LA-02,493,2026,PENDIENTE EN TRÁMITE,TOTAL PENDIENTES AL MES ANTERIOR,AUTO DE SANEAMIENTO QUE NO CONCLUYE EL PROCESO,46134.73125,ORDINARIO,DECLARACIÓN DE NULIDAD DE ACTOS ADMINISTRATIVOS,Contencioso Administrativo,5,2do Juzgado de Trabajo
01830-2025-0-2301-JR-LA-02,1830,2025,PENDIENTE EN TRÁMITE,TOTAL PENDIENTES AL MES ANTERIOR,AUTO DE SANEAMIENTO QUE NO CONCLUYE EL PROCESO (INV.202501),46112.50625,ORDINARIO,RECONOCIMIENTO DEL DERECHO TUTELADO,Contencioso Administrativo,5,2do Juzgado de Trabajo
00114-2026-0-2301-JR-LA-01,114,2026,PENDIENTE EN TRÁMITE,TOTAL PENDIENTES AL MES ANTERIOR,AUTO DE SANEAMIENTO QUE NO CONCLUYE EL PROCESO,46133.71319,ORDINARIO,RECONOCIMIENTO DEL DERECHO TUTELADO,Contencioso Administrativo,5,2do Juzgado de Trabajo
00261-2026-0-2301-JR-LA-02,261,2026,PENDIENTE EN TRÁMITE,TOTAL PENDIENTES AL MES ANTERIOR,AUTO DE SANEAMIENTO QUE NO CONCLUYE EL PROCESO,46127.71319,ORDINARIO,DECLARACIÓN DE NULIDAD DE ACTOS ADMINISTRATIVOS,Contencioso Administrativo,5,2do Juzgado de Trabajo
00512-2026-0-2301-JR-LA-02,512,2026,PENDIENTE EN TRÁMITE,TOTAL PENDIENTES AL MES ANTERIOR,AUTO DE SANEAMIENTO QUE NO CONCLUYE EL PROCESO,46141.3875,ORDINARIO,CUMPLIMIENTO DE ACTUACIONES DISPUESTA POR ACTO ADMINISTRATIVO,Contencioso Administrativo,5,2do Juzgado de Trabajo
01214-2025-0-2301-JR-LA-02,1214,2025,PENDIENTE EN TRÁMITE,TOTAL PENDIENTES AL MES ANTERIOR,CONTINUA EN TRAMITE (POR SENTENCIAR) (INV.202501),45950.68472,ORDINARIO,RESTABLECIMIENTO DEL DERECHO TUTELADO,Contencioso Administrativo,5,2do Juzgado de Trabajo
00253-2026-0-2301-JR-LA-02,253,2026,PENDIENTE EN TRÁMITE,TOTAL PENDIENTES AL MES ANTERIOR,AUTO DE SANEAMIENTO QUE NO CONCLUYE EL PROCESO,46105.70278,ORDINARIO,RESTABLECIMIENTO DEL DERECHO TUTELADO,Contencioso Administrativo,5,2do Juzgado de Trabajo
01401-2025-0-2301-JR-LA-02,1401,2025,PENDIENTE EN TRÁMITE,TOTAL PENDIENTES AL MES ANTERIOR,CONTINUA EN TRAMITE (POR SENTENCIAR) (INV.202501),46008.57222,ORDINARIO,DECLARACIÓN DE NULIDAD DE ACTOS ADMINISTRATIVOS,Contencioso Administrativo,5,2do Juzgado de Trabajo
01915-2025-0-2301-JR-LA-02,1915,2025,PENDIENTE EN TRÁMITE,TOTAL PENDIENTES AL MES ANTERIOR,AUTO DE SANEAMIENTO QUE NO CONCLUYE EL PROCESO (INV.202501),46056.68264,ORDINARIO,DECLARACIÓN DE NULIDAD DE ACTOS ADMINISTRATIVOS,Contencioso Administrativo,5,2do Juzgado de Trabajo
00097-2026-0-2301-JR-LA-02,97,2026,PENDIENTE EN TRÁMITE,TOTAL PENDIENTES AL MES ANTERIOR,AUTO DE SANEAMIENTO QUE NO CONCLUYE EL PROCESO,46120.50972,ORDINARIO,DECLARACIÓN DE NULIDAD DE ACTOS ADMINISTRATIVOS,Contencioso Administrativo,5,2do Juzgado de Trabajo
00787-2025-0-2301-JR-LA-02,787,2025,PENDIENTE EN TRÁMITE,TOTAL PENDIENTES AL MES ANTERIOR,CONTINUA EN TRAMITE (POR SENTENCIAR) (INV.202501),45821.67083,URGENTE,RESTABLECIMIENTO DEL DERECHO TUTELADO,Contencioso Administrativo,5,2do Juzgado de Trabajo
01840-2025-0-2301-JR-LA-02,1840,2025,PENDIENTE EN TRÁMITE,TOTAL PENDIENTES AL MES ANTERIOR,AUTO DE SANEAMIENTO QUE NO CONCLUYE EL PROCESO (INV.202501),46094.70764,ORDINARIO,DECLARACIÓN DE NULIDAD DE ACTOS ADMINISTRATIVOS,Contencioso Administrativo,5,2do Juzgado de Trabajo
00121-2026-0-2301-JR-LA-02,121,2026,PENDIENTE EN TRÁMITE,TOTAL PENDIENTES AL MES ANTERIOR,AUTO DE SANEAMIENTO QUE NO CONCLUYE EL PROCESO,46107.61181,ORDINARIO,RECONOCIMIENTO DEL DERECHO TUTELADO,Contencioso Administrativo,5,2do Juzgado de Trabajo
02254-2025-0-2301-JR-CI-03,2254,2025,PENDIENTE EN TRÁMITE,TOTAL PENDIENTES AL MES ANTERIOR,AUTO DE SANEAMIENTO QUE NO CONCLUYE EL PROCESO (INV.202501),46121.30764,ORDINARIO,DECLARACIÓN DE NULIDAD DE ACTOS ADMINISTRATIVOS,Contencioso Administrativo,5,2do Juzgado de Trabajo
01828-2025-0-2301-JR-LA-02,1828,2025,PENDIENTE EN TRÁMITE,TOTAL PENDIENTES AL MES ANTERIOR,AUTO DE SANEAMIENTO QUE NO CONCLUYE EL PROCESO (INV.202501),46084.40625,ORDINARIO,DECLARACIÓN DE NULIDAD DE ACTOS ADMINISTRATIVOS,Contencioso Administrativo,5,2do Juzgado de Trabajo
00432-2026-0-2301-JR-LA-02,432,2026,PENDIENTE EN TRÁMITE,TOTAL PENDIENTES AL MES ANTERIOR,AUTO DE SANEAMIENTO QUE NO CONCLUYE EL PROCESO,46120.50903,ORDINARIO,RECONOCIMIENTO DEL DERECHO TUTELADO,Contencioso Administrativo,5,2do Juzgado de Trabajo
00146-2026-0-2301-JR-LA-02,146,2026,PENDIENTE EN TRÁMITE,TOTAL PENDIENTES AL MES ANTERIOR,AUTO DE SANEAMIENTO QUE NO CONCLUYE EL PROCESO,46085.6875,ORDINARIO,DECLARACIÓN DE INEFICACIA DE ACTOS ADMINISTRATIVOS,Contencioso Administrativo,5,2do Juzgado de Trabajo
00125-2026-0-2301-JR-LA-02,125,2026,PENDIENTE EN TRÁMITE,TOTAL PENDIENTES AL MES ANTERIOR,AUTO DE SANEAMIENTO QUE NO CONCLUYE EL PROCESO,46094.71111,ORDINARIO,RESTABLECIMIENTO DEL DERECHO TUTELADO,Contencioso Administrativo,5,2do Juzgado de Trabajo
00053-2026-0-2301-JR-LA-02,53,2026,PENDIENTE EN TRÁMITE,TOTAL PENDIENTES AL MES ANTERIOR,AUTO DE SANEAMIENTO QUE NO CONCLUYE EL PROCESO,46056.68333,ORDINARIO,RECONOCIMIENTO DEL DERECHO TUTELADO,Contencioso Administrativo,5,2do Juzgado de Trabajo
01899-2025-0-2301-JR-LA-02,1899,2025,PENDIENTE EN TRÁMITE,TOTAL PENDIENTES AL MES ANTERIOR,AUTO DE SANEAMIENTO QUE NO CONCLUYE EL PROCESO (INV.202501),46041.62014,ORDINARIO,DECLARACIÓN DE NULIDAD DE ACTOS ADMINISTRATIVOS,Contencioso Administrativo,5,2do Juzgado de Trabajo
00111-2026-0-2301-JR-LA-03,111,2026,PENDIENTE EN TRÁMITE,TOTAL PENDIENTES AL MES ANTERIOR,AUTO DE SANEAMIENTO QUE NO CONCLUYE EL PROCESO,46101.70069,ORDINARIO,RECONOCIMIENTO DEL DERECHO TUTELADO,Contencioso Administrativo,5,2do Juzgado de Trabajo
00177-2026-0-2301-JR-LA-02,177,2026,PENDIENTE EN TRÁMITE,TOTAL PENDIENTES AL MES ANTERIOR,AUTO DE SANEAMIENTO QUE NO CONCLUYE EL PROCESO,46097.70139,ORDINARIO,DECLARACIÓN DE NULIDAD DE ACTOS ADMINISTRATIVOS,Contencioso Administrativo,5,2do Juzgado de Trabajo
01409-2024-0-2301-JR-LA-02,1409,2024,PENDIENTE EN TRÁMITE,TOTAL PENDIENTES AL MES ANTERIOR,CONTINUA EN TRAMITE (POR SENTENCIAR) (INV.202501),45966.66389,ORDINARIO,DECLARACIÓN DE NULIDAD DE ACTOS ADMINISTRATIVOS,Contencioso Administrativo,5,2do Juzgado de Trabajo
00215-2026-0-2301-JR-LA-02,215,2026,PENDIENTE EN TRÁMITE,TOTAL PENDIENTES AL MES ANTERIOR,AUTO DE SANEAMIENTO QUE NO CONCLUYE EL PROCESO,46108.64514,ORDINARIO,DECLARACIÓN DE NULIDAD DE ACTOS ADMINISTRATIVOS,Contencioso Administrativo,5,2do Juzgado de Trabajo
01847-2025-0-2301-JR-LA-02,1847,2025,PENDIENTE EN TRÁMITE,TOTAL PENDIENTES AL MES ANTERIOR,AUTO DE SANEAMIENTO QUE NO CONCLUYE EL PROCESO (INV.202501),46038.33681,ORDINARIO,DECLARACIÓN DE NULIDAD DE ACTOS ADMINISTRATIVOS,Contencioso Administrativo,5,2do Juzgado de Trabajo
00088-2026-0-2301-JR-LA-02,88,2026,PENDIENTE EN TRÁMITE,TOTAL PENDIENTES AL MES ANTERIOR,AUTO DE SANEAMIENTO QUE NO CONCLUYE EL PROCESO,46085.7,ORDINARIO,RECONOCIMIENTO DEL DERECHO TUTELADO,Contencioso Administrativo,5,2do Juzgado de Trabajo
00674-2024-0-2301-JR-LA-02,674,2024,PENDIENTE EN TRÁMITE,TOTAL PENDIENTES AL MES ANTERIOR,CONTINUA EN TRAMITE (POR SENTENCIAR) (INV.202501),45692.46042,ORDINARIO,DECLARACIÓN DE INEFICACIA DE ACTOS ADMINISTRATIVOS,Contencioso Administrativo,5,2do Juzgado de Trabajo
01532-2023-0-2301-JR-LA-02,1532,2023,PENDIENTE EN TRÁMITE,TOTAL PENDIENTES AL MES ANTERIOR,CONTINUA EN TRAMITE (POR SENTENCIAR) (INV.202501),45813.52153,ORDINARIO,RESTABLECIMIENTO DEL DERECHO TUTELADO,Contencioso Administrativo,5,2do Juzgado de Trabajo
00221-2026-0-2301-JR-LA-02,221,2026,PENDIENTE EN TRÁMITE,TOTAL PENDIENTES AL MES ANTERIOR,AUTO DE SANEAMIENTO QUE NO CONCLUYE EL PROCESO,46108.73611,ORDINARIO,DECLARACIÓN DE NULIDAD DE ACTOS ADMINISTRATIVOS,Contencioso Administrativo,5,2do Juzgado de Trabajo
00963-2025-0-2301-JR-LA-02,963,2025,PENDIENTE EN TRÁMITE,TOTAL PENDIENTES AL MES ANTERIOR,CONTINUA EN TRAMITE (POR SENTENCIAR) (INV.202501),45918.65903,ORDINARIO,DECLARACIÓN DE NULIDAD DE ACTOS ADMINISTRATIVOS,Contencioso Administrativo,5,2do Juzgado de Trabajo
00285-2026-0-2301-JR-LA-02,285,2026,PENDIENTE EN TRÁMITE,TOTAL PENDIENTES AL MES ANTERIOR,AUTO DE SANEAMIENTO QUE NO CONCLUYE EL PROCESO,46107.61528,ORDINARIO,RECONOCIMIENTO DEL DERECHO TUTELADO,Contencioso Administrativo,5,2do Juzgado de Trabajo
01378-2017-0-2301-JR-LA-02,1378,2017,PENDIENTE EN TRÁMITE,TOTAL PENDIENTES AL MES ANTERIOR,CONTINUA EN TRAMITE (POR SENTENCIAR) (INV.202501),45834.37361,ORDINARIO,DECLARACIÓN DE NULIDAD DE ACTOS ADMINISTRATIVOS,Contencioso Administrativo,5,2do Juzgado de Trabajo
00097-2025-0-2301-JR-LA-02,97,2025,PENDIENTE EN TRÁMITE,TOTAL PENDIENTES AL MES ANTERIOR,CONTINUA EN TRAMITE (POR SENTENCIAR) (INV.202501),45786.41667,ORDINARIO,DECLARACIÓN DE NULIDAD DE ACTOS ADMINISTRATIVOS,Contencioso Administrativo,5,2do Juzgado de Trabajo
00603-2026-0-2301-JR-LA-02,603,2026,PENDIENTE EN TRÁMITE,TOTAL PENDIENTES AL MES ANTERIOR,DECRETO PUESTO A DESPACHO PARA SENTENCIAR(ULTIMA SENTENCIA),46142.65208,URGENTE,CUMPLIMIENTO DE ACTUACIONES DISPUESTA POR ACTO ADMINISTRATIVO,Contencioso Administrativo,5,2do Juzgado de Trabajo
00397-2026-0-2301-JR-LA-02,397,2026,PENDIENTE EN TRÁMITE,TOTAL PENDIENTES AL MES ANTERIOR,AUTO DE SANEAMIENTO QUE NO CONCLUYE EL PROCESO,46125.64375,ORDINARIO,DECLARACIÓN DE NULIDAD DE ACTOS ADMINISTRATIVOS,Contencioso Administrativo,5,2do Juzgado de Trabajo
00207-2026-0-2301-JR-LA-02,207,2026,PENDIENTE EN TRÁMITE,TOTAL PENDIENTES AL MES ANTERIOR,AUTO DE SANEAMIENTO QUE NO CONCLUYE EL PROCESO,46101.69861,ORDINARIO,RECONOCIMIENTO DEL DERECHO TUTELADO,Contencioso Administrativo,5,2do Juzgado de Trabajo
01554-2025-0-2301-JR-LA-02,1554,2025,PENDIENTE EN TRÁMITE,TOTAL PENDIENTES AL MES ANTERIOR,DECRETO PUESTO A DESPACHO PARA SENTENCIAR(ULTIMA SENTENCIA) (INV.202501),46119.74167,ORDINARIO,DECLARACIÓN DE NULIDAD DE ACTOS ADMINISTRATIVOS,Contencioso Administrativo,5,2do Juzgado de Trabajo
01766-2025-0-2301-JR-LA-01,1766,2025,PENDIENTE EN TRÁMITE,TOTAL PENDIENTES AL MES ANTERIOR,AUTO DE SANEAMIENTO QUE NO CONCLUYE EL PROCESO (INV.202501),46065.71111,ORDINARIO,DECLARACIÓN DE INEFICACIA DE ACTOS ADMINISTRATIVOS,Contencioso Administrativo,5,2do Juzgado de Trabajo
01649-2025-0-2301-JR-LA-02,1649,2025,PENDIENTE EN TRÁMITE,TOTAL PENDIENTES AL MES ANTERIOR,DECRETO PUESTO A DESPACHO PARA SENTENCIAR(ULTIMA SENTENCIA) (INV.202501),46048.36944,ORDINARIO,RECONOCIMIENTO DEL DERECHO TUTELADO,Contencioso Administrativo,5,2do Juzgado de Trabajo
00233-2026-0-2301-JR-LA-02,233,2026,PENDIENTE EN TRÁMITE,TOTAL PENDIENTES AL MES ANTERIOR,AUTO DE SANEAMIENTO QUE NO CONCLUYE EL PROCESO,46090.70764,ORDINARIO,CUMPLIMIENTO DE ACTUACIONES DISPUESTA POR ACTO ADMINISTRATIVO,Contencioso Administrativo,5,2do Juzgado de Trabajo
00830-2026-0-2301-JR-LA-02,830,2026,NUEVOS ADMITIDOS,TOTAL INGRESOS A TRÁMITE,AUTO ADMISORIO,46171.62361,ORDINARIO,RECONOCIMIENTO DEL DERECHO TUTELADO,Contencioso Administrativo,5,2do Juzgado de Trabajo
00823-2026-0-2301-JR-LA-02,823,2026,NUEVOS ADMITIDOS,TOTAL INGRESOS A TRÁMITE,AUTO ADMISORIO,46171.62361,ORDINARIO,RECONOCIMIENTO DEL DERECHO TUTELADO,Contencioso Administrativo,5,2do Juzgado de Trabajo
00819-2026-0-2301-JR-LA-03,819,2026,NUEVOS ADMITIDOS,TOTAL INGRESOS A TRÁMITE,AUTO ADMISORIO,46171.62361,URGENTE,CUMPLIMIENTO DE ACTUACIONES DISPUESTA POR ACTO ADMINISTRATIVO,Contencioso Administrativo,5,2do Juzgado de Trabajo
00804-2026-0-2301-JR-LA-02,804,2026,NUEVOS ADMITIDOS,TOTAL INGRESOS A TRÁMITE,AUTO ADMISORIO,46171.34306,ORDINARIO,RESTABLECIMIENTO DEL DERECHO TUTELADO,Contencioso Administrativo,5,2do Juzgado de Trabajo
00791-2026-0-2301-JR-LA-02,791,2026,NUEVOS ADMITIDOS,TOTAL INGRESOS A TRÁMITE,AUTO ADMISORIO,46167.67014,ORDINARIO,RECONOCIMIENTO DEL DERECHO TUTELADO,Contencioso Administrativo,5,2do Juzgado de Trabajo
00789-2026-0-2301-JR-LA-02,789,2026,NUEVOS ADMITIDOS,TOTAL INGRESOS A TRÁMITE,AUTO ADMISORIO,46167.66944,ORDINARIO,RECONOCIMIENTO DEL DERECHO TUTELADO,Contencioso Administrativo,5,2do Juzgado de Trabajo
00787-2026-0-2301-JR-LA-02,787,2026,NUEVOS ADMITIDOS,TOTAL INGRESOS A TRÁMITE,AUTO ADMISORIO,46169.53958,ORDINARIO,RECONOCIMIENTO DEL DERECHO TUTELADO,Contencioso Administrativo,5,2do Juzgado de Trabajo
00778-2026-0-2301-JR-LA-02,778,2026,NUEVOS ADMITIDOS,TOTAL INGRESOS A TRÁMITE,AUTO ADMISORIO,46164.46181,ORDINARIO,DECLARACIÓN DE NULIDAD DE ACTOS ADMINISTRATIVOS,Contencioso Administrativo,5,2do Juzgado de Trabajo
00776-2026-0-2301-JR-LA-02,776,2026,NUEVOS ADMITIDOS,TOTAL INGRESOS A TRÁMITE,AUTO ADMISORIO,46167.6625,ORDINARIO,RECONOCIMIENTO DEL DERECHO TUTELADO,Contencioso Administrativo,5,2do Juzgado de Trabajo
00767-2026-0-2301-JR-LA-02,767,2026,NUEVOS ADMITIDOS,TOTAL INGRESOS A TRÁMITE,AUTO ADMISORIO,46170.52014,ORDINARIO,DECLARACIÓN DE NULIDAD DE ACTOS ADMINISTRATIVOS,Contencioso Administrativo,5,2do Juzgado de Trabajo
00765-2026-0-2301-JR-LA-02,765,2026,NUEVOS ADMITIDOS,TOTAL INGRESOS A TRÁMITE,AUTO ADMISORIO,46164.34097,ORDINARIO,RECONOCIMIENTO DEL DERECHO TUTELADO,Contencioso Administrativo,5,2do Juzgado de Trabajo
00756-2026-0-2301-JR-LA-02,756,2026,NUEVOS ADMITIDOS,TOTAL INGRESOS A TRÁMITE,AUTO ADMISORIO,46163.70417,ORDINARIO,RECONOCIMIENTO DEL DERECHO TUTELADO,Contencioso Administrativo,5,2do Juzgado de Trabajo
00754-2026-0-2301-JR-LA-02,754,2026,NUEVOS ADMITIDOS,TOTAL INGRESOS A TRÁMITE,AUTO ADMISORIO,46170.52014,ORDINARIO,RESTABLECIMIENTO DEL DERECHO TUTELADO,Contencioso Administrativo,5,2do Juzgado de Trabajo
00749-2026-0-2301-JR-LA-02,749,2026,NUEVOS ADMITIDOS,TOTAL INGRESOS A TRÁMITE,AUTO ADMISORIO,46163.70417,URGENTE,CUMPLIMIENTO DE ACTUACIONES DISPUESTA POR ACTO ADMINISTRATIVO,Contencioso Administrativo,5,2do Juzgado de Trabajo
00744-2026-0-2301-JR-LA-03,744,2026,NUEVOS ADMITIDOS,TOTAL INGRESOS A TRÁMITE,AUTO ADMISORIO,46169.53958,ORDINARIO,RECONOCIMIENTO DEL DERECHO TUTELADO,Contencioso Administrativo,5,2do Juzgado de Trabajo
00741-2026-0-2301-JR-LA-02,741,2026,NUEVOS ADMITIDOS,TOTAL INGRESOS A TRÁMITE,AUTO ADMISORIO,46160.40833,ORDINARIO,RECONOCIMIENTO DEL DERECHO TUTELADO,Contencioso Administrativo,5,2do Juzgado de Trabajo
00739-2026-0-2301-JR-LA-02,739,2026,NUEVOS ADMITIDOS,TOTAL INGRESOS A TRÁMITE,AUTO ADMISORIO,46161.33681,URGENTE,CUMPLIMIENTO DE ACTUACIONES DISPUESTA POR ACTO ADMINISTRATIVO,Contencioso Administrativo,5,2do Juzgado de Trabajo
00737-2026-0-2301-JR-LA-02,737,2026,NUEVOS ADMITIDOS,TOTAL INGRESOS A TRÁMITE,AUTO ADMISORIO,46157.6875,URGENTE,CUMPLIMIENTO DE ACTUACIONES DISPUESTA POR ACTO ADMINISTRATIVO,Contencioso Administrativo,5,2do Juzgado de Trabajo
00727-2026-0-2301-JR-LA-02,727,2026,NUEVOS ADMITIDOS,TOTAL INGRESOS A TRÁMITE,AUTO ADMISORIO,46169.53889,ORDINARIO,RECONOCIMIENTO DEL DERECHO TUTELADO,Contencioso Administrativo,5,2do Juzgado de Trabajo
00721-2026-0-2301-JR-LA-02,721,2026,NUEVOS ADMITIDOS,TOTAL INGRESOS A TRÁMITE,AUTO ADMISORIO,46160.63681,ORDINARIO,RECONOCIMIENTO DEL DERECHO TUTELADO,Contencioso Administrativo,5,2do Juzgado de Trabajo
00718-2026-0-2301-JR-LA-02,718,2026,NUEVOS ADMITIDOS,TOTAL INGRESOS A TRÁMITE,AUTO ADMISORIO,46169.53958,ORDINARIO,RECONOCIMIENTO DEL DERECHO TUTELADO,Contencioso Administrativo,5,2do Juzgado de Trabajo
00716-2026-0-2301-JR-LA-02,716,2026,NUEVOS ADMITIDOS,TOTAL INGRESOS A TRÁMITE,AUTO ADMISORIO,46162.33819,ORDINARIO,DECLARACIÓN DE NULIDAD DE ACTOS ADMINISTRATIVOS,Contencioso Administrativo,5,2do Juzgado de Trabajo
00713-2026-0-2301-JR-LA-02,713,2026,NUEVOS ADMITIDOS,TOTAL INGRESOS A TRÁMITE,AUTO ADMISORIO,46162.33819,ORDINARIO,DECLARACIÓN DE NULIDAD DE ACTOS ADMINISTRATIVOS,Contencioso Administrativo,5,2do Juzgado de Trabajo
00709-2026-0-2301-JR-LA-02,709,2026,NUEVOS ADMITIDOS,TOTAL INGRESOS A TRÁMITE,AUTO ADMISORIO,46154.40972,ORDINARIO,DECLARACIÓN DE INEFICACIA DE ACTOS ADMINISTRATIVOS,Contencioso Administrativo,5,2do Juzgado de Trabajo
00707-2026-0-2301-JR-LA-02,707,2026,NUEVOS ADMITIDOS,TOTAL INGRESOS A TRÁMITE,AUTO ADMISORIO,46170.52014,ORDINARIO,RECONOCIMIENTO DEL DERECHO TUTELADO,Contencioso Administrativo,5,2do Juzgado de Trabajo
00699-2026-0-2301-JR-LA-02,699,2026,NUEVOS ADMITIDOS,TOTAL INGRESOS A TRÁMITE,AUTO ADMISORIO,46154.67847,ORDINARIO,RECONOCIMIENTO DEL DERECHO TUTELADO,Contencioso Administrativo,5,2do Juzgado de Trabajo
00697-2026-0-2301-JR-LA-02,697,2026,NUEVOS ADMITIDOS,TOTAL INGRESOS A TRÁMITE,AUTO ADMISORIO,46169.64444,ORDINARIO,DECLARACIÓN DE NULIDAD DE ACTOS ADMINISTRATIVOS,Contencioso Administrativo,5,2do Juzgado de Trabajo
00689-2026-0-2301-JR-LA-02,689,2026,NUEVOS ADMITIDOS,TOTAL INGRESOS A TRÁMITE,AUTO ADMISORIO,46148.33681,ORDINARIO,RECONOCIMIENTO DEL DERECHO TUTELADO,Contencioso Administrativo,5,2do Juzgado de Trabajo
00687-2026-0-2301-JR-LA-02,687,2026,NUEVOS ADMITIDOS,TOTAL INGRESOS A TRÁMITE,AUTO ADMISORIO,46150.35486,ORDINARIO,DECLARACIÓN DE NULIDAD DE ACTOS ADMINISTRATIVOS,Contencioso Administrativo,5,2do Juzgado de Trabajo
00679-2026-0-2301-JR-LA-02,679,2026,NUEVOS ADMITIDOS,TOTAL INGRESOS A TRÁMITE,AUTO ADMISORIO,46146.70833,ORDINARIO,RECONOCIMIENTO DEL DERECHO TUTELADO,Contencioso Administrativo,5,2do Juzgado de Trabajo
00668-2026-0-2301-JR-LA-02,668,2026,NUEVOS ADMITIDOS,TOTAL INGRESOS A TRÁMITE,AUTO ADMISORIO,46154.67847,ORDINARIO,DECLARACIÓN DE NULIDAD DE ACTOS ADMINISTRATIVOS,Contencioso Administrativo,5,2do Juzgado de Trabajo
00666-2026-0-2301-JR-LA-02,666,2026,NUEVOS ADMITIDOS,TOTAL INGRESOS A TRÁMITE,AUTO ADMISORIO,46146.48958,ORDINARIO,DECLARACIÓN DE NULIDAD DE ACTOS ADMINISTRATIVOS,Contencioso Administrativo,5,2do Juzgado de Trabajo
00664-2026-0-2301-JR-LA-02,664,2026,NUEVOS ADMITIDOS,TOTAL INGRESOS A TRÁMITE,AUTO ADMISORIO,46146.48958,ORDINARIO,DECLARACIÓN DE NULIDAD DE ACTOS ADMINISTRATIVOS,Contencioso Administrativo,5,2do Juzgado de Trabajo
00662-2026-0-2301-JR-LA-02,662,2026,NUEVOS ADMITIDOS,TOTAL INGRESOS A TRÁMITE,AUTO ADMISORIO,46146.48958,ORDINARIO,RECONOCIMIENTO DEL DERECHO TUTELADO,Contencioso Administrativo,5,2do Juzgado de Trabajo
00656-2026-0-2301-JR-LA-02,656,2026,NUEVOS ADMITIDOS,TOTAL INGRESOS A TRÁMITE,AUTO ADMISORIO,46162.33819,ORDINARIO,DECLARACIÓN DE NULIDAD DE ACTOS ADMINISTRATIVOS,Contencioso Administrativo,5,2do Juzgado de Trabajo
00625-2026-0-2301-JR-LA-01,625,2026,NUEVOS ADMITIDOS,TOTAL INGRESOS A TRÁMITE,AUTO ADMISORIO,46154.40139,ORDINARIO,RECONOCIMIENTO DEL DERECHO TUTELADO,Contencioso Administrativo,5,2do Juzgado de Trabajo
00601-2026-0-2301-JR-LA-02,601,2026,NUEVOS ADMITIDOS,TOTAL INGRESOS A TRÁMITE,AUTO ADMISORIO,46169.64375,ORDINARIO,DECLARACIÓN DE INEFICACIA DE ACTOS ADMINISTRATIVOS,Contencioso Administrativo,5,2do Juzgado de Trabajo
00582-2026-0-2301-JR-LA-03,582,2026,NUEVOS ADMITIDOS,TOTAL INGRESOS A TRÁMITE,AUTO ADMISORIO,46146.41528,ORDINARIO,CUMPLIMIENTO DE ACTUACIONES DISPUESTA POR ACTO ADMINISTRATIVO,Contencioso Administrativo,5,2do Juzgado de Trabajo
02469-2025-0-2301-JR-CI-03,2469,2025,INGRESO DE DEMANDA IMPROCEDENTE/DENUNCIA NO HA LUGAR,TOTAL INGRESOS A TRÁMITE,AUTO IMPROCEDENTE (INGRESA Y RESUELVE),46149.45556,ORDINARIO,DECLARACIÓN DE NULIDAD DE ACTOS ADMINISTRATIVOS,Contencioso Administrativo,5,2do Juzgado de Trabajo
00323-2026-0-2301-JR-LA-04,323,2026,INGRESO DE DEMANDA IMPROCEDENTE/DENUNCIA NO HA LUGAR,TOTAL INGRESOS A TRÁMITE,AUTO IMPROCEDENTE (INGRESA Y RESUELVE),46169.64375,URGENTE,CUMPLIMIENTO DE ACTUACIONES DISPUESTA POR ACTO ADMINISTRATIVO,Contencioso Administrativo,5,2do Juzgado de Trabajo
00566-2026-0-2301-JR-LA-02,566,2026,INGRESO DE DEMANDA IMPROCEDENTE/DENUNCIA NO HA LUGAR,TOTAL INGRESOS A TRÁMITE,AUTO IMPROCEDENTE (INGRESA Y RESUELVE),46147.53889,ORDINARIO,RECONOCIMIENTO DEL DERECHO TUTELADO,Contencioso Administrativo,5,2do Juzgado de Trabajo
00732-2026-0-2301-JR-LA-02,732,2026,INGRESO DE DEMANDA IMPROCEDENTE/DENUNCIA NO HA LUGAR,TOTAL INGRESOS A TRÁMITE,AUTO IMPROCEDENTE (INGRESA Y RESUELVE),46160.56319,URGENTE,CUMPLIMIENTO DE ACTUACIONES DISPUESTA POR LEY,Contencioso Administrativo,5,2do Juzgado de Trabajo
01895-2025-0-2301-JR-LA-02,1895,2025,ANULADA A TRÁMITE / HABER NULIDAD,TOTAL INGRESOS A TRÁMITE,CONTINUA EN TRAMITE (1RA INSTANCIA),46020.43194,ORDINARIO,RECONOCIMIENTO DEL DERECHO TUTELADO,Contencioso Administrativo,5,2do Juzgado de Trabajo
01872-2025-0-2301-JR-LA-02,1872,2025,ANULADA A TRÁMITE / HABER NULIDAD,TOTAL INGRESOS A TRÁMITE,CONTINUA EN CALIFICACION,46020.65833,ORDINARIO,RECONOCIMIENTO DEL DERECHO TUTELADO,Contencioso Administrativo,5,2do Juzgado de Trabajo
01612-2025-0-2301-JR-LA-02,1612,2025,ANULADA A TRÁMITE / HABER NULIDAD,TOTAL INGRESOS A TRÁMITE,CONTINUA EN TRAMITE (1RA INSTANCIA),45993.53056,ORDINARIO,DECLARACIÓN DE NULIDAD DE ACTOS ADMINISTRATIVOS,Contencioso Administrativo,5,2do Juzgado de Trabajo
01582-2025-0-2301-JR-LA-02,1582,2025,ANULADA A TRÁMITE / HABER NULIDAD,TOTAL INGRESOS A TRÁMITE,CONTINUA EN TRAMITE (POR SENTENCIAR),45989.71736,ORDINARIO,DECLARACIÓN DE NULIDAD DE ACTOS ADMINISTRATIVOS,Contencioso Administrativo,5,2do Juzgado de Trabajo
01199-2025-0-2301-JR-LA-02,1199,2025,ANULADA A TRÁMITE / HABER NULIDAD,TOTAL INGRESOS A TRÁMITE,RECEPCION  DE SENTENCIA DE VISTA QUE ANULA A TRAMITE,46171.69931,ORDINARIO,CUMPLIMIENTO DE ACTUACIONES DISPUESTA POR ACTO ADMINISTRATIVO,Contencioso Administrativo,5,2do Juzgado de Trabajo
00491-2026-0-2301-JR-LA-02,491,2026,PENDIENTE EN TRÁMITE,TOTAL PENDIENTES AL MES ANTERIOR,AUTO ADMISORIO,46118.65694,ORDINARIO,RESTABLECIMIENTO DEL DERECHO TUTELADO,Previsional,5,2do Juzgado de Trabajo
00654-2026-0-2301-JR-LA-02,654,2026,PENDIENTE EN TRÁMITE,TOTAL PENDIENTES AL MES ANTERIOR,AUTO ADMISORIO,46142.4875,ORDINARIO,RESTABLECIMIENTO DEL DERECHO TUTELADO,Previsional,5,2do Juzgado de Trabajo
00595-2026-0-2301-JR-LA-02,595,2026,PENDIENTE EN TRÁMITE,TOTAL PENDIENTES AL MES ANTERIOR,AUTO ADMISORIO,46140.63333,ORDINARIO,RESTABLECIMIENTO DEL DERECHO TUTELADO,Previsional,5,2do Juzgado de Trabajo
00578-2026-0-2301-JR-LA-03,578,2026,PENDIENTE EN TRÁMITE,TOTAL PENDIENTES AL MES ANTERIOR,AUTO ADMISORIO,46141.67014,ORDINARIO,RESTABLECIMIENTO DEL DERECHO TUTELADO,Previsional,5,2do Juzgado de Trabajo
00597-2026-0-2301-JR-LA-02,597,2026,PENDIENTE EN TRÁMITE,TOTAL PENDIENTES AL MES ANTERIOR,AUTO ADMISORIO,46133.33958,ORDINARIO,RESTABLECIMIENTO DEL DERECHO TUTELADO,Previsional,5,2do Juzgado de Trabajo
00531-2026-0-2301-JR-LA-02,531,2026,PENDIENTE EN TRÁMITE,TOTAL PENDIENTES AL MES ANTERIOR,AUTO ADMISORIO,46122.34514,ORDINARIO,DECLARACIÓN DE NULIDAD DE ACTOS ADMINISTRATIVOS,Previsional,5,2do Juzgado de Trabajo
00506-2026-0-2301-JR-LA-02,506,2026,PENDIENTE EN TRÁMITE,TOTAL PENDIENTES AL MES ANTERIOR,AUTO ADMISORIO,46118.65694,ORDINARIO,RESTABLECIMIENTO DEL DERECHO TUTELADO,Previsional,5,2do Juzgado de Trabajo
00658-2026-0-2301-JR-LA-02,658,2026,PENDIENTE EN TRÁMITE,TOTAL PENDIENTES AL MES ANTERIOR,AUTO ADMISORIO,46142.4875,ORDINARIO,RESTABLECIMIENTO DEL DERECHO TUTELADO,Previsional,5,2do Juzgado de Trabajo
00642-2026-0-2301-JR-LA-02,642,2026,PENDIENTE EN TRÁMITE,TOTAL PENDIENTES AL MES ANTERIOR,AUTO ADMISORIO,46141.34444,ORDINARIO,RECONOCIMIENTO DEL DERECHO TUTELADO,Previsional,5,2do Juzgado de Trabajo
00100-2026-0-2301-JR-LA-02,100,2026,PENDIENTE EN TRÁMITE,TOTAL PENDIENTES AL MES ANTERIOR,AUTO DE SANEAMIENTO QUE NO CONCLUYE EL PROCESO,46129.64444,ORDINARIO,DECLARACIÓN DE NULIDAD DE ACTOS ADMINISTRATIVOS,Previsional,5,2do Juzgado de Trabajo
00747-2026-0-2301-JR-LA-02,747,2026,NUEVOS ADMITIDOS,TOTAL INGRESOS A TRÁMITE,AUTO ADMISORIO,46161.33958,ORDINARIO,DECLARACIÓN DE NULIDAD DE ACTOS ADMINISTRATIVOS,Previsional,5,2do Juzgado de Trabajo
00705-2026-0-2301-JR-LA-02,705,2026,NUEVOS ADMITIDOS,TOTAL INGRESOS A TRÁMITE,AUTO ADMISORIO,46154.40208,ORDINARIO,RECONOCIMIENTO DEL DERECHO TUTELADO,Previsional,5,2do Juzgado de Trabajo
00684-2026-0-2301-JR-LA-01,684,2026,NUEVOS ADMITIDOS,TOTAL INGRESOS A TRÁMITE,AUTO ADMISORIO,46160.38264,ORDINARIO,RESTABLECIMIENTO DEL DERECHO TUTELADO,Previsional,5,2do Juzgado de Trabajo
00683-2026-0-2301-JR-LA-03,683,2026,NUEVOS ADMITIDOS,TOTAL INGRESOS A TRÁMITE,AUTO ADMISORIO,46160.62431,ORDINARIO,RESTABLECIMIENTO DEL DERECHO TUTELADO,Previsional,5,2do Juzgado de Trabajo
00554-2026-0-2301-JR-LA-04,554,2026,PENDIENTE EN TRÁMITE,TOTAL PENDIENTES AL MES ANTERIOR,AUTO ADMISORIO,46132.51736,ORDINARIO,RECONOCIMIENTO DEL DERECHO TUTELADO,Contencioso Administrativo,5,4to Juzgado de Trabajo
00534-2026-0-2301-JR-LA-04,534,2026,PENDIENTE EN TRÁMITE,TOTAL PENDIENTES AL MES ANTERIOR,AUTO ADMISORIO,46122.3375,ORDINARIO,RECONOCIMIENTO DEL DERECHO TUTELADO,Contencioso Administrativo,5,4to Juzgado de Trabajo
00459-2026-0-2301-JR-LA-04,459,2026,PENDIENTE EN TRÁMITE,TOTAL PENDIENTES AL MES ANTERIOR,AUTO ADMISORIO,46108.70833,ORDINARIO,RECONOCIMIENTO DEL DERECHO TUTELADO,Contencioso Administrativo,5,4to Juzgado de Trabajo
00622-2026-0-2301-JR-LA-04,622,2026,PENDIENTE EN TRÁMITE,TOTAL PENDIENTES AL MES ANTERIOR,AUTO ADMISORIO,46135.67639,URGENTE,CUMPLIMIENTO DE ACTUACIONES DISPUESTA POR ACTO ADMINISTRATIVO,Contencioso Administrativo,5,4to Juzgado de Trabajo
00356-2026-0-2301-JR-LA-04,356,2026,PENDIENTE EN TRÁMITE,TOTAL PENDIENTES AL MES ANTERIOR,AUTO ADMISORIO,46104.65069,ORDINARIO,RECONOCIMIENTO DEL DERECHO TUTELADO,Contencioso Administrativo,5,4to Juzgado de Trabajo
00373-2026-0-2301-JR-LA-04,373,2026,PENDIENTE EN TRÁMITE,TOTAL PENDIENTES AL MES ANTERIOR,AUTO ADMISORIO,46101.50417,ORDINARIO,DECLARACIÓN DE NULIDAD DE ACTOS ADMINISTRATIVOS,Contencioso Administrativo,5,4to Juzgado de Trabajo
00260-2026-0-2301-JR-LA-04,260,2026,PENDIENTE EN TRÁMITE,TOTAL PENDIENTES AL MES ANTERIOR,AUTO ADMISORIO,46119.7,ORDINARIO,DECLARACIÓN DE NULIDAD DE ACTOS ADMINISTRATIVOS,Contencioso Administrativo,5,4to Juzgado de Trabajo
00469-2026-0-2301-JR-LA-04,469,2026,PENDIENTE EN TRÁMITE,TOTAL PENDIENTES AL MES ANTERIOR,AUTO ADMISORIO,46118.34583,ORDINARIO,RECONOCIMIENTO DEL DERECHO TUTELADO,Contencioso Administrativo,5,4to Juzgado de Trabajo
00154-2026-0-2301-JR-LA-04,154,2026,PENDIENTE EN TRÁMITE,TOTAL PENDIENTES AL MES ANTERIOR,AUTO ADMISORIO,46077.67639,ORDINARIO,CUMPLIMIENTO DE ACTUACIONES DISPUESTA POR ACTO ADMINISTRATIVO,Contencioso Administrativo,5,4to Juzgado de Trabajo
00390-2026-0-2301-JR-LA-04,390,2026,PENDIENTE EN TRÁMITE,TOTAL PENDIENTES AL MES ANTERIOR,AUTO ADMISORIO,46104.65069,ORDINARIO,DECLARACIÓN DE NULIDAD DE ACTOS ADMINISTRATIVOS,Contencioso Administrativo,5,4to Juzgado de Trabajo
00445-2026-0-2301-JR-LA-04,445,2026,PENDIENTE EN TRÁMITE,TOTAL PENDIENTES AL MES ANTERIOR,AUTO ADMISORIO,46125.66736,ORDINARIO,RECONOCIMIENTO DEL DERECHO TUTELADO,Contencioso Administrativo,5,4to Juzgado de Trabajo
00106-2026-0-2301-JR-LA-04,106,2026,PENDIENTE EN TRÁMITE,TOTAL PENDIENTES AL MES ANTERIOR,AUTO ADMISORIO,46099.83264,ORDINARIO,DECLARACIÓN DE NULIDAD DE ACTOS ADMINISTRATIVOS,Contencioso Administrativo,5,4to Juzgado de Trabajo
00479-2026-0-2301-JR-LA-04,479,2026,PENDIENTE EN TRÁMITE,TOTAL PENDIENTES AL MES ANTERIOR,AUTO ADMISORIO,46118.34653,ORDINARIO,DECLARACIÓN DE NULIDAD DE ACTOS ADMINISTRATIVOS,Contencioso Administrativo,5,4to Juzgado de Trabajo
00584-2026-0-2301-JR-LA-03,584,2026,PENDIENTE EN TRÁMITE,TOTAL PENDIENTES AL MES ANTERIOR,AUTO ADMISORIO,46141.66806,ORDINARIO,RECONOCIMIENTO DEL DERECHO TUTELADO,Contencioso Administrativo,5,4to Juzgado de Trabajo
00268-2026-0-2301-JR-LA-04,268,2026,PENDIENTE EN TRÁMITE,TOTAL PENDIENTES AL MES ANTERIOR,AUTO ADMISORIO,46105.51042,ORDINARIO,DECLARACIÓN DE NULIDAD DE ACTOS ADMINISTRATIVOS,Contencioso Administrativo,5,4to Juzgado de Trabajo
00484-2026-0-2301-JR-LA-04,484,2026,PENDIENTE EN TRÁMITE,TOTAL PENDIENTES AL MES ANTERIOR,AUTO ADMISORIO,46118.34306,ORDINARIO,DECLARACIÓN DE NULIDAD DE ACTOS ADMINISTRATIVOS,Contencioso Administrativo,5,4to Juzgado de Trabajo
00520-2026-0-2301-JR-LA-04,520,2026,PENDIENTE EN TRÁMITE,TOTAL PENDIENTES AL MES ANTERIOR,AUTO ADMISORIO,46125.66736,ORDINARIO,RECONOCIMIENTO DEL DERECHO TUTELADO,Contencioso Administrativo,5,4to Juzgado de Trabajo
00783-2016-0-2301-JR-LA-02,783,2016,PENDIENTE EN TRÁMITE,TOTAL PENDIENTES AL MES ANTERIOR,RECEPCION  EN DEPENDENCIA POR APELACION - DEVOLUCION,46035.52986,ORDINARIO,RECONOCIMIENTO DEL DERECHO TUTELADO,Contencioso Administrativo,5,4to Juzgado de Trabajo
01728-2024-0-2301-JR-LA-01,1728,2024,PENDIENTE EN TRÁMITE,TOTAL PENDIENTES AL MES ANTERIOR,RECEPCION  EN DEPENDENCIA POR APELACION - DEVOLUCION,46140.47917,ORDINARIO,RECONOCIMIENTO DEL DERECHO TUTELADO,Contencioso Administrativo,5,4to Juzgado de Trabajo
00423-2026-0-2301-JR-LA-03,423,2026,PENDIENTE EN TRÁMITE,TOTAL PENDIENTES AL MES ANTERIOR,AUTO ADMISORIO,46129.35625,ORDINARIO,RECONOCIMIENTO DEL DERECHO TUTELADO,Contencioso Administrativo,5,4to Juzgado de Trabajo
00645-2026-0-2301-JR-LA-04,645,2026,PENDIENTE EN TRÁMITE,TOTAL PENDIENTES AL MES ANTERIOR,AUTO ADMISORIO,46140.68264,ORDINARIO,RECONOCIMIENTO DEL DERECHO TUTELADO,Contencioso Administrativo,5,4to Juzgado de Trabajo
00449-2026-0-2301-JR-LA-03,449,2026,PENDIENTE EN TRÁMITE,TOTAL PENDIENTES AL MES ANTERIOR,AUTO ADMISORIO,46133.67708,ORDINARIO,RECONOCIMIENTO DEL DERECHO TUTELADO,Contencioso Administrativo,5,4to Juzgado de Trabajo
00618-2026-0-2301-JR-LA-04,618,2026,PENDIENTE EN TRÁMITE,TOTAL PENDIENTES AL MES ANTERIOR,AUTO ADMISORIO,46135.67708,ORDINARIO,RECONOCIMIENTO DEL DERECHO TUTELADO,Contencioso Administrativo,5,4to Juzgado de Trabajo
00304-2026-0-2301-JR-LA-04,304,2026,PENDIENTE EN TRÁMITE,TOTAL PENDIENTES AL MES ANTERIOR,AUTO ADMISORIO,46112.675,ORDINARIO,DECLARACIÓN DE NULIDAD DE ACTOS ADMINISTRATIVOS,Contencioso Administrativo,5,4to Juzgado de Trabajo
00542-2026-0-2301-JR-LA-04,542,2026,PENDIENTE EN TRÁMITE,TOTAL PENDIENTES AL MES ANTERIOR,AUTO ADMISORIO,46122.66389,ORDINARIO,DECLARACIÓN DE NULIDAD DE ACTOS ADMINISTRATIVOS,Contencioso Administrativo,5,4to Juzgado de Trabajo
00498-2026-0-2301-JR-LA-04,498,2026,PENDIENTE EN TRÁMITE,TOTAL PENDIENTES AL MES ANTERIOR,AUTO ADMISORIO,46139.56111,ORDINARIO,DECLARACIÓN DE NULIDAD DE ACTOS ADMINISTRATIVOS,Contencioso Administrativo,5,4to Juzgado de Trabajo
00759-2025-0-2301-JR-LA-04,759,2025,PENDIENTE EN TRÁMITE,TOTAL PENDIENTES AL MES ANTERIOR,CONTINUA EN TRAMITE (1RA INSTANCIA) (INV.202501),46003.69167,ORDINARIO,DECLARACIÓN DE NULIDAD DE ACTOS ADMINISTRATIVOS,Contencioso Administrativo,5,4to Juzgado de Trabajo
00606-2026-0-2301-JR-LA-04,606,2026,PENDIENTE EN TRÁMITE,TOTAL PENDIENTES AL MES ANTERIOR,AUTO ADMISORIO,46134.34028,ORDINARIO,DECLARACIÓN DE NULIDAD DE ACTOS ADMINISTRATIVOS,Contencioso Administrativo,5,4to Juzgado de Trabajo
01656-2025-0-2301-JR-LA-01,1656,2025,PENDIENTE EN TRÁMITE,TOTAL PENDIENTES AL MES ANTERIOR,CONTINUA EN TRAMITE (1RA INSTANCIA),45995.70833,URGENTE,CUMPLIMIENTO DE ACTUACIONES DISPUESTA POR ACTO ADMINISTRATIVO,Contencioso Administrativo,5,4to Juzgado de Trabajo
00585-2026-0-2301-JR-LA-01,585,2026,PENDIENTE EN TRÁMITE,TOTAL PENDIENTES AL MES ANTERIOR,AUTO ADMISORIO,46141.66806,ORDINARIO,RECONOCIMIENTO DEL DERECHO TUTELADO,Contencioso Administrativo,5,4to Juzgado de Trabajo
00496-2026-0-2301-JR-LA-04,496,2026,PENDIENTE EN TRÁMITE,TOTAL PENDIENTES AL MES ANTERIOR,AUTO ADMISORIO,46118.34514,ORDINARIO,DECLARACIÓN DE NULIDAD DE ACTOS ADMINISTRATIVOS,Contencioso Administrativo,5,4to Juzgado de Trabajo
00556-2026-0-2301-JR-LA-04,556,2026,PENDIENTE EN TRÁMITE,TOTAL PENDIENTES AL MES ANTERIOR,AUTO ADMISORIO,46129.64931,ORDINARIO,RECONOCIMIENTO DEL DERECHO TUTELADO,Contencioso Administrativo,5,4to Juzgado de Trabajo
00636-2026-0-2301-JR-LA-04,636,2026,PENDIENTE EN TRÁMITE,TOTAL PENDIENTES AL MES ANTERIOR,AUTO ADMISORIO,46140.36736,ORDINARIO,DECLARACIÓN DE INEFICACIA DE ACTOS ADMINISTRATIVOS,Contencioso Administrativo,5,4to Juzgado de Trabajo
00145-2026-0-2301-JR-LA-04,145,2026,PENDIENTE EN TRÁMITE,TOTAL PENDIENTES AL MES ANTERIOR,AUTO ADMISORIO,46086.68819,ORDINARIO,RESTABLECIMIENTO DEL DERECHO TUTELADO,Contencioso Administrativo,5,4to Juzgado de Trabajo
00518-2026-0-2301-JR-LA-04,518,2026,PENDIENTE EN TRÁMITE,TOTAL PENDIENTES AL MES ANTERIOR,AUTO ADMISORIO,46139.56042,ORDINARIO,DECLARACIÓN DE NULIDAD DE ACTOS ADMINISTRATIVOS,Contencioso Administrativo,5,4to Juzgado de Trabajo
00482-2026-0-2301-JR-LA-04,482,2026,PENDIENTE EN TRÁMITE,TOTAL PENDIENTES AL MES ANTERIOR,AUTO ADMISORIO,46118.34375,ORDINARIO,DECLARACIÓN DE NULIDAD DE ACTOS ADMINISTRATIVOS,Contencioso Administrativo,5,4to Juzgado de Trabajo
01213-2025-0-2301-JR-LA-04,1213,2025,PENDIENTE EN TRÁMITE,TOTAL PENDIENTES AL MES ANTERIOR,CONTINUA EN TRAMITE (1RA INSTANCIA) (INV.202501),45922.71319,ORDINARIO,RESTABLECIMIENTO DEL DERECHO TUTELADO,Contencioso Administrativo,5,4to Juzgado de Trabajo
00292-2026-0-2301-JR-CI-04,292,2026,PENDIENTE EN TRÁMITE,TOTAL PENDIENTES AL MES ANTERIOR,AUTO ADMISORIO,46121.70833,ORDINARIO,DECLARACIÓN DE NULIDAD DE ACTOS ADMINISTRATIVOS,Contencioso Administrativo,5,4to Juzgado de Trabajo
00443-2026-0-2301-JR-LA-04,443,2026,PENDIENTE EN TRÁMITE,TOTAL PENDIENTES AL MES ANTERIOR,AUTO ADMISORIO,46118.67708,ORDINARIO,RESTABLECIMIENTO DEL DERECHO TUTELADO,Contencioso Administrativo,5,4to Juzgado de Trabajo
00212-2026-0-2301-JR-LA-04,212,2026,PENDIENTE EN TRÁMITE,TOTAL PENDIENTES AL MES ANTERIOR,AUTO ADMISORIO,46105.51042,ORDINARIO,RECONOCIMIENTO DEL DERECHO TUTELADO,Contencioso Administrativo,5,4to Juzgado de Trabajo
00549-2026-0-2301-JR-LA-04,549,2026,PENDIENTE EN TRÁMITE,TOTAL PENDIENTES AL MES ANTERIOR,AUTO ADMISORIO,46125.38472,ORDINARIO,DECLARACIÓN DE INEFICACIA DE ACTOS ADMINISTRATIVOS,Contencioso Administrativo,5,4to Juzgado de Trabajo
00538-2026-0-2301-JR-LA-04,538,2026,PENDIENTE EN TRÁMITE,TOTAL PENDIENTES AL MES ANTERIOR,AUTO ADMISORIO,46122.66319,ORDINARIO,DECLARACIÓN DE NULIDAD DE ACTOS ADMINISTRATIVOS,Contencioso Administrativo,5,4to Juzgado de Trabajo
00594-2026-0-2301-JR-LA-04,594,2026,PENDIENTE EN TRÁMITE,TOTAL PENDIENTES AL MES ANTERIOR,AUTO ADMISORIO,46132.51736,ORDINARIO,RECONOCIMIENTO DEL DERECHO TUTELADO,Contencioso Administrativo,5,4to Juzgado de Trabajo
00620-2026-0-2301-JR-LA-04,620,2026,PENDIENTE EN TRÁMITE,TOTAL PENDIENTES AL MES ANTERIOR,AUTO ADMISORIO,46142.54097,ORDINARIO,DECLARACIÓN DE NULIDAD DE ACTOS ADMINISTRATIVOS,Contencioso Administrativo,5,4to Juzgado de Trabajo
00098-2026-0-2301-JR-LA-04,98,2026,PENDIENTE EN TRÁMITE,TOTAL PENDIENTES AL MES ANTERIOR,AUTO ADMISORIO,46052.50972,ORDINARIO,RECONOCIMIENTO DEL DERECHO TUTELADO,Contencioso Administrativo,5,4to Juzgado de Trabajo
00604-2026-0-2301-JR-LA-04,604,2026,PENDIENTE EN TRÁMITE,TOTAL PENDIENTES AL MES ANTERIOR,AUTO ADMISORIO,46134.34028,ORDINARIO,DECLARACIÓN DE NULIDAD DE ACTOS ADMINISTRATIVOS,Contencioso Administrativo,5,4to Juzgado de Trabajo
00611-2026-0-2301-JR-LA-04,611,2026,PENDIENTE EN TRÁMITE,TOTAL PENDIENTES AL MES ANTERIOR,AUTO ADMISORIO,46140.68333,ORDINARIO,CUMPLIMIENTO DE ACTUACIONES DISPUESTA POR LEY,Contencioso Administrativo,5,4to Juzgado de Trabajo
01868-2025-0-2301-JR-LA-04,1868,2025,PENDIENTE EN TRÁMITE,TOTAL PENDIENTES AL MES ANTERIOR,CONTINUA EN TRAMITE (1RA INSTANCIA) (INV.202501),46015.61944,ORDINARIO,RECONOCIMIENTO DEL DERECHO TUTELADO,Contencioso Administrativo,5,4to Juzgado de Trabajo
00602-2026-0-2301-JR-LA-04,602,2026,PENDIENTE EN TRÁMITE,TOTAL PENDIENTES AL MES ANTERIOR,AUTO ADMISORIO,46134.65556,ORDINARIO,DECLARACIÓN DE NULIDAD DE ACTOS ADMINISTRATIVOS,Contencioso Administrativo,5,4to Juzgado de Trabajo
00598-2026-0-2301-JR-LA-04,598,2026,PENDIENTE EN TRÁMITE,TOTAL PENDIENTES AL MES ANTERIOR,AUTO ADMISORIO,46139.56111,ORDINARIO,DECLARACIÓN DE NULIDAD DE ACTOS ADMINISTRATIVOS,Contencioso Administrativo,5,4to Juzgado de Trabajo
00577-2026-0-2301-JR-LA-04,577,2026,PENDIENTE EN TRÁMITE,TOTAL PENDIENTES AL MES ANTERIOR,AUTO ADMISORIO,46129.35764,ORDINARIO,DECLARACIÓN DE NULIDAD DE ACTOS ADMINISTRATIVOS,Contencioso Administrativo,5,4to Juzgado de Trabajo
00581-2026-0-2301-JR-LA-01,581,2026,PENDIENTE EN TRÁMITE,TOTAL PENDIENTES AL MES ANTERIOR,AUTO ADMISORIO,46141.66806,ORDINARIO,RECONOCIMIENTO DEL DERECHO TUTELADO,Contencioso Administrativo,5,4to Juzgado de Trabajo
00643-2026-0-2301-JR-LA-04,643,2026,PENDIENTE EN TRÁMITE,TOTAL PENDIENTES AL MES ANTERIOR,AUTO ADMISORIO,46140.39792,ORDINARIO,RECONOCIMIENTO DEL DERECHO TUTELADO,Contencioso Administrativo,5,4to Juzgado de Trabajo
00486-2026-0-2301-JR-LA-04,486,2026,PENDIENTE EN TRÁMITE,TOTAL PENDIENTES AL MES ANTERIOR,AUTO ADMISORIO,46125.66736,ORDINARIO,RECONOCIMIENTO DEL DERECHO TUTELADO,Contencioso Administrativo,5,4to Juzgado de Trabajo
00592-2026-0-2301-JR-LA-04,592,2026,PENDIENTE EN TRÁMITE,TOTAL PENDIENTES AL MES ANTERIOR,AUTO ADMISORIO,46132.51736,ORDINARIO,RECONOCIMIENTO DEL DERECHO TUTELADO,Contencioso Administrativo,5,4to Juzgado de Trabajo
00326-2026-0-2301-JR-LA-04,326,2026,PENDIENTE EN TRÁMITE,TOTAL PENDIENTES AL MES ANTERIOR,AUTO ADMISORIO,46104.65,ORDINARIO,CUMPLIMIENTO DE ACTUACIONES DISPUESTA POR ACTO ADMINISTRATIVO,Contencioso Administrativo,5,4to Juzgado de Trabajo
00245-2026-0-2301-JR-LA-04,245,2026,PENDIENTE EN TRÁMITE,TOTAL PENDIENTES AL MES ANTERIOR,AUTO ADMISORIO,46087.53194,ORDINARIO,RECONOCIMIENTO DEL DERECHO TUTELADO,Contencioso Administrativo,5,4to Juzgado de Trabajo
00216-2026-0-2301-JR-LA-04,216,2026,PENDIENTE EN TRÁMITE,TOTAL PENDIENTES AL MES ANTERIOR,AUTO ADMISORIO,46104.70139,ORDINARIO,RECONOCIMIENTO DEL DERECHO TUTELADO,Contencioso Administrativo,5,4to Juzgado de Trabajo
00655-2026-0-2301-JR-LA-04,655,2026,PENDIENTE EN TRÁMITE,TOTAL PENDIENTES AL MES ANTERIOR,AUTO ADMISORIO,46141.66806,ORDINARIO,RECONOCIMIENTO DEL DERECHO TUTELADO,Contencioso Administrativo,5,4to Juzgado de Trabajo
01567-2025-0-2301-JR-LA-03,1567,2025,PENDIENTE EN TRÁMITE,TOTAL PENDIENTES AL MES ANTERIOR,CONTINUA EN TRAMITE (1RA INSTANCIA),45992.34653,ORDINARIO,RECONOCIMIENTO DEL DERECHO TUTELADO,Contencioso Administrativo,5,4to Juzgado de Trabajo
00609-2026-0-2301-JR-LA-04,609,2026,PENDIENTE EN TRÁMITE,TOTAL PENDIENTES AL MES ANTERIOR,AUTO ADMISORIO,46134.34028,URGENTE,CUMPLIMIENTO DE ACTUACIONES DISPUESTA POR ACTO ADMINISTRATIVO,Contencioso Administrativo,5,4to Juzgado de Trabajo
00978-2025-0-2301-JR-LA-04,978,2025,PENDIENTE EN TRÁMITE,TOTAL PENDIENTES AL MES ANTERIOR,RECEPCION  EN DEPENDENCIA POR APELACION - DEVOLUCION,46037.65972,ORDINARIO,DECLARACIÓN DE NULIDAD DE ACTOS ADMINISTRATIVOS,Contencioso Administrativo,5,4to Juzgado de Trabajo
00471-2026-0-2301-JR-LA-04,471,2026,PENDIENTE EN TRÁMITE,TOTAL PENDIENTES AL MES ANTERIOR,AUTO ADMISORIO,46118.34583,ORDINARIO,DECLARACIÓN DE NULIDAD DE ACTOS ADMINISTRATIVOS,Contencioso Administrativo,5,4to Juzgado de Trabajo
01657-2025-0-2301-JR-LA-03,1657,2025,PENDIENTE EN TRÁMITE,TOTAL PENDIENTES AL MES ANTERIOR,CONTINUA EN TRAMITE (1RA INSTANCIA),46002.55208,ORDINARIO,RECONOCIMIENTO DEL DERECHO TUTELADO,Contencioso Administrativo,5,4to Juzgado de Trabajo
01522-2025-0-2301-JR-LA-04,1522,2025,PENDIENTE EN TRÁMITE,TOTAL PENDIENTES AL MES ANTERIOR,RECEPCION  EN DEPENDENCIA POR APELACION - DEVOLUCION,46141.69444,URGENTE,CUMPLIMIENTO DE ACTUACIONES DISPUESTA POR ACTO ADMINISTRATIVO,Contencioso Administrativo,5,4to Juzgado de Trabajo
00650-2026-0-2301-JR-LA-04,650,2026,PENDIENTE EN TRÁMITE,TOTAL PENDIENTES AL MES ANTERIOR,AUTO ADMISORIO,46140.68333,ORDINARIO,CUMPLIMIENTO DE ACTUACIONES DISPUESTA POR LEY,Contencioso Administrativo,5,4to Juzgado de Trabajo
00396-2026-0-2301-JR-LA-04,396,2026,PENDIENTE EN TRÁMITE,TOTAL PENDIENTES AL MES ANTERIOR,AUTO ADMISORIO,46119.7,ORDINARIO,DECLARACIÓN DE NULIDAD DE ACTOS ADMINISTRATIVOS,Contencioso Administrativo,5,4to Juzgado de Trabajo
00613-2026-0-2301-JR-LA-04,613,2026,PENDIENTE EN TRÁMITE,TOTAL PENDIENTES AL MES ANTERIOR,AUTO ADMISORIO,46134.65556,ORDINARIO,RECONOCIMIENTO DEL DERECHO TUTELADO,Contencioso Administrativo,5,4to Juzgado de Trabajo
00536-2026-0-2301-JR-LA-04,536,2026,PENDIENTE EN TRÁMITE,TOTAL PENDIENTES AL MES ANTERIOR,AUTO ADMISORIO,46139.55972,ORDINARIO,RECONOCIMIENTO DEL DERECHO TUTELADO,Contencioso Administrativo,5,4to Juzgado de Trabajo
00590-2026-0-2301-JR-LA-04,590,2026,PENDIENTE EN TRÁMITE,TOTAL PENDIENTES AL MES ANTERIOR,AUTO ADMISORIO,46139.56042,ORDINARIO,DECLARACIÓN DE NULIDAD DE ACTOS ADMINISTRATIVOS,Contencioso Administrativo,5,4to Juzgado de Trabajo
01295-2025-0-2301-JR-LA-04,1295,2025,PENDIENTE EN TRÁMITE,TOTAL PENDIENTES AL MES ANTERIOR,RECEPCION  EN DEPENDENCIA POR APELACION - DEVOLUCION,46119.38542,ORDINARIO,DECLARACIÓN DE NULIDAD DE ACTOS ADMINISTRATIVOS,Contencioso Administrativo,5,4to Juzgado de Trabajo
00502-2026-0-2301-JR-LA-04,502,2026,PENDIENTE EN TRÁMITE,TOTAL PENDIENTES AL MES ANTERIOR,AUTO ADMISORIO,46120.60833,ORDINARIO,RECONOCIMIENTO DEL DERECHO TUTELADO,Contencioso Administrativo,5,4to Juzgado de Trabajo
00448-2026-0-2301-JR-LA-01,448,2026,PENDIENTE EN TRÁMITE,TOTAL PENDIENTES AL MES ANTERIOR,AUTO ADMISORIO,46127.675,ORDINARIO,RECONOCIMIENTO DEL DERECHO TUTELADO,Contencioso Administrativo,5,4to Juzgado de Trabajo
00350-2026-0-2301-JR-LA-04,350,2026,PENDIENTE EN TRÁMITE,TOTAL PENDIENTES AL MES ANTERIOR,AUTO ADMISORIO,46099.83125,ORDINARIO,RECONOCIMIENTO DEL DERECHO TUTELADO,Contencioso Administrativo,5,4to Juzgado de Trabajo
00452-2026-0-2301-JR-LA-01,452,2026,PENDIENTE EN TRÁMITE,TOTAL PENDIENTES AL MES ANTERIOR,AUTO ADMISORIO,46139.56042,ORDINARIO,RECONOCIMIENTO DEL DERECHO TUTELADO,Contencioso Administrativo,5,4to Juzgado de Trabajo
01324-2025-0-2301-JR-LA-02,1324,2025,PENDIENTE EN TRÁMITE,TOTAL PENDIENTES AL MES ANTERIOR,CONTINUA EN TRAMITE (1RA INSTANCIA),45971.50625,ORDINARIO,RECONOCIMIENTO DEL DERECHO TUTELADO,Contencioso Administrativo,5,4to Juzgado de Trabajo
00504-2026-0-2301-JR-LA-04,504,2026,PENDIENTE EN TRÁMITE,TOTAL PENDIENTES AL MES ANTERIOR,AUTO ADMISORIO,46118.34514,ORDINARIO,DECLARACIÓN DE NULIDAD DE ACTOS ADMINISTRATIVOS,Contencioso Administrativo,5,4to Juzgado de Trabajo
00631-2026-0-2301-JR-LA-04,631,2026,PENDIENTE EN TRÁMITE,TOTAL PENDIENTES AL MES ANTERIOR,AUTO ADMISORIO,46140.68333,ORDINARIO,RECONOCIMIENTO DEL DERECHO TUTELADO,Contencioso Administrativo,5,4to Juzgado de Trabajo
00578-2025-0-2301-JR-LA-04,578,2025,PENDIENTE EN TRÁMITE,TOTAL PENDIENTES AL MES ANTERIOR,RECEPCION  DE SENTENCIA DE VISTA QUE ANULA A TRAMITE (INV.202501),46038.46042,ORDINARIO,DECLARACIÓN DE NULIDAD DE ACTOS ADMINISTRATIVOS,Contencioso Administrativo,5,4to Juzgado de Trabajo
00587-2026-0-2301-JR-LA-04,587,2026,PENDIENTE EN TRÁMITE,TOTAL PENDIENTES AL MES ANTERIOR,AUTO ADMISORIO,46134.70347,ORDINARIO,RECONOCIMIENTO DEL DERECHO TUTELADO,Contencioso Administrativo,5,4to Juzgado de Trabajo
00422-2026-0-2301-JR-LA-04,422,2026,PENDIENTE EN TRÁMITE,TOTAL PENDIENTES AL MES ANTERIOR,AUTO DE SANEAMIENTO QUE NO CONCLUYE EL PROCESO,46129.73472,ORDINARIO,DECLARACIÓN DE NULIDAD DE ACTOS ADMINISTRATIVOS,Contencioso Administrativo,5,4to Juzgado de Trabajo
00254-2026-0-2301-JR-LA-04,254,2026,PENDIENTE EN TRÁMITE,TOTAL PENDIENTES AL MES ANTERIOR,AUTO DE SANEAMIENTO QUE NO CONCLUYE EL PROCESO,46119.65833,ORDINARIO,DECLARACIÓN DE NULIDAD DE ACTOS ADMINISTRATIVOS,Contencioso Administrativo,5,4to Juzgado de Trabajo
00206-2026-0-2301-JR-LA-04,206,2026,PENDIENTE EN TRÁMITE,TOTAL PENDIENTES AL MES ANTERIOR,DECRETO PUESTO A DESPACHO PARA SENTENCIAR(ULTIMA SENTENCIA),46142.70417,ORDINARIO,RECONOCIMIENTO DEL DERECHO TUTELADO,Contencioso Administrativo,5,4to Juzgado de Trabajo
00113-2026-0-2301-JR-LA-03,113,2026,PENDIENTE EN TRÁMITE,TOTAL PENDIENTES AL MES ANTERIOR,AUTO DE SANEAMIENTO QUE NO CONCLUYE EL PROCESO,46106.33958,ORDINARIO,RECONOCIMIENTO DEL DERECHO TUTELADO,Contencioso Administrativo,5,4to Juzgado de Trabajo
00515-2026-0-2301-JR-LA-04,515,2026,PENDIENTE EN TRÁMITE,TOTAL PENDIENTES AL MES ANTERIOR,AUTO DE SANEAMIENTO QUE NO CONCLUYE EL PROCESO,46140.73125,ORDINARIO,RECONOCIMIENTO DEL DERECHO TUTELADO,Contencioso Administrativo,5,4to Juzgado de Trabajo
00358-2026-0-2301-JR-LA-04,358,2026,PENDIENTE EN TRÁMITE,TOTAL PENDIENTES AL MES ANTERIOR,AUTO DE SANEAMIENTO QUE NO CONCLUYE EL PROCESO,46139.72083,ORDINARIO,RECONOCIMIENTO DEL DERECHO TUTELADO,Contencioso Administrativo,5,4to Juzgado de Trabajo
00299-2026-0-2301-JR-LA-03,299,2026,PENDIENTE EN TRÁMITE,TOTAL PENDIENTES AL MES ANTERIOR,AUTO DE SANEAMIENTO QUE NO CONCLUYE EL PROCESO,46132.31528,ORDINARIO,RECONOCIMIENTO DEL DERECHO TUTELADO,Contencioso Administrativo,5,4to Juzgado de Trabajo
00142-2026-0-2301-JR-LA-04,142,2026,PENDIENTE EN TRÁMITE,TOTAL PENDIENTES AL MES ANTERIOR,AUTO DE SANEAMIENTO QUE NO CONCLUYE EL PROCESO,46087.71181,ORDINARIO,RECONOCIMIENTO DEL DERECHO TUTELADO,Contencioso Administrativo,5,4to Juzgado de Trabajo
00431-2026-0-2301-JR-LA-04,431,2026,PENDIENTE EN TRÁMITE,TOTAL PENDIENTES AL MES ANTERIOR,AUTO DE SANEAMIENTO QUE NO CONCLUYE EL PROCESO,46135.69236,ORDINARIO,DECLARACIÓN DE NULIDAD DE ACTOS ADMINISTRATIVOS,Contencioso Administrativo,5,4to Juzgado de Trabajo
00085-2026-0-2301-JR-LA-04,85,2026,PENDIENTE EN TRÁMITE,TOTAL PENDIENTES AL MES ANTERIOR,AUTO DE SANEAMIENTO QUE NO CONCLUYE EL PROCESO,46064.70069,ORDINARIO,RECONOCIMIENTO DEL DERECHO TUTELADO,Contencioso Administrativo,5,4to Juzgado de Trabajo
00172-2026-0-2301-JR-LA-04,172,2026,PENDIENTE EN TRÁMITE,TOTAL PENDIENTES AL MES ANTERIOR,AUTO DE SANEAMIENTO QUE NO CONCLUYE EL PROCESO,46100.68611,ORDINARIO,CUMPLIMIENTO DE ACTUACIONES DISPUESTA POR ACTO ADMINISTRATIVO,Contencioso Administrativo,5,4to Juzgado de Trabajo
02380-2025-0-2301-JR-CI-01,2380,2025,PENDIENTE EN TRÁMITE,TOTAL PENDIENTES AL MES ANTERIOR,AUTO DE SANEAMIENTO QUE NO CONCLUYE EL PROCESO (INV.202501),46121.6625,ORDINARIO,RECONOCIMIENTO DEL DERECHO TUTELADO,Contencioso Administrativo,5,4to Juzgado de Trabajo
00158-2026-0-2301-JR-LA-04,158,2026,PENDIENTE EN TRÁMITE,TOTAL PENDIENTES AL MES ANTERIOR,AUTO DE SANEAMIENTO QUE NO CONCLUYE EL PROCESO,46104.73819,ORDINARIO,RECONOCIMIENTO DEL DERECHO TUTELADO,Contencioso Administrativo,5,4to Juzgado de Trabajo
00091-2026-0-2301-JR-LA-04,91,2026,PENDIENTE EN TRÁMITE,TOTAL PENDIENTES AL MES ANTERIOR,AUTO DE SANEAMIENTO QUE NO CONCLUYE EL PROCESO,46093.37639,ORDINARIO,RECONOCIMIENTO DEL DERECHO TUTELADO,Contencioso Administrativo,5,4to Juzgado de Trabajo
00367-2026-0-2301-JR-LA-04,367,2026,PENDIENTE EN TRÁMITE,TOTAL PENDIENTES AL MES ANTERIOR,AUTO DE SANEAMIENTO QUE NO CONCLUYE EL PROCESO,46128.65833,ORDINARIO,DECLARACIÓN DE NULIDAD DE ACTOS ADMINISTRATIVOS,Contencioso Administrativo,5,4to Juzgado de Trabajo
01825-2025-0-2301-JR-LA-04,1825,2025,PENDIENTE EN TRÁMITE,TOTAL PENDIENTES AL MES ANTERIOR,AUTO DE SANEAMIENTO QUE NO CONCLUYE EL PROCESO (INV.202501),46100.67708,ORDINARIO,DECLARACIÓN DE NULIDAD DE ACTOS ADMINISTRATIVOS,Contencioso Administrativo,5,4to Juzgado de Trabajo
00469-2025-0-2301-JR-LA-04,469,2025,PENDIENTE EN TRÁMITE,TOTAL PENDIENTES AL MES ANTERIOR,AUTO DE SANEAMIENTO QUE NO CONCLUYE EL PROCESO,46107.71597,ORDINARIO,DECLARACIÓN DE NULIDAD DE ACTOS ADMINISTRATIVOS,Contencioso Administrativo,5,4to Juzgado de Trabajo
01335-2025-0-2301-JR-LA-04,1335,2025,PENDIENTE EN TRÁMITE,TOTAL PENDIENTES AL MES ANTERIOR,CONTINUA EN TRAMITE (POR SENTENCIAR),45965.40903,ORDINARIO,DECLARACIÓN DE NULIDAD DE ACTOS ADMINISTRATIVOS,Contencioso Administrativo,5,4to Juzgado de Trabajo
00120-2026-0-2301-JR-LA-04,120,2026,PENDIENTE EN TRÁMITE,TOTAL PENDIENTES AL MES ANTERIOR,AUTO DE SANEAMIENTO QUE NO CONCLUYE EL PROCESO,46100.67847,ORDINARIO,RESTABLECIMIENTO DEL DERECHO TUTELADO,Contencioso Administrativo,5,4to Juzgado de Trabajo
00308-2026-0-2301-JR-LA-04,308,2026,PENDIENTE EN TRÁMITE,TOTAL PENDIENTES AL MES ANTERIOR,AUTO DE SANEAMIENTO QUE NO CONCLUYE EL PROCESO,46139.71875,ORDINARIO,RECONOCIMIENTO DEL DERECHO TUTELADO,Contencioso Administrativo,5,4to Juzgado de Trabajo
00411-2026-0-2301-JR-LA-04,411,2026,PENDIENTE EN TRÁMITE,TOTAL PENDIENTES AL MES ANTERIOR,AUTO DE SANEAMIENTO QUE NO CONCLUYE EL PROCESO,46127.70764,ORDINARIO,RECONOCIMIENTO DEL DERECHO TUTELADO,Contencioso Administrativo,5,4to Juzgado de Trabajo
00522-2026-0-2301-JR-LA-04,522,2026,PENDIENTE EN TRÁMITE,TOTAL PENDIENTES AL MES ANTERIOR,AUTO DE SANEAMIENTO QUE NO CONCLUYE EL PROCESO,46141.69653,ORDINARIO,DECLARACIÓN DE NULIDAD DE ACTOS ADMINISTRATIVOS,Contencioso Administrativo,5,4to Juzgado de Trabajo
02386-2025-0-2301-JR-CI-02,2386,2025,PENDIENTE EN TRÁMITE,TOTAL PENDIENTES AL MES ANTERIOR,AUTO DE SANEAMIENTO QUE NO CONCLUYE EL PROCESO,46093.65069,ORDINARIO,DECLARACIÓN DE NULIDAD DE ACTOS ADMINISTRATIVOS,Contencioso Administrativo,5,4to Juzgado de Trabajo
00513-2026-0-2301-JR-LA-04,513,2026,PENDIENTE EN TRÁMITE,TOTAL PENDIENTES AL MES ANTERIOR,AUTO DE SANEAMIENTO QUE NO CONCLUYE EL PROCESO,46140.68056,ORDINARIO,RECONOCIMIENTO DEL DERECHO TUTELADO,Contencioso Administrativo,5,4to Juzgado de Trabajo
00403-2026-0-2301-JR-LA-04,403,2026,PENDIENTE EN TRÁMITE,TOTAL PENDIENTES AL MES ANTERIOR,AUTO DE SANEAMIENTO QUE NO CONCLUYE EL PROCESO,46128.65903,ORDINARIO,DECLARACIÓN DE NULIDAD DE ACTOS ADMINISTRATIVOS,Contencioso Administrativo,5,4to Juzgado de Trabajo
00191-2026-0-2301-JR-LA-04,191,2026,PENDIENTE EN TRÁMITE,TOTAL PENDIENTES AL MES ANTERIOR,AUTO DE SANEAMIENTO QUE NO CONCLUYE EL PROCESO,46120.59931,ORDINARIO,DECLARACIÓN DE NULIDAD DE ACTOS ADMINISTRATIVOS,Contencioso Administrativo,5,4to Juzgado de Trabajo
00054-2026-0-2301-JR-LA-04,54,2026,PENDIENTE EN TRÁMITE,TOTAL PENDIENTES AL MES ANTERIOR,AUTO DE SANEAMIENTO QUE NO CONCLUYE EL PROCESO,46122.675,ORDINARIO,DECLARACIÓN DE NULIDAD DE ACTOS ADMINISTRATIVOS,Contencioso Administrativo,5,4to Juzgado de Trabajo
00231-2026-0-2301-JR-LA-04,231,2026,PENDIENTE EN TRÁMITE,TOTAL PENDIENTES AL MES ANTERIOR,AUTO DE SANEAMIENTO QUE NO CONCLUYE EL PROCESO,46141.69583,ORDINARIO,DECLARACIÓN DE NULIDAD DE ACTOS ADMINISTRATIVOS,Contencioso Administrativo,5,4to Juzgado de Trabajo
00614-2023-0-2301-JR-LA-02,614,2023,PENDIENTE EN TRÁMITE,TOTAL PENDIENTES AL MES ANTERIOR,AUTO PUESTO A DESPACHO PARA SENTENCIAR(ULTIMA SENTENCIA) (INV.202501),46085.71181,ORDINARIO,RESTABLECIMIENTO DEL DERECHO TUTELADO,Contencioso Administrativo,5,4to Juzgado de Trabajo
00240-2026-0-2301-JR-LA-04,240,2026,PENDIENTE EN TRÁMITE,TOTAL PENDIENTES AL MES ANTERIOR,AUTO DE SANEAMIENTO QUE NO CONCLUYE EL PROCESO,46118.66319,ORDINARIO,DECLARACIÓN DE NULIDAD DE ACTOS ADMINISTRATIVOS,Contencioso Administrativo,5,4to Juzgado de Trabajo
00370-2026-0-2301-JR-LA-04,370,2026,PENDIENTE EN TRÁMITE,TOTAL PENDIENTES AL MES ANTERIOR,AUTO DE SANEAMIENTO QUE NO CONCLUYE EL PROCESO,46119.65833,ORDINARIO,DECLARACIÓN DE NULIDAD DE ACTOS ADMINISTRATIVOS,Contencioso Administrativo,5,4to Juzgado de Trabajo
00147-2026-0-2301-JR-LA-04,147,2026,PENDIENTE EN TRÁMITE,TOTAL PENDIENTES AL MES ANTERIOR,AUTO DE SANEAMIENTO QUE NO CONCLUYE EL PROCESO,46125.72569,ORDINARIO,RECONOCIMIENTO DEL DERECHO TUTELADO,Contencioso Administrativo,5,4to Juzgado de Trabajo
00362-2026-0-2301-JR-LA-04,362,2026,PENDIENTE EN TRÁMITE,TOTAL PENDIENTES AL MES ANTERIOR,AUTO DE SANEAMIENTO QUE NO CONCLUYE EL PROCESO,46119.65903,ORDINARIO,RECONOCIMIENTO DEL DERECHO TUTELADO,Contencioso Administrativo,5,4to Juzgado de Trabajo
01916-2025-0-2301-JR-LA-04,1916,2025,PENDIENTE EN TRÁMITE,TOTAL PENDIENTES AL MES ANTERIOR,AUTO DE SANEAMIENTO QUE NO CONCLUYE EL PROCESO (INV.202501),46105.49792,ORDINARIO,DECLARACIÓN DE NULIDAD DE ACTOS ADMINISTRATIVOS,Contencioso Administrativo,5,4to Juzgado de Trabajo
00328-2026-0-2301-JR-LA-04,328,2026,PENDIENTE EN TRÁMITE,TOTAL PENDIENTES AL MES ANTERIOR,AUTO DE SANEAMIENTO QUE NO CONCLUYE EL PROCESO,46132.31458,ORDINARIO,DECLARACIÓN DE NULIDAD DE ACTOS ADMINISTRATIVOS,Contencioso Administrativo,5,4to Juzgado de Trabajo
00242-2026-0-2301-JR-LA-04,242,2026,PENDIENTE EN TRÁMITE,TOTAL PENDIENTES AL MES ANTERIOR,AUTO DE SANEAMIENTO QUE NO CONCLUYE EL PROCESO,46119.65486,ORDINARIO,DECLARACIÓN DE NULIDAD DE ACTOS ADMINISTRATIVOS,Contencioso Administrativo,5,4to Juzgado de Trabajo
01773-2025-0-2301-JR-LA-04,1773,2025,PENDIENTE EN TRÁMITE,TOTAL PENDIENTES AL MES ANTERIOR,DECRETO PUESTO A DESPACHO PARA SENTENCIAR(ULTIMA SENTENCIA) (INV.202501),46127.64583,ORDINARIO,DECLARACIÓN DE NULIDAD DE ACTOS ADMINISTRATIVOS,Contencioso Administrativo,5,4to Juzgado de Trabajo
01999-2025-0-2301-JR-CI-03,1999,2025,PENDIENTE EN TRÁMITE,TOTAL PENDIENTES AL MES ANTERIOR,AUTO DE SANEAMIENTO QUE NO CONCLUYE EL PROCESO (INV.202501),46080.33403,ORDINARIO,DECLARACIÓN DE NULIDAD DE ACTOS ADMINISTRATIVOS,Contencioso Administrativo,5,4to Juzgado de Trabajo
00287-2026-0-2301-JR-LA-03,287,2026,PENDIENTE EN TRÁMITE,TOTAL PENDIENTES AL MES ANTERIOR,AUTO DE SANEAMIENTO QUE NO CONCLUYE EL PROCESO,46129.52778,ORDINARIO,RECONOCIMIENTO DEL DERECHO TUTELADO,Contencioso Administrativo,5,4to Juzgado de Trabajo
01276-2025-0-2301-JR-LA-01,1276,2025,PENDIENTE EN TRÁMITE,TOTAL PENDIENTES AL MES ANTERIOR,DECRETO PUESTO A DESPACHO PARA SENTENCIAR(ULTIMA SENTENCIA) (INV.202501),46097.72292,ORDINARIO,DECLARACIÓN DE INEFICACIA DE ACTOS ADMINISTRATIVOS,Contencioso Administrativo,5,4to Juzgado de Trabajo
00495-2025-0-2301-JR-LA-04,495,2025,PENDIENTE EN TRÁMITE,TOTAL PENDIENTES AL MES ANTERIOR,DECRETO PUESTO A DESPACHO PARA SENTENCIAR(ULTIMA SENTENCIA),46107.71736,ORDINARIO,DECLARACIÓN DE NULIDAD DE ACTOS ADMINISTRATIVOS,Contencioso Administrativo,5,4to Juzgado de Trabajo
00386-2026-0-2301-JR-LA-04,386,2026,PENDIENTE EN TRÁMITE,TOTAL PENDIENTES AL MES ANTERIOR,AUTO DE SANEAMIENTO QUE NO CONCLUYE EL PROCESO,46129.73333,ORDINARIO,RECONOCIMIENTO DEL DERECHO TUTELADO,Contencioso Administrativo,5,4to Juzgado de Trabajo
01474-2025-0-2301-JR-LA-03,1474,2025,PENDIENTE EN TRÁMITE,TOTAL PENDIENTES AL MES ANTERIOR,AUTO DE SANEAMIENTO QUE NO CONCLUYE EL PROCESO (INV.202501),46132.31389,ORDINARIO,RECONOCIMIENTO DEL DERECHO TUTELADO,Contencioso Administrativo,5,4to Juzgado de Trabajo
01490-2025-0-2301-JR-LA-03,1490,2025,PENDIENTE EN TRÁMITE,TOTAL PENDIENTES AL MES ANTERIOR,AUTO DE SANEAMIENTO QUE NO CONCLUYE EL PROCESO (INV.202501),46084.69375,ORDINARIO,DECLARACIÓN DE INEFICACIA DE ACTOS ADMINISTRATIVOS,Contencioso Administrativo,5,4to Juzgado de Trabajo
01833-2025-0-2301-JR-LA-04,1833,2025,PENDIENTE EN TRÁMITE,TOTAL PENDIENTES AL MES ANTERIOR,AUTO DE SANEAMIENTO QUE NO CONCLUYE EL PROCESO (INV.202501),46099.72917,ORDINARIO,DECLARACIÓN DE NULIDAD DE ACTOS ADMINISTRATIVOS,Contencioso Administrativo,5,4to Juzgado de Trabajo
00545-2026-0-2301-JR-LA-04,545,2026,PENDIENTE EN TRÁMITE,TOTAL PENDIENTES AL MES ANTERIOR,AUTO DE SANEAMIENTO QUE NO CONCLUYE EL PROCESO,46135.70625,ORDINARIO,DECLARACIÓN DE NULIDAD DE ACTOS ADMINISTRATIVOS,Contencioso Administrativo,5,4to Juzgado de Trabajo
00112-2026-0-2301-JR-LA-01,112,2026,PENDIENTE EN TRÁMITE,TOTAL PENDIENTES AL MES ANTERIOR,AUTO DE SANEAMIENTO QUE NO CONCLUYE EL PROCESO,46100.71111,ORDINARIO,RECONOCIMIENTO DEL DERECHO TUTELADO,Contencioso Administrativo,5,4to Juzgado de Trabajo
01442-2025-0-2301-JR-LA-01,1442,2025,PENDIENTE EN TRÁMITE,TOTAL PENDIENTES AL MES ANTERIOR,CONTINUA EN TRAMITE (POR SENTENCIAR),46002.55347,ORDINARIO,RECONOCIMIENTO DEL DERECHO TUTELADO,Contencioso Administrativo,5,4to Juzgado de Trabajo
01609-2025-0-2301-JR-LA-04,1609,2025,PENDIENTE EN TRÁMITE,TOTAL PENDIENTES AL MES ANTERIOR,CONTINUA EN TRAMITE (POR SENTENCIAR),46009.72292,ORDINARIO,RECONOCIMIENTO DEL DERECHO TUTELADO,Contencioso Administrativo,5,4to Juzgado de Trabajo
00226-2026-0-2301-JR-LA-04,226,2026,PENDIENTE EN TRÁMITE,TOTAL PENDIENTES AL MES ANTERIOR,AUTO DE SANEAMIENTO QUE NO CONCLUYE EL PROCESO,46121.65069,ORDINARIO,DECLARACIÓN DE NULIDAD DE ACTOS ADMINISTRATIVOS,Contencioso Administrativo,5,4to Juzgado de Trabajo
00065-2026-0-2301-JR-LA-04,65,2026,PENDIENTE EN TRÁMITE,TOTAL PENDIENTES AL MES ANTERIOR,AUTO DE SANEAMIENTO QUE NO CONCLUYE EL PROCESO,46091.675,ORDINARIO,RECONOCIMIENTO DEL DERECHO TUTELADO,Contencioso Administrativo,5,4to Juzgado de Trabajo
00708-2026-0-2301-JR-LA-04,708,2026,NUEVOS ADMITIDOS,TOTAL INGRESOS A TRÁMITE,AUTO ADMISORIO,46170.55833,ORDINARIO,RECONOCIMIENTO DEL DERECHO TUTELADO,Contencioso Administrativo,5,4to Juzgado de Trabajo
00698-2026-0-2301-JR-LA-04,698,2026,NUEVOS ADMITIDOS,TOTAL INGRESOS A TRÁMITE,AUTO ADMISORIO,46170.55903,ORDINARIO,DECLARACIÓN DE NULIDAD DE ACTOS ADMINISTRATIVOS,Contencioso Administrativo,5,4to Juzgado de Trabajo
00690-2026-0-2301-JR-LA-04,690,2026,NUEVOS ADMITIDOS,TOTAL INGRESOS A TRÁMITE,AUTO ADMISORIO,46153.34097,ORDINARIO,RECONOCIMIENTO DEL DERECHO TUTELADO,Contencioso Administrativo,5,4to Juzgado de Trabajo
00688-2026-0-2301-JR-LA-04,688,2026,NUEVOS ADMITIDOS,TOTAL INGRESOS A TRÁMITE,AUTO ADMISORIO,46148.3375,ORDINARIO,CUMPLIMIENTO DE ACTUACIONES DISPUESTA POR ACTO ADMINISTRATIVO,Contencioso Administrativo,5,4to Juzgado de Trabajo
00686-2026-0-2301-JR-LA-01,686,2026,NUEVOS ADMITIDOS,TOTAL INGRESOS A TRÁMITE,AUTO ADMISORIO,46163.65833,URGENTE,CUMPLIMIENTO DE ACTUACIONES DISPUESTA POR ACTO ADMINISTRATIVO,Contencioso Administrativo,5,4to Juzgado de Trabajo
00685-2026-0-2301-JR-LA-03,685,2026,NUEVOS ADMITIDOS,TOTAL INGRESOS A TRÁMITE,AUTO ADMISORIO,46163.65903,ORDINARIO,DECLARACIÓN DE NULIDAD DE ACTOS ADMINISTRATIVOS,Contencioso Administrativo,5,4to Juzgado de Trabajo
00667-2026-0-2301-JR-LA-04,667,2026,NUEVOS ADMITIDOS,TOTAL INGRESOS A TRÁMITE,AUTO ADMISORIO,46146.70903,ORDINARIO,RECONOCIMIENTO DEL DERECHO TUTELADO,Contencioso Administrativo,5,4to Juzgado de Trabajo
00665-2026-0-2301-JR-LA-04,665,2026,NUEVOS ADMITIDOS,TOTAL INGRESOS A TRÁMITE,AUTO ADMISORIO,46156.70972,ORDINARIO,DECLARACIÓN DE NULIDAD DE ACTOS ADMINISTRATIVOS,Contencioso Administrativo,5,4to Juzgado de Trabajo
00663-2026-0-2301-JR-LA-04,663,2026,NUEVOS ADMITIDOS,TOTAL INGRESOS A TRÁMITE,AUTO ADMISORIO,46146.65833,ORDINARIO,DECLARACIÓN DE NULIDAD DE ACTOS ADMINISTRATIVOS,Contencioso Administrativo,5,4to Juzgado de Trabajo
00647-2026-0-2301-JR-LA-04,647,2026,NUEVOS ADMITIDOS,TOTAL INGRESOS A TRÁMITE,AUTO ADMISORIO,46156.70972,ORDINARIO,RECONOCIMIENTO DEL DERECHO TUTELADO,Contencioso Administrativo,5,4to Juzgado de Trabajo
00639-2026-0-2301-JR-LA-04,639,2026,NUEVOS ADMITIDOS,TOTAL INGRESOS A TRÁMITE,AUTO ADMISORIO,46156.70903,ORDINARIO,DECLARACIÓN DE INEFICACIA DE ACTOS ADMINISTRATIVOS,Contencioso Administrativo,5,4to Juzgado de Trabajo
00599-2026-0-2301-JR-LA-04,599,2026,NUEVOS ADMITIDOS,TOTAL INGRESOS A TRÁMITE,AUTO ADMISORIO,46148.68472,ORDINARIO,DECLARACIÓN DE NULIDAD DE ACTOS ADMINISTRATIVOS,Contencioso Administrativo,5,4to Juzgado de Trabajo
00706-2026-0-2301-JR-LA-04,706,2026,NUEVOS ADMITIDOS,TOTAL INGRESOS A TRÁMITE,AUTO ADMISORIO,46162.34028,ORDINARIO,RECONOCIMIENTO DEL DERECHO TUTELADO,Contencioso Administrativo,5,4to Juzgado de Trabajo
00722-2026-0-2301-JR-LA-04,722,2026,NUEVOS ADMITIDOS,TOTAL INGRESOS A TRÁMITE,AUTO ADMISORIO,46156.33542,ORDINARIO,RECONOCIMIENTO DEL DERECHO TUTELADO,Contencioso Administrativo,5,4to Juzgado de Trabajo
00777-2026-0-2301-JR-LA-04,777,2026,NUEVOS ADMITIDOS,TOTAL INGRESOS A TRÁMITE,AUTO ADMISORIO,46163.34306,ORDINARIO,RECONOCIMIENTO DEL DERECHO TUTELADO,Contencioso Administrativo,5,4to Juzgado de Trabajo
00733-2026-0-2301-JR-LA-04,733,2026,NUEVOS ADMITIDOS,TOTAL INGRESOS A TRÁMITE,AUTO ADMISORIO,46156.71042,ORDINARIO,DECLARACIÓN DE INEFICACIA DE ACTOS ADMINISTRATIVOS,Contencioso Administrativo,5,4to Juzgado de Trabajo
00790-2026-0-2301-JR-LA-04,790,2026,NUEVOS ADMITIDOS,TOTAL INGRESOS A TRÁMITE,AUTO ADMISORIO,46170.55903,ORDINARIO,RECONOCIMIENTO DEL DERECHO TUTELADO,Contencioso Administrativo,5,4to Juzgado de Trabajo
00788-2026-0-2301-JR-LA-04,788,2026,NUEVOS ADMITIDOS,TOTAL INGRESOS A TRÁMITE,AUTO ADMISORIO,46167.67083,ORDINARIO,RECONOCIMIENTO DEL DERECHO TUTELADO,Contencioso Administrativo,5,4to Juzgado de Trabajo
00781-2026-0-2301-JR-LA-04,781,2026,NUEVOS ADMITIDOS,TOTAL INGRESOS A TRÁMITE,AUTO ADMISORIO,46170.69653,ORDINARIO,DECLARACIÓN DE NULIDAD DE ACTOS ADMINISTRATIVOS,Contencioso Administrativo,5,4to Juzgado de Trabajo
00766-2026-0-2301-JR-LA-04,766,2026,NUEVOS ADMITIDOS,TOTAL INGRESOS A TRÁMITE,AUTO ADMISORIO,46163.34028,ORDINARIO,RECONOCIMIENTO DEL DERECHO TUTELADO,Contencioso Administrativo,5,4to Juzgado de Trabajo
00764-2026-0-2301-JR-LA-04,764,2026,NUEVOS ADMITIDOS,TOTAL INGRESOS A TRÁMITE,AUTO ADMISORIO,46163.33958,ORDINARIO,RECONOCIMIENTO DEL DERECHO TUTELADO,Contencioso Administrativo,5,4to Juzgado de Trabajo
00755-2026-0-2301-JR-LA-04,755,2026,NUEVOS ADMITIDOS,TOTAL INGRESOS A TRÁMITE,AUTO ADMISORIO,46163.34375,ORDINARIO,RECONOCIMIENTO DEL DERECHO TUTELADO,Contencioso Administrativo,5,4to Juzgado de Trabajo
00750-2026-0-2301-JR-LA-04,750,2026,NUEVOS ADMITIDOS,TOTAL INGRESOS A TRÁMITE,AUTO ADMISORIO,46163.34028,ORDINARIO,DECLARACIÓN DE NULIDAD DE ACTOS ADMINISTRATIVOS,Contencioso Administrativo,5,4to Juzgado de Trabajo
00740-2026-0-2301-JR-LA-04,740,2026,NUEVOS ADMITIDOS,TOTAL INGRESOS A TRÁMITE,AUTO ADMISORIO,46163.65903,URGENTE,CUMPLIMIENTO DE ACTUACIONES DISPUESTA POR ACTO ADMINISTRATIVO,Contencioso Administrativo,5,4to Juzgado de Trabajo
00738-2026-0-2301-JR-LA-04,738,2026,NUEVOS ADMITIDOS,TOTAL INGRESOS A TRÁMITE,AUTO ADMISORIO,46163.65833,ORDINARIO,DECLARACIÓN DE NULIDAD DE ACTOS ADMINISTRATIVOS,Contencioso Administrativo,5,4to Juzgado de Trabajo
00736-2026-0-2301-JR-LA-04,736,2026,NUEVOS ADMITIDOS,TOTAL INGRESOS A TRÁMITE,AUTO ADMISORIO,46170.55833,ORDINARIO,RECONOCIMIENTO DEL DERECHO TUTELADO,Contencioso Administrativo,5,4to Juzgado de Trabajo
00731-2026-0-2301-JR-LA-04,731,2026,NUEVOS ADMITIDOS,TOTAL INGRESOS A TRÁMITE,AUTO ADMISORIO,46156.71111,ORDINARIO,CUMPLIMIENTO DE ACTUACIONES DISPUESTA POR LEY,Contencioso Administrativo,5,4to Juzgado de Trabajo
00728-2026-0-2301-JR-LA-04,728,2026,NUEVOS ADMITIDOS,TOTAL INGRESOS A TRÁMITE,AUTO ADMISORIO,46163.65972,ORDINARIO,RECONOCIMIENTO DEL DERECHO TUTELADO,Contencioso Administrativo,5,4to Juzgado de Trabajo
00724-2026-0-2301-JR-LA-04,724,2026,NUEVOS ADMITIDOS,TOTAL INGRESOS A TRÁMITE,AUTO ADMISORIO,46155.64861,URGENTE,CUMPLIMIENTO DE ACTUACIONES DISPUESTA POR ACTO ADMINISTRATIVO,Contencioso Administrativo,5,4to Juzgado de Trabajo
00717-2026-0-2301-JR-LA-04,717,2026,NUEVOS ADMITIDOS,TOTAL INGRESOS A TRÁMITE,AUTO ADMISORIO,46163.65972,ORDINARIO,DECLARACIÓN DE NULIDAD DE ACTOS ADMINISTRATIVOS,Contencioso Administrativo,5,4to Juzgado de Trabajo
00715-2026-0-2301-JR-LA-04,715,2026,NUEVOS ADMITIDOS,TOTAL INGRESOS A TRÁMITE,AUTO ADMISORIO,46163.65972,ORDINARIO,DECLARACIÓN DE NULIDAD DE ACTOS ADMINISTRATIVOS,Contencioso Administrativo,5,4to Juzgado de Trabajo
00567-2026-0-2301-JR-LA-04,567,2026,INGRESO DE DEMANDA IMPROCEDENTE/DENUNCIA NO HA LUGAR,TOTAL INGRESOS A TRÁMITE,AUTO IMPROCEDENTE (INGRESA Y RESUELVE),46163.66042,ORDINARIO,RECONOCIMIENTO DEL DERECHO TUTELADO,Contencioso Administrativo,5,4to Juzgado de Trabajo
00682-2026-0-2301-JR-LA-04,682,2026,INGRESO DE DEMANDA IMPROCEDENTE/DENUNCIA NO HA LUGAR,TOTAL INGRESOS A TRÁMITE,AUTO IMPROCEDENTE (INGRESA Y RESUELVE),46163.65972,ORDINARIO,DECLARACIÓN DE NULIDAD DE ACTOS ADMINISTRATIVOS,Contencioso Administrativo,5,4to Juzgado de Trabajo
00712-2026-0-2301-JR-LA-04,712,2026,INGRESO DE DEMANDA IMPROCEDENTE/DENUNCIA NO HA LUGAR,TOTAL INGRESOS A TRÁMITE,AUTO IMPROCEDENTE (INGRESA Y RESUELVE),46155.64861,ORDINARIO,DECLARACIÓN DE NULIDAD DE ACTOS ADMINISTRATIVOS,Contencioso Administrativo,5,4to Juzgado de Trabajo
00859-2024-0-2301-JR-LA-04,859,2024,ANULADA A TRÁMITE / HABER NULIDAD,TOTAL INGRESOS A TRÁMITE,RECEPCION  EN DEPENDENCIA POR APELACION - DEVOLUCION,46169.43264,ORDINARIO,RECONOCIMIENTO DEL DERECHO TUTELADO,Contencioso Administrativo,5,4to Juzgado de Trabajo
01373-2024-0-2301-JR-LA-04,1373,2024,ANULADA A TRÁMITE / HABER NULIDAD,TOTAL INGRESOS A TRÁMITE,RECEPCION  DE SENTENCIA DE VISTA QUE ANULA A TRAMITE,46163.68194,ORDINARIO,DECLARACIÓN DE NULIDAD DE ACTOS ADMINISTRATIVOS,Contencioso Administrativo,5,4to Juzgado de Trabajo
01728-2024-0-2301-JR-LA-01,1728,2024,ANULADA A TRÁMITE / HABER NULIDAD,TOTAL INGRESOS A TRÁMITE,RECEPCION  DE SENTENCIA DE VISTA QUE ANULA A TRAMITE,46154.38333,ORDINARIO,RECONOCIMIENTO DEL DERECHO TUTELADO,Contencioso Administrativo,5,4to Juzgado de Trabajo
00460-2025-0-2301-JR-LA-04,460,2025,ANULADA A TRÁMITE / HABER NULIDAD,TOTAL INGRESOS A TRÁMITE,RECEPCION  DE SENTENCIA DE VISTA QUE ANULA A TRAMITE,46169.64028,ORDINARIO,DECLARACIÓN DE NULIDAD DE ACTOS ADMINISTRATIVOS,Contencioso Administrativo,5,4to Juzgado de Trabajo
01335-2025-0-2301-JR-LA-04,1335,2025,ANULADA A TRÁMITE / HABER NULIDAD,TOTAL INGRESOS A TRÁMITE,RECEPCION  DE SENTENCIA DE VISTA QUE ANULA A TRAMITE,46154.38403,ORDINARIO,DECLARACIÓN DE NULIDAD DE ACTOS ADMINISTRATIVOS,Contencioso Administrativo,5,4to Juzgado de Trabajo
01522-2025-0-2301-JR-LA-04,1522,2025,ANULADA A TRÁMITE / HABER NULIDAD,TOTAL INGRESOS A TRÁMITE,RECEPCION  DE SENTENCIA DE VISTA QUE ANULA A TRAMITE,46154.38403,URGENTE,CUMPLIMIENTO DE ACTUACIONES DISPUESTA POR ACTO ADMINISTRATIVO,Contencioso Administrativo,5,4to Juzgado de Trabajo
00311-2026-0-2301-JR-LA-04,311,2026,ANULADA A TRÁMITE / HABER NULIDAD,TOTAL INGRESOS A TRÁMITE,RECEPCION  EN DEPENDENCIA POR APELACION - DEVOLUCION,46171.65139,ORDINARIO,DECLARACIÓN DE NULIDAD DE ACTOS ADMINISTRATIVOS,Contencioso Administrativo,5,4to Juzgado de Trabajo
00659-2026-0-2301-JR-LA-04,659,2026,PENDIENTE EN TRÁMITE,TOTAL PENDIENTES AL MES ANTERIOR,AUTO ADMISORIO,46141.66944,ORDINARIO,RESTABLECIMIENTO DEL DERECHO TUTELADO,Previsional,5,4to Juzgado de Trabajo
00456-2026-0-2301-JR-LA-01,456,2026,PENDIENTE EN TRÁMITE,TOTAL PENDIENTES AL MES ANTERIOR,AUTO ADMISORIO,46125.42708,ORDINARIO,RESTABLECIMIENTO DEL DERECHO TUTELADO,Previsional,5,4to Juzgado de Trabajo
01905-2025-0-2301-JR-LA-04,1905,2025,PENDIENTE EN TRÁMITE,TOTAL PENDIENTES AL MES ANTERIOR,CONTINUA EN TRAMITE (1RA INSTANCIA),46021.40694,ORDINARIO,DECLARACIÓN DE NULIDAD DE ACTOS ADMINISTRATIVOS,Previsional,5,4to Juzgado de Trabajo
00596-2026-0-2301-JR-LA-04,596,2026,PENDIENTE EN TRÁMITE,TOTAL PENDIENTES AL MES ANTERIOR,AUTO ADMISORIO,46132.68681,ORDINARIO,RESTABLECIMIENTO DEL DERECHO TUTELADO,Previsional,5,4to Juzgado de Trabajo
00657-2026-0-2301-JR-LA-04,657,2026,PENDIENTE EN TRÁMITE,TOTAL PENDIENTES AL MES ANTERIOR,AUTO ADMISORIO,46141.66944,ORDINARIO,RESTABLECIMIENTO DEL DERECHO TUTELADO,Previsional,5,4to Juzgado de Trabajo
00580-2026-0-2301-JR-LA-03,580,2026,PENDIENTE EN TRÁMITE,TOTAL PENDIENTES AL MES ANTERIOR,AUTO ADMISORIO,46141.66944,ORDINARIO,RESTABLECIMIENTO DEL DERECHO TUTELADO,Previsional,5,4to Juzgado de Trabajo
01782-2025-0-2301-JR-LA-04,1782,2025,PENDIENTE EN TRÁMITE,TOTAL PENDIENTES AL MES ANTERIOR,CONTINUA EN TRAMITE (1RA INSTANCIA),46006.47917,ORDINARIO,RESTABLECIMIENTO DEL DERECHO TUTELADO,Previsional,5,4to Juzgado de Trabajo
00439-2026-0-2301-JR-LA-04,439,2026,PENDIENTE EN TRÁMITE,TOTAL PENDIENTES AL MES ANTERIOR,AUTO ADMISORIO,46118.46319,ORDINARIO,RESTABLECIMIENTO DEL DERECHO TUTELADO,Previsional,5,4to Juzgado de Trabajo
00455-2026-0-2301-JR-LA-03,455,2026,PENDIENTE EN TRÁMITE,TOTAL PENDIENTES AL MES ANTERIOR,AUTO ADMISORIO,46125.42708,ORDINARIO,RESTABLECIMIENTO DEL DERECHO TUTELADO,Previsional,5,4to Juzgado de Trabajo
00509-2026-0-2301-JR-LA-04,509,2026,PENDIENTE EN TRÁMITE,TOTAL PENDIENTES AL MES ANTERIOR,AUTO ADMISORIO,46118.46319,ORDINARIO,RESTABLECIMIENTO DEL DERECHO TUTELADO,Previsional,5,4to Juzgado de Trabajo
01329-2025-0-2301-JR-LA-04,1329,2025,PENDIENTE EN TRÁMITE,TOTAL PENDIENTES AL MES ANTERIOR,DECRETO PUESTO A DESPACHO PARA SENTENCIAR(ULTIMA SENTENCIA) (INV.202501),46141.69167,ORDINARIO,RESTABLECIMIENTO DEL DERECHO TUTELADO,Previsional,5,4to Juzgado de Trabajo
00725-2026-0-2301-JR-LA-03,725,2026,NUEVOS ADMITIDOS,TOTAL INGRESOS A TRÁMITE,AUTO ADMISORIO,46167.67083,ORDINARIO,RESTABLECIMIENTO DEL DERECHO TUTELADO,Previsional,5,4to Juzgado de Trabajo
00726-2026-0-2301-JR-LA-01,726,2026,NUEVOS ADMITIDOS,TOTAL INGRESOS A TRÁMITE,AUTO ADMISORIO,46167.55625,ORDINARIO,RESTABLECIMIENTO DEL DERECHO TUTELADO,Previsional,5,4to Juzgado de Trabajo
00748-2026-0-2301-JR-LA-04,748,2026,NUEVOS ADMITIDOS,TOTAL INGRESOS A TRÁMITE,AUTO ADMISORIO,46163.34444,ORDINARIO,RESTABLECIMIENTO DEL DERECHO TUTELADO,Previsional,5,4to Juzgado de Trabajo
